DataCode,RecType,RecYear,Watershed,Plot_num,Transect_id,Species_code,Diam,Transect_position
WPE02,1,2020,2C,5,A,RUPE,0.59,20
WPE02,1,2020,2C,5,A,RUPE,0.63,18
WPE02,1,2020,2C,5,A,RUPE,0.36,14
WPE02,1,2020,2C,5,A,RUPE,0.43,14
WPE02,1,2020,2C,6,A,RUPE,0.41,22
WPE02,1,2020,2C,6,A,CODR,0.65,18
WPE02,1,2020,2C,6,A,CODR,0.71,16
WPE02,1,2020,2C,6,A,CODR,0.43,16
WPE02,1,2020,2C,6,A,CODR,0.77,14
WPE02,1,2020,2C,6,A,CODR,0.67,14
WPE02,1,2020,2C,6,A,CODR,0.56,14
WPE02,1,2020,2C,6,A,RUPE,0.56,14
WPE02,1,2020,2C,6,A,CODR,0.36,12
WPE02,1,2020,2C,6,A,CODR,0.62,12
WPE02,1,2020,2C,6,A,CODR,0.38,12
WPE02,1,2020,2C,10,A,CODR,0.48,22
WPE02,1,2020,2C,10,A,CODR,0.66,18
WPE02,1,2020,2C,10,A,CODR,0.33,18
WPE02,1,2020,2C,10,A,CODR,0.44,16
WPE02,1,2020,2C,10,A,CODR,0.65,16
WPE02,1,2020,2C,10,A,CODR,0.45,14
WPE02,1,2020,2C,10,A,CODR,0.65,14
WPE02,1,2020,2C,10,A,CODR,0.56,12
WPE02,1,2020,2C,10,A,CODR,0.57,12
WPE02,1,2020,2C,10,A,CODR,0.54,12
WPE02,1,2020,2C,10,A,CODR,0.41,8
WPE02,1,2020,2C,10,A,CODR,0.46,8
WPE02,1,2020,2C,10,A,CODR,0.2,8
WPE02,1,2020,2C,10,A,CODR,0.18,8
WPE02,1,2020,2C,10,A,CODR,0.61,8
WPE02,1,2020,2C,10,A,CODR,0.17,6
WPE02,1,2020,2C,11,A,CODR,0.26,6
WPE02,1,2020,2C,11,A,CODR,0.45,4
WPE02,1,2020,2C,11,A,CODR,0.54,4
WPE02,1,2020,2C,11,A,CODR,0.45,2
WPE02,1,2020,2C,11,A,CODR,0.46,2
WPE02,1,2020,2C,11,A,CODR,0.27,2
WPE02,1,2020,2C,11,C,CODR,0.44,22
WPE02,1,2020,2C,11,C,CODR,0.24,22
WPE02,1,2020,2C,11,C,CODR,0.37,22
WPE02,1,2020,2C,11,C,CODR,0.19,22
WPE02,1,2020,2C,11,C,CODR,0.45,22
WPE02,1,2020,2C,11,C,CODR,0.41,22
WPE02,1,2020,2C,11,C,CODR,0.23,22
WPE02,1,2020,2C,11,C,CODR,0.38,22
WPE02,1,2020,2C,11,C,CODR,0.65,22
WPE02,1,2020,2C,11,C,CODR,0.36,20
WPE02,1,2020,2C,11,C,CODR,0.5,20
WPE02,1,2020,2C,11,C,CODR,0.5,20
WPE02,1,2020,2C,11,C,CODR,0.41,20
WPE02,1,2020,2C,11,C,CODR,0.24,20
WPE02,1,2020,2C,11,C,CODR,0.3,18
WPE02,1,2020,2C,11,C,CODR,0.62,18
WPE02,1,2020,2C,11,C,CODR,0.4,18
WPE02,1,2020,2C,11,C,CODR,0.31,18
WPE02,1,2020,2C,11,C,CODR,0.51,18
WPE02,1,2020,2C,11,C,CODR,0.4,16
WPE02,1,2020,2C,11,C,CODR,0.6,16
WPE02,1,2020,2C,11,C,CODR,0.36,16
WPE02,1,2020,2C,11,C,CODR,0.57,16
WPE02,1,2020,2C,11,C,CODR,0.45,14
WPE02,1,2020,2C,11,C,CODR,0.38,14
WPE02,1,2020,2C,11,C,CODR,0.37,14
WPE02,1,2020,2C,11,C,CODR,0.22,14
WPE02,1,2020,2C,11,C,CODR,0.42,14
WPE02,1,2020,2C,11,C,CODR,0.42,14
WPE02,1,2020,2C,11,C,CODR,0.36,12
WPE02,1,2020,2C,11,C,CODR,0.49,12
WPE02,1,2020,2C,11,C,CODR,0.28,12
WPE02,1,2020,2C,11,C,CODR,0.54,12
WPE02,1,2020,2C,11,C,CODR,0.3,10
WPE02,1,2020,2C,11,C,CODR,0.39,10
WPE02,1,2020,2C,11,C,CODR,0.46,10
WPE02,1,2020,2C,11,C,CODR,0.35,10
WPE02,1,2020,2C,11,C,CODR,0.26,8
WPE02,1,2020,2C,11,C,CODR,0.38,8
WPE02,1,2020,2C,11,C,CODR,0.2,6
WPE02,1,2020,2C,11,C,CODR,0.13,6
WPE02,1,2020,2C,11,C,CODR,0.2,6
WPE02,1,2020,2C,11,C,CODR,0.31,6
WPE02,1,2020,2C,11,C,CODR,0.37,4
WPE02,1,2020,2C,11,C,CODR,0.26,4
WPE02,1,2020,2C,11,C,CODR,0.55,4
WPE02,1,2020,2C,11,C,CODR,0.44,2
WPE02,1,2020,2C,11,C,CODR,0.43,2
WPE02,1,2020,2C,11,C,CODR,0.36,2
WPE02,1,2020,2C,12,A,CODR,0.71,22
WPE02,1,2020,2C,12,A,CODR,0.53,22
WPE02,1,2020,2C,12,A,CODR,0.21,12
WPE02,1,2020,2C,12,A,CODR,0.46,2
WPE02,1,2020,2C,12,A,CODR,0.41,2
WPE02,1,2020,2C,12,B,CODR,0.22,4
WPE02,1,2020,2C,12,B,CODR,0.36,2
WPE02,1,2020,2C,12,B,CODR,0.26,2
WPE02,1,2020,2C,12,B,CODR,0.24,2
WPE02,1,2020,2C,12,B,CODR,0.22,2
WPE02,1,2020,2C,12,B,CODR,0.21,2
WPE02,1,2020,2C,12,B,CODR,0.49,2
WPE02,1,2020,2C,12,B,CODR,0.19,2
WPE02,1,2020,2C,12,B,CODR,0.16,2
WPE02,1,2020,2C,12,B,CODR,0.21,2
WPE02,1,2020,2C,12,C,CODR,0.19,8
WPE02,1,2020,2C,12,C,CODR,0.24,8
WPE02,1,2020,2C,12,C,CODR,0.27,6
WPE02,1,2020,2C,12,C,CODR,0.34,4
WPE02,1,2020,2C,12,C,CODR,0.28,4
WPE02,1,2020,2C,12,C,RUPE,0.31,4
WPE02,1,2020,2C,12,C,RUPE,0.25,4
WPE02,1,2020,2C,12,C,CODR,0.48,2
WPE02,1,2020,2D,2,A,CODR,0.7,2
WPE02,1,2020,2D,2,A,CODR,0.6,2
WPE02,1,2020,2D,2,A,CODR,0.5,12
WPE02,1,2020,2D,2,A,CODR,0.1,14
WPE02,1,2020,2D,2,A,CODR,0.6,18
WPE02,1,2020,2D,2,A,CODR,0.6,18
WPE02,1,2020,2D,2,A,CODR,0.5,18
WPE02,1,2020,2D,2,B,CODR,0.8,2
WPE02,1,2020,2D,2,B,CODR,0.5,2
WPE02,1,2020,2D,2,B,CODR,0.4,2
WPE02,1,2020,2D,2,B,CODR,0.4,2
WPE02,1,2020,2D,2,C,CODR,0.3,4
WPE02,1,2020,2D,2,C,CODR,0.6,4
WPE02,1,2020,2D,2,C,CODR,0.5,4
WPE02,1,2020,2D,2,C,CODR,0.4,4
WPE02,1,2020,2D,2,C,CODR,0.6,2
WPE02,1,2020,2D,2,C,CODR,0.6,2
WPE02,1,2020,2D,2,C,CODR,0.6,2
WPE02,1,2020,2D,2,C,CODR,0.7,2
WPE02,1,2020,2D,2,C,CODR,0.4,2
WPE02,1,2020,2D,2,C,CODR,0.4,2
WPE02,1,2020,2D,3,C,CODR,0.8,8
WPE02,1,2020,2D,3,C,CODR,0.4,8
WPE02,1,2020,2D,3,C,CODR,0.3,10
WPE02,1,2020,2D,3,C,CODR,0.5,12
WPE02,1,2020,2D,3,C,CODR,0.5,12
WPE02,1,2020,2D,3,C,CODR,0.6,12
WPE02,1,2020,2D,3,C,CODR,0.5,12
WPE02,1,2020,2D,3,C,CODR,0.5,12
WPE02,1,2020,2D,3,C,CODR,0.4,14
WPE02,1,2020,2D,3,C,CODR,0.3,14
WPE02,1,2020,2D,3,C,CODR,0.3,16
WPE02,1,2020,2D,3,C,CODR,0.4,16
WPE02,1,2020,2D,4,A,CODR,0.5,6
WPE02,1,2020,2D,4,A,CODR,0.3,6
WPE02,1,2020,2D,6,C,CODR,0.4,12
WPE02,1,2020,2D,7,A,RHGL,0.6,6
WPE02,1,2020,2D,7,A,RHGL,0.6,14
WPE02,1,2020,2D,8,C,RHGL,0.5,16
WPE02,1,2020,2D,8,C,RHGL,0.6,16
WPE02,1,2020,2D,8,C,RHGL,0.6,18
WPE02,1,2020,2D,9,A,PRAM,0.66,6
WPE02,1,2020,2D,11,A,CODR,0.78,10
WPE02,1,2020,2D,11,A,CODR,0.58,10
WPE02,1,2020,2D,11,A,CODR,0.69,10
WPE02,1,2020,2D,12,A,CODR,0.35,8
WPE02,1,2020,2D,12,A,CODR,0.51,6
WPE02,1,2020,2D,12,A,CODR,0.55,6
WPE02,1,2020,2D,12,A,CODR,0.34,6
WPE02,1,2020,4B,1,C,CODR,0.73,22
WPE02,1,2020,4B,1,C,CODR,0.5,22
WPE02,1,2020,4B,1,C,CODR,0.6,16
WPE02,1,2020,4B,1,C,CODR,0.46,16
WPE02,1,2020,4B,1,C,CODR,0.46,16
WPE02,1,2020,4B,1,C,CODR,0.47,16
WPE02,1,2020,4B,1,C,CODR,0.72,14
WPE02,1,2020,4B,1,C,CODR,0.26,14
WPE02,1,2020,4B,1,C,CODR,0.23,14
WPE02,1,2020,4B,2,B,CODR,0.57,2
WPE02,1,2020,4B,2,B,CODR,0.46,2
WPE02,1,2020,4B,2,B,RUPE,0.32,4
WPE02,1,2020,4B,2,B,CODR,0.61,4
WPE02,1,2020,4B,2,B,CODR,0.65,6
WPE02,1,2020,4B,2,B,CODR,0.62,6
WPE02,1,2020,4B,2,B,CODR,0.45,6
WPE02,1,2020,4B,2,B,CODR,0.88,6
WPE02,1,2020,4B,2,B,CODR,0.89,6
WPE02,1,2020,4B,2,B,CODR,0.35,6
WPE02,1,2020,4B,2,B,CODR,0.58,6
WPE02,1,2020,4B,2,B,RUPE,0.43,16
WPE02,1,2020,4B,2,B,RUPE,0.32,16
WPE02,1,2020,4B,2,B,CODR,1.11,20
WPE02,1,2020,4B,2,C,CODR,1.21,22
WPE02,1,2020,4B,2,C,CODR,1.63,18
WPE02,1,2020,4B,2,C,CODR,1.15,16
WPE02,1,2020,4B,2,C,PRAM,0.88,18
WPE02,1,2020,4B,2,C,PRAM,0.67,16
WPE02,1,2020,4B,2,C,PRAM,0.33,14
WPE02,1,2020,4B,2,C,RUPE,0.66,10
WPE02,1,2020,4B,2,C,RUPE,0.73,10
WPE02,1,2020,4B,2,C,CODR,0.45,10
WPE02,1,2020,4B,2,C,CODR,0.8,10
WPE02,1,2020,4B,2,C,CODR,0.5,10
WPE02,1,2020,4B,2,C,CODR,0.14,12
WPE02,1,2020,4B,2,A,CODR,1.07,2
WPE02,1,2020,4B,2,A,CODR,0.5,2
WPE02,1,2020,4B,2,A,CODR,0.73,2
WPE02,1,2020,4B,2,A,CODR,0.42,2
WPE02,1,2020,4B,2,A,CODR,0.93,2
WPE02,1,2020,4B,2,A,CODR,0.94,4
WPE02,1,2020,4B,2,A,CODR,0.77,4
WPE02,1,2020,4B,2,A,CODR,1.09,4
WPE02,1,2020,4B,2,A,CODR,0.31,4
WPE02,1,2020,4B,2,A,RUPE,0.24,4
WPE02,1,2020,4B,2,A,CODR,0.1,6
WPE02,1,2020,4B,2,A,CODR,0.91,6
WPE02,1,2020,4B,2,A,CODR,0.63,6
WPE02,1,2020,4B,2,A,PRAM,0.26,6
WPE02,1,2020,4B,2,A,PRAM,0.44,6
WPE02,1,2020,4B,2,A,CODR,1.15,8
WPE02,1,2020,4B,2,A,CODR,0.88,8
WPE02,1,2020,4B,2,A,CODR,0.98,8
WPE02,1,2020,4B,2,A,CODR,0.4,8
WPE02,1,2020,4B,2,A,PRAM,1.67,8
WPE02,1,2020,4B,2,A,PRAM,1.14,8
WPE02,1,2020,4B,2,A,RUPE,0.23,8
WPE02,1,2020,4B,2,A,CODR,0.12,10
WPE02,1,2020,4B,2,A,CODR,0.67,10
WPE02,1,2020,4B,2,A,RUPE,0.31,10
WPE02,1,2020,4B,2,A,RUPE,0.1,10
WPE02,1,2020,4B,2,A,RUPE,0.4,10
WPE02,1,2020,4B,2,A,RUPE,0.59,10
WPE02,1,2020,4B,2,A,PRAM,0.33,10
WPE02,1,2020,4B,2,A,CODR,0.99,12
WPE02,1,2020,4B,2,A,CODR,0.43,12
WPE02,1,2020,4B,2,A,CODR,0.3,12
WPE02,1,2020,4B,2,A,PRAM,0.11,12
WPE02,1,2020,4B,2,A,RUPE,0.79,12
WPE02,1,2020,4B,2,A,RUPE,0.33,12
WPE02,1,2020,4B,2,A,RUPE,0.71,14
WPE02,1,2020,4B,2,A,RUPE,0.63,14
WPE02,1,2020,4B,2,A,PRAM,0.33,14
WPE02,1,2020,4B,2,A,CODR,0.52,14
WPE02,1,2020,4B,2,A,CODR,0.59,16
WPE02,1,2020,4B,2,A,CODR,0.53,16
WPE02,1,2020,4B,2,A,RUPE,0.42,16
WPE02,1,2020,4B,2,A,CODR,1.92,18
WPE02,1,2020,4B,2,A,CODR,1.84,18
WPE02,1,2020,4B,2,A,RUPE,0.38,18
WPE02,1,2020,4B,2,A,CODR,1.98,20
WPE02,1,2020,4B,2,A,CODR,1.52,20
WPE02,1,2020,4B,2,A,CODR,1.46,20
WPE02,1,2020,4B,2,A,CODR,0.96,20
WPE02,1,2020,4B,2,A,PRAM,0.76,20
WPE02,1,2020,4B,2,A,CODR,0.58,22
WPE02,1,2020,4B,2,A,CODR,1.2,22
WPE02,1,2020,4B,2,A,CODR,0.98,22
WPE02,1,2020,4B,2,A,RUPE,0.52,22
WPE02,1,2020,4B,2,C,PRAM,1.66,2
WPE02,1,2020,4B,2,C,CODR,0.78,2
WPE02,1,2020,4B,2,C,CODR,0.57,4
WPE02,1,2020,4B,2,C,CODR,0.21,4
WPE02,1,2020,4B,2,C,CODR,0.87,4
WPE02,1,2020,4B,2,C,CODR,0.74,6
WPE02,1,2020,4B,2,C,CODR,0.61,6
WPE02,1,2020,4B,2,C,CODR,0.98,6
WPE02,1,2020,4B,2,C,CODR,0.52,6
WPE02,1,2020,4B,2,C,CODR,0.99,8
WPE02,1,2020,4B,2,C,CODR,0.66,8
WPE02,1,2020,4B,2,C,CODR,0.82,8
WPE02,1,2020,4B,2,C,RUPE,0.56,8
WPE02,1,2020,4B,3,B,CODR,0.85,16
WPE02,1,2020,4B,3,B,CODR,0.42,16
WPE02,1,2020,4B,3,B,CODR,0.64,16
WPE02,1,2020,4B,3,B,CODR,0.57,16
WPE02,1,2020,4B,3,B,CODR,0.57,14
WPE02,1,2020,4B,3,B,CODR,1.03,14
WPE02,1,2020,4B,3,B,CODR,0.56,14
WPE02,1,2020,4B,3,B,CODR,0.72,14
WPE02,1,2020,4B,3,B,CODR,0.5,12
WPE02,1,2020,4B,3,B,CODR,0.46,12
WPE02,1,2020,4B,3,B,CODR,0.25,12
WPE02,1,2020,4B,3,B,CODR,0.75,10
WPE02,1,2020,4B,3,B,CODR,0.42,10
WPE02,1,2020,4B,3,B,CODR,0.88,6
WPE02,1,2020,4B,3,B,CODR,0.4,6
WPE02,1,2020,4B,3,B,CODR,0.79,2
WPE02,1,2020,4B,3,C,CODR,0.76,22
WPE02,1,2020,4B,3,C,CODR,1.14,22
WPE02,1,2020,4B,3,C,CODR,1.4,22
WPE02,1,2020,4B,3,C,CODR,1.5,22
WPE02,1,2020,4B,3,C,CODR,1.15,22
WPE02,1,2020,4B,3,A,CODR,0.83,2
WPE02,1,2020,4B,3,A,PRAM,0.55,2
WPE02,1,2020,4B,3,A,PRAM,0.44,2
WPE02,1,2020,4B,3,A,PRAM,0.25,2
WPE02,1,2020,4B,3,A,PRAM,0.26,2
WPE02,1,2020,4B,3,A,CODR,0.82,4
WPE02,1,2020,4B,3,A,CODR,0.44,4
WPE02,1,2020,4B,3,A,CODR,0.78,4
WPE02,1,2020,4B,3,A,PRAM,0.29,4
WPE02,1,2020,4B,3,A,CODR,0.68,6
WPE02,1,2020,4B,3,A,PRAM,0.36,6
WPE02,1,2020,4B,3,A,PRAM,1.14,22
WPE02,1,2020,4B,3,A,PRAM,2.1,20
WPE02,1,2020,4B,3,A,PRAM,1.28,18
WPE02,1,2020,4B,3,A,PRAM,0.69,18
WPE02,1,2020,4B,3,A,PRAM,0.8,18
WPE02,1,2020,4B,3,A,PRAM,2.1,18
WPE02,1,2020,4B,3,A,PRAM,1.47,16
WPE02,1,2020,4B,3,A,PRAM,0.77,14
WPE02,1,2020,4B,3,A,PRAM,0.81,14
WPE02,1,2020,4B,3,A,PRAM,1.06,12
WPE02,1,2020,4B,3,A,PRAM,0.47,12
WPE02,1,2020,4B,3,A,PRAM,1.22,12
WPE02,1,2020,4B,3,A,PRAM,0.38,12
WPE02,1,2020,4B,3,A,PRAM,0.53,10
WPE02,1,2020,4B,3,A,PRAM,0.68,8
WPE02,1,2020,4B,3,A,PRAM,0.53,8
WPE02,1,2020,4B,4,B,PRAM,0.41,10
WPE02,1,2020,4B,4,C,RHGL,0.66,20
WPE02,1,2020,4B,4,C,RHGL,0.79,18
WPE02,1,2020,4B,4,C,RHGL,0.39,18
WPE02,1,2020,4B,4,C,RHGL,1.63,16
WPE02,1,2020,4B,4,C,CODR,0.83,16
WPE02,1,2020,4B,4,C,CODR,1.04,14
WPE02,1,2020,4B,4,C,CODR,0.96,14
WPE02,1,2020,4B,4,C,RHGL,2.18,14
WPE02,1,2020,4B,4,C,RHGL,1.3,12
WPE02,1,2020,4B,4,C,RHGL,1.02,12
WPE02,1,2020,4B,4,C,RHGL,1.22,12
WPE02,1,2020,4B,4,C,RHGL,0.98,12
WPE02,1,2020,4B,4,A,CODR,1.03,22
WPE02,1,2020,4B,4,A,CODR,0.86,22
WPE02,1,2020,4B,4,A,CODR,0.73,22
WPE02,1,2020,4B,4,A,CODR,1,22
WPE02,1,2020,4B,4,A,CODR,0.87,20
WPE02,1,2020,4B,4,A,CODR,0.84,20
WPE02,1,2020,4B,4,A,CODR,0.85,20
WPE02,1,2020,4B,4,A,CODR,0.45,20
WPE02,1,2020,4B,4,A,CODR,0.56,20
WPE02,1,2020,4B,4,A,CODR,0.39,18
WPE02,1,2020,4B,4,A,CODR,0.39,18
WPE02,1,2020,4B,4,A,CODR,0.93,18
WPE02,1,2020,4B,4,A,CODR,0.53,18
WPE02,1,2020,4B,4,A,CODR,0.81,18
WPE02,1,2020,4B,4,A,CODR,0.61,16
WPE02,1,2020,4B,4,A,CODR,0.99,16
WPE02,1,2020,4B,4,A,CODR,0.74,16
WPE02,1,2020,4B,4,A,CODR,0.81,16
WPE02,1,2020,4B,4,A,CODR,0.69,14
WPE02,1,2020,4B,4,A,CODR,1.07,14
WPE02,1,2020,4B,4,A,CODR,0.78,14
WPE02,1,2020,4B,4,A,CODR,0.72,14
WPE02,1,2020,4B,4,A,CODR,0.83,14
WPE02,1,2020,4B,4,A,CODR,0.91,14
WPE02,1,2020,4B,4,A,CODR,0.59,14
WPE02,1,2020,4B,4,A,CODR,0.82,12
WPE02,1,2020,4B,4,A,CODR,0.44,12
WPE02,1,2020,4B,4,A,CODR,0.78,10
WPE02,1,2020,4B,4,A,CODR,0.47,10
WPE02,1,2020,4B,4,A,CODR,0.73,10
WPE02,1,2020,4B,4,A,CODR,0.3,10
WPE02,1,2020,4B,4,A,CODR,0.85,8
WPE02,1,2020,4B,4,A,CODR,0.41,8
WPE02,1,2020,4B,4,A,CODR,0.71,8
WPE02,1,2020,4B,4,A,CODR,0.91,8
WPE02,1,2020,4B,4,A,CODR,0.6,4
WPE02,1,2020,4B,4,A,RHGL,1.06,4
WPE02,1,2020,4B,4,C,RHGL,1.02,10
WPE02,1,2020,4B,4,C,CODR,0.46,10
WPE02,1,2020,4B,4,C,CODR,0.26,10
WPE02,1,2020,4B,4,C,CODR,0.16,10
WPE02,1,2020,4B,4,C,CODR,0.53,10
WPE02,1,2020,4B,5,B,CODR,0.27,18
WPE02,1,2020,4B,5,B,CODR,0.25,18
WPE02,1,2020,4B,5,B,CODR,1.15,18
WPE02,1,2020,4B,5,B,CODR,1.17,16
WPE02,1,2020,4B,5,B,CODR,1.4,16
WPE02,1,2020,4B,5,B,CODR,1.3,16
WPE02,1,2020,4B,5,B,CODR,0.74,16
WPE02,1,2020,4B,5,B,CODR,0.88,16
WPE02,1,2020,4B,5,B,CODR,1.11,14
WPE02,1,2020,4B,5,B,CODR,1.01,14
WPE02,1,2020,4B,5,B,CODR,0.82,14
WPE02,1,2020,4B,5,B,CODR,0.51,14
WPE02,1,2020,4B,5,B,CODR,1.27,12
WPE02,1,2020,4B,5,B,CODR,1.5,12
WPE02,1,2020,4B,5,B,CODR,1.17,12
WPE02,1,2020,4B,5,B,CODR,0.45,12
WPE02,1,2020,4B,5,B,CODR,0.82,12
WPE02,1,2020,4B,5,B,CODR,1.25,10
WPE02,1,2020,4B,5,B,CODR,1.37,10
WPE02,1,2020,4B,5,B,CODR,0.64,10
WPE02,1,2020,4B,5,B,CODR,0.93,8
WPE02,1,2020,4B,5,B,CODR,1.14,8
WPE02,1,2020,4B,5,B,CODR,0.71,8
WPE02,1,2020,4B,5,B,CODR,0.71,8
WPE02,1,2020,4B,5,B,CODR,1.01,6
WPE02,1,2020,4B,5,B,CODR,0.97,6
WPE02,1,2020,4B,5,B,CODR,0.55,6
WPE02,1,2020,4B,5,B,CODR,0.98,6
WPE02,1,2020,4B,5,B,CODR,0.92,4
WPE02,1,2020,4B,5,B,CODR,0.98,4
WPE02,1,2020,4B,5,B,CODR,0.92,4
WPE02,1,2020,4B,5,B,CODR,0.63,4
WPE02,1,2020,4B,5,B,CODR,1.02,4
WPE02,1,2020,4B,5,B,CODR,0.94,4
WPE02,1,2020,4B,5,C,CODR,1.13,16
WPE02,1,2020,4B,5,C,CODR,0.83,16
WPE02,1,2020,4B,5,C,CODR,0.45,16
WPE02,1,2020,4B,5,C,CODR,1.27,12
WPE02,1,2020,4B,5,C,CODR,1.09,12
WPE02,1,2020,4B,5,C,CODR,1.11,10
WPE02,1,2020,4B,5,A,CODR,0.59,20
WPE02,1,2020,4B,5,A,CODR,0.3,20
WPE02,1,2020,4B,5,A,CODR,0.35,20
WPE02,1,2020,4B,5,A,CODR,0.27,20
WPE02,1,2020,4B,5,A,CODR,0.95,18
WPE02,1,2020,4B,5,A,CODR,0.72,16
WPE02,1,2020,4B,5,A,CODR,0.63,16
WPE02,1,2020,4B,5,A,CODR,0.8,14
WPE02,1,2020,4B,5,A,CODR,0.96,14
WPE02,1,2020,4B,5,A,CODR,0.49,14
WPE02,1,2020,4B,5,A,CODR,0.83,12
WPE02,1,2020,4B,5,A,CODR,0.75,12
WPE02,1,2020,4B,5,A,CODR,0.44,12
WPE02,1,2020,4B,5,C,CODR,0.93,22
WPE02,1,2020,4B,5,C,CODR,0.43,22
WPE02,1,2020,4B,5,C,CODR,0.38,22
WPE02,1,2020,4B,5,C,CODR,0.91,20
WPE02,1,2020,4B,5,C,CODR,0.77,20
WPE02,1,2020,4B,5,C,CODR,1.22,20
WPE02,1,2020,4B,5,C,CODR,1.25,20
WPE02,1,2020,4B,5,C,CODR,0.44,20
WPE02,1,2020,4B,5,C,CODR,1.03,18
WPE02,1,2020,4B,5,C,CODR,0.3,18
WPE02,1,2020,4B,5,C,CODR,0.55,18
WPE02,1,2020,4B,5,C,CODR,1.04,18
WPE02,1,2020,4B,5,C,CODR,0.74,18
WPE02,1,2020,4B,5,C,CODR,1.09,18
WPE02,1,2020,4B,5,C,CODR,1.12,18
WPE02,1,2020,4B,6,B,CODR,0.37,18
WPE02,1,2020,4B,6,B,CODR,0.43,18
WPE02,1,2020,4B,6,B,CODR,0.64,16
WPE02,1,2020,4B,6,B,CODR,0.78,16
WPE02,1,2020,4B,6,B,CODR,0.65,16
WPE02,1,2020,4B,6,B,CODR,0.81,16
WPE02,1,2020,4B,6,B,CODR,0.52,16
WPE02,1,2020,4B,6,B,CODR,0.59,16
WPE02,1,2020,4B,6,B,CODR,0.84,16
WPE02,1,2020,4B,6,B,CODR,1.06,14
WPE02,1,2020,4B,6,C,CODR,0.39,22
WPE02,1,2020,4B,6,C,CODR,0.13,20
WPE02,1,2020,4B,6,C,PRAM,0.48,16
WPE02,1,2020,4B,6,C,CODR,0.51,16
WPE02,1,2020,4B,6,C,CODR,0.66,16
WPE02,1,2020,4B,6,C,CODR,0.65,14
WPE02,1,2020,4B,6,C,CODR,0.71,14
WPE02,1,2020,4B,6,C,CODR,0.85,12
WPE02,1,2020,4B,6,A,CODR,0.19,22
WPE02,1,2020,4B,6,A,CODR,0.12,22
WPE02,1,2020,4B,6,A,CODR,0.66,20
WPE02,1,2020,4B,6,A,CODR,0.87,20
WPE02,1,2020,4B,6,A,CODR,0.38,20
WPE02,1,2020,4B,6,A,CODR,0.35,18
WPE02,1,2020,4B,6,A,CODR,0.89,18
WPE02,1,2020,4B,6,A,CODR,0.66,18
WPE02,1,2020,4B,6,A,RHGL,1.32,18
WPE02,1,2020,4B,6,A,CODR,0.54,16
WPE02,1,2020,4B,6,A,CODR,0.42,16
WPE02,1,2020,4B,6,A,CODR,0.83,16
WPE02,1,2020,4B,6,A,CODR,0.65,16
WPE02,1,2020,4B,6,A,CODR,0.77,14
WPE02,1,2020,4B,6,A,CODR,0.7,14
WPE02,1,2020,4B,6,A,CODR,0.68,14
WPE02,1,2020,4B,6,A,CODR,0.6,14
WPE02,1,2020,4B,6,A,CODR,0.14,14
WPE02,1,2020,4B,6,A,CODR,0.57,12
WPE02,1,2020,4B,6,A,CODR,0.63,12
WPE02,1,2020,4B,6,A,CODR,1.1,12
WPE02,1,2020,4B,6,A,CODR,0.4,1
WPE02,1,2020,4B,6,A,CODR,0.86,12
WPE02,1,2020,4B,6,A,CODR,0.28,12
WPE02,1,2020,4B,6,A,CODR,0.32,12
WPE02,1,2020,4B,6,A,CODR,0.68,10
WPE02,1,2020,4B,6,A,CODR,0.76,10
WPE02,1,2020,4B,6,A,CODR,0.71,10
WPE02,1,2020,4B,6,A,CODR,1.5,10
WPE02,1,2020,4B,6,A,CODR,1.25,8
WPE02,1,2020,4B,6,A,CODR,0.65,8
WPE02,1,2020,4B,6,A,CODR,0.75,8
WPE02,1,2020,4B,6,A,CODR,0.78,8
WPE02,1,2020,4B,6,A,CODR,0.91,6
WPE02,1,2020,4B,6,A,CODR,1.02,6
WPE02,1,2020,4B,6,A,CODR,0.42,6
WPE02,1,2020,4B,6,A,RUPE,0.23,6
WPE02,1,2020,4B,6,A,CODR,0.5,2
WPE02,1,2020,4B,6,C,CODR,0.97,2
WPE02,1,2020,4B,6,C,CODR,1.06,2
WPE02,1,2020,4B,6,C,CODR,0.66,2
WPE02,1,2020,4B,7,B,CODR,1.38,22
WPE02,1,2020,4B,7,B,CODR,0.48,22
WPE02,1,2020,4B,7,B,CODR,1.07,22
WPE02,1,2020,4B,7,B,CODR,0.64,22
WPE02,1,2020,4B,7,B,CODR,1.03,20
WPE02,1,2020,4B,7,B,CODR,1.24,20
WPE02,1,2020,4B,7,B,CODR,0.62,20
WPE02,1,2020,4B,7,B,CODR,1.42,18
WPE02,1,2020,4B,7,B,CODR,1.13,18
WPE02,1,2020,4B,7,B,CODR,1.02,18
WPE02,1,2020,4B,7,B,CODR,1.1,18
WPE02,1,2020,4B,7,B,CODR,0.45,18
WPE02,1,2020,4B,7,B,CODR,1.16,16
WPE02,1,2020,4B,7,C,RHGL,0.91,6
WPE02,1,2020,4B,7,C,RUPE,0.51,6
WPE02,1,2020,4B,7,C,CODR,1.11,6
WPE02,1,2020,4B,7,C,CODR,0.19,8
WPE02,1,2020,4B,7,C,CODR,0.53,22
WPE02,1,2020,4B,7,C,CODR,0.63,20
WPE02,1,2020,4B,7,C,CODR,1.05,18
WPE02,1,2020,4B,7,C,CODR,0.69,18
WPE02,1,2020,4B,7,C,CODR,1.12,16
WPE02,1,2020,4B,7,C,CODR,0.69,16
WPE02,1,2020,4B,7,C,CODR,0.56,16
WPE02,1,2020,4B,7,C,RUPE,0.29,16
WPE02,1,2020,4B,7,C,CODR,1.04,14
WPE02,1,2020,4B,7,C,CODR,0.85,14
WPE02,1,2020,4B,7,C,RUPE,0.54,14
WPE02,1,2020,4B,7,C,RUPE,0.41,14
WPE02,1,2020,4B,7,C,CODR,1.26,12
WPE02,1,2020,4B,7,C,CODR,1.05,12
WPE02,1,2020,4B,7,C,CODR,0.75,12
WPE02,1,2020,4B,7,C,RUPE,0.85,12
WPE02,1,2020,4B,7,C,RUPE,0.61,12
WPE02,1,2020,4B,7,C,RUPE,0.62,10
WPE02,1,2020,4B,7,C,RUPE,0.57,10
WPE02,1,2020,4B,7,C,CODR,0.78,10
WPE02,1,2020,4B,8,B,CODR,0.14,8
WPE02,1,2020,4B,8,B,CODR,0.28,20
WPE02,1,2020,4B,8,B,CODR,0.44,20
WPE02,1,2020,4B,8,C,CODR,0.94,22
WPE02,1,2020,4B,8,C,CODR,1.42,22
WPE02,1,2020,4B,8,C,CODR,0.92,22
WPE02,1,2020,4B,8,C,CODR,0.36,22
WPE02,1,2020,4B,8,C,CODR,0.34,22
WPE02,1,2020,4B,8,C,CODR,0.39,22
WPE02,1,2020,4B,8,C,CODR,0.96,22
WPE02,1,2020,4B,8,C,CODR,0.43,20
WPE02,1,2020,4B,8,C,CODR,0.85,20
WPE02,1,2020,4B,8,C,CODR,0.91,20
WPE02,1,2020,4B,8,C,CODR,0.32,20
WPE02,1,2020,4B,8,C,CODR,0.75,18
WPE02,1,2020,4B,8,C,CODR,0.43,18
WPE02,1,2020,4B,8,C,CODR,0.25,16
WPE02,1,2020,4B,9,A,RHGL,1.09,18
WPE02,1,2020,4B,9,A,CODR,0.66,18
WPE02,1,2020,4B,9,A,CODR,0.66,18
WPE02,1,2020,4B,9,A,CODR,0.54,16
WPE02,1,2020,4B,9,A,CODR,0.29,16
WPE02,1,2020,4B,9,A,CODR,0.49,16
WPE02,1,2020,4B,9,A,CODR,0.71,16
WPE02,1,2020,4B,9,A,RHGL,0.73,16
WPE02,1,2020,4B,9,A,RHGL,0.94,14
WPE02,1,2020,4B,9,A,RHGL,0.67,12
WPE02,1,2020,4B,9,A,RHGL,0.8,10
WPE02,1,2020,4B,9,B,RHGL,1.25,2
WPE02,1,2020,4B,9,C,RHGL,1.15,20
WPE02,1,2020,4B,9,C,RHGL,0.42,18
WPE02,1,2020,4B,9,C,RHGL,0.56,16
WPE02,1,2020,4B,9,C,RHGL,0.58,16
WPE02,1,2020,4B,9,C,RHGL,0.73,16
WPE02,1,2020,4B,9,C,RHGL,1.19,14
WPE02,1,2020,4B,9,C,RHGL,0.78,14
WPE02,1,2020,4B,9,C,RHGL,1.07,12
WPE02,1,2020,4B,9,C,RHGL,1.06,6
WPE02,1,2020,4B,9,C,RHGL,1.18,6
WPE02,1,2020,4B,9,A,CODR,0.48,22
WPE02,1,2020,4B,9,A,CODR,0.54,22
WPE02,1,2020,4B,9,A,RHGL,0.83,22
WPE02,1,2020,4B,9,A,RHGL,0.94,22
WPE02,1,2020,4B,9,A,CODR,0.88,20
WPE02,1,2020,4B,9,A,CODR,0.67,20
WPE02,1,2020,4B,9,A,CODR,1.7,20
WPE02,1,2020,4B,9,A,CODR,0.74,20
WPE02,1,2020,4B,9,A,RHGL,1.2,20
WPE02,1,2020,4B,10,B,RHGL,0.97,22
WPE02,1,2020,4B,10,B,RHGL,0.93,22
WPE02,1,2020,4B,10,B,RHGL,1.15,22
WPE02,1,2020,4B,10,B,RHGL,0.94,20
WPE02,1,2020,4B,10,B,RHGL,0.57,20
WPE02,1,2020,4B,10,B,RHGL,0.76,14
WPE02,1,2020,4B,10,B,RHGL,0.67,14
WPE02,1,2020,4B,10,B,RHGL,1.04,12
WPE02,1,2020,4B,10,B,CODR,0.64,10
WPE02,1,2020,4B,10,B,CODR,1.02,10
WPE02,1,2020,4B,10,B,RHGL,0.75,6
WPE02,1,2020,4B,10,C,CODR,1.14,22
WPE02,1,2020,4B,10,C,CODR,0.72,22
WPE02,1,2020,4B,10,C,CODR,0.11,22
WPE02,1,2020,4B,10,C,RUPE,0.5,20
WPE02,1,2020,4B,10,C,CODR,2.14,18
WPE02,1,2020,4B,10,C,CODR,1.57,18
WPE02,1,2020,4B,10,C,RUPE,0.48,18
WPE02,1,2020,4B,10,C,RHGL,1.19,16
WPE02,1,2020,4B,10,C,CODR,1.7,16
WPE02,1,2020,4B,10,C,CODR,1.33,16
WPE02,1,2020,4B,10,C,CODR,1.3,16
WPE02,1,2020,4B,10,C,RUPE,0.71,14
WPE02,1,2020,4B,10,C,RUPE,0.83,12
WPE02,1,2020,4B,10,C,RUPE,0.83,12
WPE02,1,2020,4B,10,C,CODR,0.34,12
WPE02,1,2020,4B,10,C,CODR,0.98,10
WPE02,1,2020,4B,10,C,CODR,1.93,10
WPE02,1,2020,4B,10,C,RUPE,0.63,10
WPE02,1,2020,4B,10,A,CODR,1.01,18
WPE02,1,2020,4B,10,A,RUPE,0.57,18
WPE02,1,2020,4B,10,A,RUPE,0.41,20
WPE02,1,2020,4B,10,A,RUPE,0.57,20
WPE02,1,2020,4B,10,A,RUPE,0.61,20
WPE02,1,2020,4B,10,A,RUPE,0.49,20
WPE02,1,2020,4B,10,A,RHGL,1.6,22
WPE02,1,2020,4B,10,A,CODR,1.16,22
WPE02,1,2020,4B,10,C,CODR,0.38,2
WPE02,1,2020,4B,10,C,CODR,0.97,4
WPE02,1,2020,4B,10,C,CODR,0.86,4
WPE02,1,2020,4B,10,C,RUPE,0.54,4
WPE02,1,2020,4B,10,C,RUPE,0.54,4
WPE02,1,2020,4B,10,C,RUPE,0.36,4
WPE02,1,2020,4B,10,C,CODR,1.05,6
WPE02,1,2020,4B,10,C,CODR,0.64,6
WPE02,1,2020,4B,10,C,CODR,1,6
WPE02,1,2020,4B,10,C,RUPE,0.62,6
WPE02,1,2020,4B,10,C,RUPE,0.44,6
WPE02,1,2020,4B,10,C,CODR,1.4,8
WPE02,1,2020,4B,10,C,CODR,0.75,8
WPE02,1,2020,4B,10,C,RUPE,0.15,8
WPE02,1,2020,4B,10,C,RUPE,0.45,8
WPE02,1,2020,4B,10,A,CODR,0.85,6
WPE02,1,2020,4B,10,A,CODR,1.04,8
WPE02,1,2020,4B,10,A,RIMI,0.4,8
WPE02,1,2020,4B,10,A,RUPE,0.63,8
WPE02,1,2020,4B,10,A,RUPE,0.49,8
WPE02,1,2020,4B,10,A,RUPE,0.28,8
WPE02,1,2020,4B,10,A,RHGL,0.53,8
WPE02,1,2020,4B,10,A,RIMI,0.66,10
WPE02,1,2020,4B,10,A,RIMI,0.43,10
WPE02,1,2020,4B,10,A,RIMI,0.45,10
WPE02,1,2020,4B,10,A,RIMI,0.41,10
WPE02,1,2020,4B,10,A,RIMI,0.49,10
WPE02,1,2020,4B,10,A,RUPE,0.38,10
WPE02,1,2020,4B,10,A,CODR,1.1,10
WPE02,1,2020,4B,10,A,RIMI,0.28,12
WPE02,1,2020,4B,10,A,RIMI,0.31,12
WPE02,1,2020,4B,10,A,RIMI,0.91,12
WPE02,1,2020,4B,10,A,RIMI,0.31,12
WPE02,1,2020,4B,10,A,CODR,0.73,12
WPE02,1,2020,4B,10,A,RUPE,0.75,14
WPE02,1,2020,4B,10,A,RUPE,0.48,14
WPE02,1,2020,4B,10,A,RHGL,0.68,14
WPE02,1,2020,4B,10,A,RUPE,0.56,16
WPE02,1,2020,4B,10,A,RUPE,0.27,16
WPE02,1,2020,4B,10,A,CODR,0.6,16
WPE02,1,2020,4B,10,A,CODR,0.7,16
WPE02,1,2020,4B,11,B,CODR,0.68,22
WPE02,1,2020,4B,11,B,CODR,0.63,22
WPE02,1,2020,4B,11,B,PRAM,0.34,22
WPE02,1,2020,4B,11,B,CODR,1.19,20
WPE02,1,2020,4B,11,B,RHGL,0.85,20
WPE02,1,2020,4B,11,B,RHGL,1.23,20
WPE02,1,2020,4B,11,B,PRAM,0.56,20
WPE02,1,2020,4B,11,B,CODR,0.99,18
WPE02,1,2020,4B,11,B,PRAM,0.81,18
WPE02,1,2020,4B,11,B,PRAM,0.5,18
WPE02,1,2020,4B,11,B,PRAM,0.6,16
WPE02,1,2020,4B,11,B,PRAM,0.52,16
WPE02,1,2020,4B,11,B,CODR,0.63,14
WPE02,1,2020,4B,11,B,PRAM,0.86,12
WPE02,1,2020,4B,11,B,PRAM,0.67,12
WPE02,1,2020,4B,11,A,CODR,0.67,22
WPE02,1,2020,4B,11,A,CODR,0.31,22
WPE02,1,2020,4B,11,A,RHGL,0.58,22
WPE02,1,2020,4B,11,A,RHGL,0.47,20
WPE02,1,2020,4B,11,A,CODR,0.88,20
WPE02,1,2020,4B,11,A,CODR,0.58,20
WPE02,1,2020,4B,11,A,CODR,0.6,18
WPE02,1,2020,4B,11,A,CODR,0.88,16
WPE02,1,2020,4B,11,A,CODR,0.58,16
WPE02,1,2020,4B,11,A,CODR,0.99,16
WPE02,1,2020,4B,11,A,CODR,0.69,16
WPE02,1,2020,4B,11,A,RHGL,0.74,10
WPE02,1,2020,4B,11,A,RHGL,0.93,8
WPE02,1,2020,4B,11,C,CODR,0.9,22
WPE02,1,2020,4B,11,C,CODR,0.34,22
WPE02,1,2020,4B,11,C,CODR,0.83,20
WPE02,1,2020,4B,11,C,CODR,0.82,20
WPE02,1,2020,4B,11,B,CODR,0.74,2
WPE02,1,2020,4B,11,B,CODR,0.61,2
WPE02,1,2020,4B,11,B,CODR,0.35,2
WPE02,1,2020,4B,11,B,PRAM,0.49,4
WPE02,1,2020,4B,11,B,PRAM,0.58,6
WPE02,1,2020,4B,11,B,CODR,0.72,8
WPE02,1,2020,4B,11,B,CODR,0.62,8
WPE02,1,2020,4B,11,B,PRAM,0.7,10
WPE02,1,2020,4B,11,B,PRAM,0.76,12
WPE02,1,2020,4B,11,B,CODR,0.78,12
WPE02,1,2020,4B,11,B,CODR,0.38,12
WPE02,1,2020,4B,11,B,CODR,0.6,12
WPE02,1,2020,4B,12,A,CODR,0.34,8
WPE02,1,2020,4B,12,A,CODR,0.31,8
WPE02,1,2020,4B,12,A,CODR,0.23,6
WPE02,1,2020,4B,12,C,PRAM,0.47,22
WPE02,1,2020,4B,12,C,PRAM,0.51,22
WPE02,1,2020,4B,12,C,PRAM,0.57,22
WPE02,1,2020,4B,12,C,PRAM,0.34,22
WPE02,1,2020,4B,12,C,PRAM,0.6,22
WPE02,1,2020,4B,12,C,PRAM,0.31,22
WPE02,1,2020,4B,12,C,PRAM,0.13,22
WPE02,1,2020,4B,12,C,PRAM,0.25,20
WPE02,1,2020,4B,12,C,PRAM,0.38,20
WPE02,1,2020,4B,12,C,PRAM,0.33,20
WPE02,1,2020,4B,12,C,PRAM,0.37,20
WPE02,1,2020,4B,12,C,PRAM,0.36,18
WPE02,1,2020,4B,12,C,PRAM,0.37,18
WPE02,1,2020,4B,12,C,CODR,0.67,16
WPE02,1,2020,4B,12,C,CODR,0.46,16
WPE02,1,2020,4B,12,C,CODR,0.42,16
WPE02,1,2020,4B,12,C,CODR,0.76,16
WPE02,1,2020,4B,12,C,RHGL,0.46,10
WPE02,1,2020,4B,12,B,CODR,0.29,2
WPE02,1,2020,4B,12,B,CODR,0.63,4
WPE02,1,2020,4B,12,B,CODR,0.32,4
WPE02,1,2020,4B,12,B,CODR,0.44,4
WPE02,1,2020,4B,12,B,CODR,0.37,4
WPE02,1,2020,4B,12,B,CODR,0.46,4
WPE02,1,2020,4B,12,B,CODR,0.47,4
WPE02,1,2020,4B,12,B,CODR,0.5,4
WPE02,1,2020,4B,12,B,CODR,0.95,22
WPE02,1,2020,4B,12,B,CODR,0.36,22
WPE02,1,2020,4B,12,B,CODR,0.86,22
WPE02,1,2020,4B,12,B,CODR,0.66,22
WPE02,1,2020,4B,12,B,CODR,0.37,22
WPE02,1,2020,4B,12,B,CODR,0.48,22
WPE02,1,2020,4B,12,B,CODR,0.44,22
WPE02,1,2020,4B,12,B,CODR,0.39,20
WPE02,1,2020,4B,12,B,CODR,0.25,20
WPE02,1,2020,4B,12,B,CODR,0.18,20
WPE02,1,2020,4B,12,B,PRAM,0.71,18
WPE02,1,2020,4B,12,B,CODR,0.51,18
WPE02,1,2020,4B,12,B,CODR,0.53,18
WPE02,1,2020,4B,12,B,CODR,0.74,16
WPE02,1,2020,4B,12,B,CODR,0.75,14
WPE02,1,2020,4B,12,B,CODR,0.62,14
WPE02,1,2020,4B,12,B,CODR,0.99,14
WPE02,1,2020,4B,12,B,CODR,0.58,12
WPE02,1,2020,4B,12,B,CODR,0.36,12
WPE02,1,2020,4B,12,B,CODR,0.65,10
WPE02,1,2020,4B,12,B,CODR,0.7,10
WPE02,1,2020,4B,12,B,CODR,0.94,10
WPE02,1,2020,4B,12,B,CODR,1.3,10
WPE02,1,2020,4B,12,B,CODR,0.88,10
WPE02,1,2020,4B,12,B,CODR,0.64,10
WPE02,1,2020,4B,12,B,CODR,0.66,10
WPE02,1,2020,4B,12,B,CODR,2.45,10
WPE02,1,2020,4B,12,B,CODR,0.47,10
WPE02,1,2020,4B,12,B,CODR,0.35,10
WPE02,1,2020,4B,12,B,CODR,0.55,10
WPE02,1,2020,4B,12,B,CODR,0.7,10
WPE02,1,2020,4B,12,B,CODR,0.55,10
WPE02,1,2020,4B,12,B,CODR,0.74,8
WPE02,1,2020,4B,12,B,CODR,0.48,8
WPE02,1,2020,4B,12,B,CODR,0.87,8
WPE02,1,2020,4B,12,B,CODR,0.68,8
WPE02,1,2020,4B,12,B,CODR,0.96,8
WPE02,1,2020,4F,1,A,RHGL,0.8,2
WPE02,1,2020,4F,1,A,RHGL,1,2
WPE02,1,2020,4F,1,A,RHGL,0.9,2
WPE02,1,2020,4F,1,C,RHGL,0.8,6
WPE02,1,2020,4F,1,B,RHGL,1.2,2
WPE02,1,2020,4F,1,B,CODR,0.2,22
WPE02,1,2020,4F,1,B,RHGL,1.17,4
WPE02,1,2020,4F,1,B,CODR,0.4,20
WPE02,1,2020,4F,1,B,CODR,0.6,20
WPE02,1,2020,4F,1,B,RHGL,0.87,4
WPE02,1,2020,4F,1,B,CODR,0.6,20
WPE02,1,2020,4F,1,B,CODR,0.3,20
WPE02,1,2020,4F,1,B,CODR,0.6,20
WPE02,1,2020,4F,1,B,RHGL,1,20
WPE02,1,2020,4F,1,B,RHGL,1.25,8
WPE02,1,2020,4F,1,B,RHGL,0.67,8
WPE02,1,2020,4F,1,B,RHGL,0.48,8
WPE02,1,2020,4F,1,B,CODR,0.4,18
WPE02,1,2020,4F,1,B,CODR,0.4,18
WPE02,1,2020,4F,1,B,RHGL,0.6,18
WPE02,1,2020,4F,1,B,RHGL,0.7,18
WPE02,1,2020,4F,1,B,CODR,0.8,18
WPE02,1,2020,4F,1,B,RHGL,0.86,10
WPE02,1,2020,4F,1,B,RHGL,0.9,14
WPE02,1,2020,4F,1,B,RHGL,1,14
WPE02,1,2020,4F,1,B,RHGL,1.1,12
WPE02,1,2020,4F,2,A,RHGL,0.7,2
WPE02,1,2020,4F,2,B,RHGL,0.9,6
WPE02,1,2020,4F,2,B,RHGL,1,6
WPE02,1,2020,4F,2,A,RUPE,0.2,14
WPE02,1,2020,4F,2,B,RHGL,0.9,18
WPE02,1,2020,4F,2,A,RUPE,0.5,18
WPE02,1,2020,4F,2,A,RUPE,0.5,18
WPE02,1,2020,4F,2,A,RHGL,1.1,18
WPE02,1,2020,4F,2,A,RUPE,0.45,18
WPE02,1,2020,4F,2,A,RUPE,0.5,18
WPE02,1,2020,4F,2,C,RHGL,0.5,14
WPE02,1,2020,4F,2,A,RUPE,0.2,22
WPE02,1,2020,4F,3,A,RHGL,0.7,2
WPE02,1,2020,4F,3,A,RHGL,0.9,6
WPE02,1,2020,4F,3,A,RHGL,0.9,6
WPE02,1,2020,4F,3,A,RHGL,0.5,8
WPE02,1,2020,4F,3,A,RHGL,0.6,12
WPE02,1,2020,4F,3,A,RHGL,0.6,14
WPE02,1,2020,4F,3,A,RHGL,0.6,14
WPE02,1,2020,4F,3,A,RHGL,0.6,16
WPE02,1,2020,4F,3,C,RUPE,0.3,14
WPE02,1,2020,4F,4,A,PRAM,0.3,44
WPE02,1,2020,4F,4,B,PRAM,0.7,4
WPE02,1,2020,4F,4,B,PRAM,0.7,14
WPE02,1,2020,4F,4,B,PRAM,0.4,14
WPE02,1,2020,4F,4,B,PRAM,0.6,14
WPE02,1,2020,4F,4,B,PRAM,0.5,14
WPE02,1,2020,4F,4,B,PRAM,0.6,14
WPE02,1,2020,4F,4,B,PRAM,0.77,16
WPE02,1,2020,4F,4,B,PRAM,0.4,16
WPE02,1,2020,4F,4,B,PRAM,0.51,16
WPE02,1,2020,4F,4,B,CODR,0.36,20
WPE02,1,2020,4F,4,B,CODR,0.22,20
WPE02,1,2020,4F,4,B,CODR,0.35,20
WPE02,1,2020,4F,4,B,CODR,0.04,20
WPE02,1,2020,4F,4,B,CODR,0.4,22
WPE02,1,2020,4F,4,B,CODR,0.2,22
WPE02,1,2020,4F,5,A,CODR,0.6,6
WPE02,1,2020,4F,5,A,CODR,0.3,8
WPE02,1,2020,4F,5,A,CODR,0.6,10
WPE02,1,2020,4F,5,A,CODR,0.5,10
WPE02,1,2020,4F,5,A,CODR,0.5,10
WPE02,1,2020,4F,5,C,PRAM,0.6,22
WPE02,1,2020,4F,5,C,PRAM,0.7,22
WPE02,1,2020,4F,5,C,PRAM,0.6,22
WPE02,1,2020,4F,5,C,PRAM,0.4,20
WPE02,1,2020,4F,5,C,PRAM,0.5,20
WPE02,1,2020,4F,5,C,PRAM,0.3,20
WPE02,1,2020,4F,5,C,PRAM,0.5,20
WPE02,1,2020,4F,5,C,PRAM,0.6,18
WPE02,1,2020,4F,5,C,PRAM,0.4,18
WPE02,1,2020,4F,5,C,PRAM,0.3,18
WPE02,1,2020,4F,5,C,PRAM,0.3,18
WPE02,1,2020,4F,5,C,PRAM,0.3,18
WPE02,1,2020,4F,5,C,PRAM,0.5,18
WPE02,1,2020,4F,5,C,PRAM,0.4,18
WPE02,1,2020,4F,5,C,PRAM,0.7,16
WPE02,1,2020,4F,5,C,PRAM,0.5,14
WPE02,1,2020,4F,5,C,PRAM,0.6,14
WPE02,1,2020,4F,5,C,PRAM,0.3,6
WPE02,1,2020,4F,5,C,PRAM,0.4,6
WPE02,1,2020,4F,5,C,PRAM,0.5,6
WPE02,1,2020,4F,5,C,PRAM,0.5,6
WPE02,1,2020,4F,5,C,PRAM,0.3,6
WPE02,1,2020,4F,5,C,PRAM,0.3,6
WPE02,1,2020,4F,5,C,PRAM,0.4,4
WPE02,1,2020,4F,5,C,PRAM,0.7,4
WPE02,1,2020,4F,5,C,PRAM,0.3,2
WPE02,1,2020,4F,5,B,CODR,0.2,4
WPE02,1,2020,4F,5,B,CODR,0.5,4
WPE02,1,2020,4F,5,B,CODR,0.3,4
WPE02,1,2020,4F,5,B,CODR,0.6,6
WPE02,1,2020,4F,5,B,CODR,0.3,6
WPE02,1,2020,4F,5,B,CODR,0.5,6
WPE02,1,2020,4F,5,B,CODR,0.4,6
WPE02,1,2020,4F,5,B,CODR,0.3,6
WPE02,1,2020,4F,5,B,CODR,0.3,8
WPE02,1,2020,4F,5,B,CODR,0.5,8
WPE02,1,2020,4F,5,B,CODR,0.5,8
WPE02,1,2020,4F,5,B,CODR,0.4,20
WPE02,1,2020,4F,5,B,CODR,0.6,20
WPE02,1,2020,4F,5,B,CODR,1.2,22
WPE02,1,2020,4F,5,B,CODR,0.6,22
WPE02,1,2020,4F,5,B,CODR,1.4,22
WPE02,1,2020,4F,5,B,ROAR,0.5,22
WPE02,1,2020,4F,5,B,ROAR,0.5,22
WPE02,1,2020,4F,6,A,CODR,0.4,2
WPE02,1,2020,4F,6,A,CODR,0.3,2
WPE02,1,2020,4F,6,A,CODR,0.5,2
WPE02,1,2020,4F,6,A,CODR,0.4,2
WPE02,1,2020,4F,6,A,RHGL,1,4
WPE02,1,2020,4F,6,A,RHGL,1.2,4
WPE02,1,2020,4F,6,A,RHGL,0.9,12
WPE02,1,2020,4F,6,A,RUPE,0.4,19
WPE02,1,2020,4F,6,A,RHGL,0.9,18
WPE02,1,2020,4F,6,A,CODR,0.5,20
WPE02,1,2020,4F,6,A,CODR,0.5,20
WPE02,1,2020,4F,6,A,CODR,0.5,20
WPE02,1,2020,4F,6,A,CODR,0.4,20
WPE02,1,2020,4F,6,A,RHGL,0.7,22
WPE02,1,2020,4F,6,A,CODR,0.6,22
WPE02,1,2020,4F,6,B,CODR,1.2,4
WPE02,1,2020,4F,6,B,RHGL,0.8,8
WPE02,1,2020,4F,6,B,RHGL,0.8,10
WPE02,1,2020,4F,6,B,RHGL,0.6,16
WPE02,1,2020,4F,6,B,CODR,0.4,22
WPE02,1,2020,4F,6,B,RHGL,0.5,22
WPE02,1,2020,4F,6,C,CODR,0.3,2
WPE02,1,2020,4F,6,C,RHGL,1.5,4
WPE02,1,2020,4F,6,C,RHGL,0.8,6
WPE02,1,2020,4F,6,C,RHGL,0.9,14
WPE02,1,2020,4F,6,C,CODR,0.4,16
WPE02,1,2020,4F,6,C,RUPE,0.2,18
WPE02,1,2020,4F,6,C,CODR,0.7,22
WPE02,1,2020,4F,7,A,RHGL,0.6,4
WPE02,1,2020,4F,7,A,CODR,0.2,4
WPE02,1,2020,4F,7,A,CODR,0.6,6
WPE02,1,2020,4F,7,A,CODR,0.1,8
WPE02,1,2020,4F,7,A,RUPE,0.9,10
WPE02,1,2020,4F,7,A,RUPE,0.5,10
WPE02,1,2020,4F,7,A,CODR,0.4,10
WPE02,1,2020,4F,7,A,RUPE,0.5,10
WPE02,1,2020,4F,7,A,RUPE,0.3,10
WPE02,1,2020,4F,7,A,CODR,0.1,12
WPE02,1,2020,4F,7,B,RHGL,0.9,12
WPE02,1,2020,4F,7,B,RHGL,1,12
WPE02,1,2020,4F,7,A,RHGL,0.7,14
WPE02,1,2020,4F,7,B,RHGL,0.9,14
WPE02,1,2020,4F,7,A,CODR,0.2,14
WPE02,1,2020,4F,7,A,CODR,0.2,14
WPE02,1,2020,4F,7,B,RHGL,0.6,14
WPE02,1,2020,4F,7,A,RHGL,0.7,14
WPE02,1,2020,4F,7,A,RHGL,0.8,16
WPE02,1,2020,4F,7,A,RUPE,0.6,16
WPE02,1,2020,4F,7,A,RUPE,0.4,16
WPE02,1,2020,4F,7,A,RUPE,1.2,16
WPE02,1,2020,4F,7,A,RHGL,0.7,18
WPE02,1,2020,4F,7,A,CODR,0.4,18
WPE02,1,2020,4F,7,A,RUPE,0.7,18
WPE02,1,2020,4F,7,A,RUPE,0.6,18
WPE02,1,2020,4F,7,A,CODR,0.3,18
WPE02,1,2020,4F,7,C,RHGL,1.2,20
WPE02,1,2020,4F,7,C,RHGL,1.2,18
WPE02,1,2020,4F,7,C,RHGL,1,18
WPE02,1,2020,4F,7,A,CODR,0.5,20
WPE02,1,2020,4F,7,C,PRAM,0.5,16
WPE02,1,2020,4F,7,C,PRAM,0.3,16
WPE02,1,2020,4F,7,C,PRAM,0.6,16
WPE02,1,2020,4F,7,C,PRAM,0.4,16
WPE02,1,2020,4F,7,C,PRAM,0.5,16
WPE02,1,2020,4F,7,A,RHGL,1.1,22
WPE02,1,2020,4F,7,A,CODR,0.6,22
WPE02,1,2020,4F,7,A,CODR,0.5,22
WPE02,1,2020,4F,7,C,PRAM,0.7,14
WPE02,1,2020,4F,7,C,PRAM,0.5,14
WPE02,1,2020,4F,7,C,PRAM,0.5,14
WPE02,1,2020,4F,7,C,PRAM,0.4,14
WPE02,1,2020,4F,7,C,PRAM,0.3,14
WPE02,1,2020,4F,7,C,PRAM,0.3,14
WPE02,1,2020,4F,7,C,PRAM,0.3,14
WPE02,1,2020,4F,7,C,PRAM,0.8,12
WPE02,1,2020,4F,7,C,PRAM,0.4,12
WPE02,1,2020,4F,7,C,PRAM,0.6,10
WPE02,1,2020,4F,7,C,PRAM,0.7,10
WPE02,1,2020,4F,7,C,PRAM,0.7,10
WPE02,1,2020,4F,7,C,PRAM,0.3,10
WPE02,1,2020,4F,7,C,PRAM,0.9,10
WPE02,1,2020,4F,7,C,PRAM,0.6,10
WPE02,1,2020,4F,7,C,PRAM,0.7,10
WPE02,1,2020,4F,7,C,PRAM,0.6,10
WPE02,1,2020,4F,7,C,PRAM,0.7,10
WPE02,1,2020,4F,7,C,PRAM,0.3,10
WPE02,1,2020,4F,7,C,PRAM,0.3,10
WPE02,1,2020,4F,7,C,PRAM,0.4,8
WPE02,1,2020,4F,7,C,PRAM,0.4,8
WPE02,1,2020,4F,7,C,PRAM,0.5,8
WPE02,1,2020,4F,7,C,PRAM,0.6,4
WPE02,1,2020,4F,7,C,PRAM,0.4,4
WPE02,1,2020,4F,7,C,PRAM,0.4,4
WPE02,1,2020,4F,7,C,PRAM,0.3,4
WPE02,1,2020,4F,7,C,PRAM,0.4,4
WPE02,1,2020,4F,7,C,PRAM,0.3,6
WPE02,1,2020,4F,7,C,PRAM,0.4,6
WPE02,1,2020,4F,8,A,RHGL,0.7,2
WPE02,1,2020,4F,8,A,RHGL,1.2,6
WPE02,1,2020,4F,8,A,RHGL,0.8,8
WPE02,1,2020,4F,8,A,RHGL,1.2,10
WPE02,1,2020,4F,8,A,RHGL,0.9,10
WPE02,1,2020,4F,8,A,RHGL,1.1,10
WPE02,1,2020,4F,8,A,RHGL,0.9,12
WPE02,1,2020,4F,8,A,RHGL,0.9,12
WPE02,1,2020,4F,8,A,RHGL,1.7,14
WPE02,1,2020,4F,8,B,RHGL,0.7,2
WPE02,1,2020,4F,8,A,RHGL,1.2,18
WPE02,1,2020,4F,8,A,RHGL,0.9,18
WPE02,1,2020,4F,8,A,RHGL,1.4,20
WPE02,1,2020,4F,8,A,CODR,0.5,20
WPE02,1,2020,4F,8,A,RHGL,1.2,20
WPE02,1,2020,4F,8,B,RHGL,1.1,4
WPE02,1,2020,4F,8,A,CODR,0.4,22
WPE02,1,2020,4F,8,A,RHGL,1,22
WPE02,1,2020,4F,8,A,RHGL,1,22
WPE02,1,2020,4F,8,A,RHGL,1.4,22
WPE02,1,2020,4F,8,B,RHGL,0.4,8
WPE02,1,2020,4F,8,C,CODR,0.2,22
WPE02,1,2020,4F,8,C,CODR,0.2,22
WPE02,1,2020,4F,8,C,CODR,0.3,22
WPE02,1,2020,4F,8,C,CODR,0.4,22
WPE02,1,2020,4F,8,C,RHGL,1.1,4
WPE02,1,2020,4F,8,C,CODR,0.4,20
WPE02,1,2020,4F,8,C,CODR,0.4,20
WPE02,1,2020,4F,8,C,CODR,0.3,20
WPE02,1,2020,4F,8,C,CODR,0.4,12
WPE02,1,2020,4F,8,C,CODR,0.7,14
WPE02,1,2020,4F,8,C,CODR,0.5,14
WPE02,1,2020,4F,8,C,CODR,0.3,14
WPE02,1,2020,4F,8,C,CODR,0.4,14
WPE02,1,2020,4F,8,C,CODR,0.3,14
WPE02,1,2020,4F,8,C,CODR,0.5,18
WPE02,1,2020,4F,8,C,CODR,0.2,18
WPE02,1,2020,4F,8,C,CODR,0.3,16
WPE02,1,2020,4F,8,C,CODR,0.2,16
WPE02,1,2020,4F,8,C,CODR,0.3,16
WPE02,1,2020,4F,8,C,CODR,0.7,16
WPE02,1,2020,4F,9,A,CODR,0.5,10
WPE02,1,2020,4F,9,A,RUPE,0.4,10
WPE02,1,2020,4F,9,A,CODR,0.5,8
WPE02,1,2020,4F,9,A,CODR,0.6,8
WPE02,1,2020,4F,9,A,RHGL,0.9,8
WPE02,1,2020,4F,9,A,CODR,0.8,8
WPE02,1,2020,4F,9,A,RUPE,0.3,6
WPE02,1,2020,4F,9,A,RUPE,0.3,6
WPE02,1,2020,4F,9,A,RUPE,0.4,6
WPE02,1,2020,4F,9,A,CODR,0.4,6
WPE02,1,2020,4F,9,B,CODR,0.4,22
WPE02,1,2020,4F,9,B,CODR,0.4,22
WPE02,1,2020,4F,9,B,RHGL,1.2,22
WPE02,1,2020,4F,9,A,CODR,0.5,4
WPE02,1,2020,4F,9,A,CODR,0.4,4
WPE02,1,2020,4F,9,A,CODR,0.4,4
WPE02,1,2020,4F,9,A,CODR,0.6,2
WPE02,1,2020,4F,9,A,CODR,0.8,2
WPE02,1,2020,4F,9,B,CODR,0.2,18
WPE02,1,2020,4F,9,B,RHGL,1.1,16
WPE02,1,2020,4F,9,B,RHGL,1.2,16
WPE02,1,2020,4F,9,B,RHGL,1.2,14
WPE02,1,2020,4F,9,B,RHGL,1.4,10
WPE02,1,2020,4F,9,B,RHGL,1,10
WPE02,1,2020,4F,9,B,RHGL,0.7,10
WPE02,1,2020,4F,9,B,RHGL,0.7,6
WPE02,1,2020,4F,9,B,CODR,0.3,4
WPE02,1,2020,4F,9,B,CODR,0.4,4
WPE02,1,2020,4F,9,B,CODR,0.4,4
WPE02,1,2020,4F,9,B,CODR,0.4,4
WPE02,1,2020,4F,9,C,RHGL,1.1,22
WPE02,1,2020,4F,9,C,RHGL,0.7,18
WPE02,1,2020,4F,9,C,RHGL,0.5,18
WPE02,1,2020,4F,9,B,CODR,0.8,2
WPE02,1,2020,4F,9,B,CODR,0.8,2
WPE02,1,2020,4F,9,C,RHGL,0.6,14
WPE02,1,2020,4F,9,C,CODR,0.8,2
WPE02,1,2020,4F,9,C,CODR,0.8,2
WPE02,1,2020,4F,9,C,CODR,0.8,2
WPE02,1,2020,4F,9,C,CODR,0.8,2
WPE02,1,2020,4F,9,C,CODR,0.4,2
WPE02,1,2020,4F,10,A,CODR,0.4,18
WPE02,1,2020,4F,10,A,RHGL,0.6,18
WPE02,1,2020,4F,10,A,CODR,0.4,16
WPE02,1,2020,4F,10,A,CODR,0.4,16
WPE02,1,2020,4F,10,A,CODR,0.3,16
WPE02,1,2020,4F,10,A,CODR,0.5,16
WPE02,1,2020,4F,10,C,CODR,0.4,20
WPE02,1,2020,4F,10,C,CODR,0.4,20
WPE02,1,2020,4F,10,C,CODR,0.6,16
WPE02,1,2020,4F,10,C,CODR,0.6,16
WPE02,1,2020,4F,10,C,CODR,0.2,14
WPE02,1,2020,4F,10,A,CODR,0.7,14
WPE02,1,2020,4F,10,A,CODR,0.5,14
WPE02,1,2020,4F,10,A,CODR,0.4,14
WPE02,1,2020,4F,10,A,CODR,0.4,14
WPE02,1,2020,4F,10,C,RHGL,0.7,2
WPE02,1,2020,4F,10,C,CODR,0.3,2
WPE02,1,2020,4F,10,C,CODR,0.4,2
WPE02,1,2020,4F,10,A,CODR,0.4,14
WPE02,1,2020,4F,10,A,CODR,0.4,14
WPE02,1,2020,4F,10,A,RUPE,0.3,14
WPE02,1,2020,4F,10,A,CODR,0.6,12
WPE02,1,2020,4F,10,A,CODR,0.6,12
WPE02,1,2020,4F,10,A,CODR,0.4,12
WPE02,1,2020,4F,10,A,CODR,0.6,12
WPE02,1,2020,4F,10,A,CODR,0.5,12
WPE02,1,2020,4F,10,A,CODR,0.2,12
WPE02,1,2020,4F,10,A,RHGL,0.9,10
WPE02,1,2020,4F,10,A,CODR,0.3,10
WPE02,1,2020,4F,10,A,CODR,0.1,10
WPE02,1,2020,4F,10,B,CODR,0.3,2
WPE02,1,2020,4F,10,B,CODR,0.5,2
WPE02,1,2020,4F,10,B,CODR,0.3,2
WPE02,1,2020,4F,10,B,CODR,0.3,2
WPE02,1,2020,4F,10,B,CODR,0.3,2
WPE02,1,2020,4F,10,A,CODR,0.6,8
WPE02,1,2020,4F,10,A,CODR,0.3,8
WPE02,1,2020,4F,10,A,CODR,0.5,8
WPE02,1,2020,4F,10,A,CODR,0.3,8
WPE02,1,2020,4F,10,A,CODR,0.4,8
WPE02,1,2020,4F,10,B,CODR,0.2,4
WPE02,1,2020,4F,10,B,CODR,0.3,4
WPE02,1,2020,4F,10,B,CODR,0.4,4
WPE02,1,2020,4F,10,B,CODR,0.3,4
WPE02,1,2020,4F,10,B,CODR,0.3,4
WPE02,1,2020,4F,10,A,CODR,0.5,6
WPE02,1,2020,4F,10,A,CODR,0.3,6
WPE02,1,2020,4F,10,A,CODR,0.2,6
WPE02,1,2020,4F,10,A,CODR,0.4,6
WPE02,1,2020,4F,10,A,CODR,0.6,6
WPE02,1,2020,4F,10,B,RHGL,0.6,6
WPE02,1,2020,4F,10,A,CODR,0.3,4
WPE02,1,2020,4F,10,A,CODR,0.2,4
WPE02,1,2020,4F,10,A,CODR,0.1,4
WPE02,1,2020,4F,10,A,RHGL,0.7,4
WPE02,1,2020,4F,10,A,CODR,0.3,4
WPE02,1,2020,4F,10,B,RHGL,0.6,8
WPE02,1,2020,4F,10,B,RHGL,0.7,8
WPE02,1,2020,4F,10,B,RHGL,0.9,10
WPE02,1,2020,4F,10,A,CODR,0.7,2
WPE02,1,2020,4F,10,A,CODR,0.4,2
WPE02,1,2020,4F,10,A,CODR,0.5,2
WPE02,1,2020,4F,10,A,CODR,0.4,2
WPE02,1,2020,4F,10,B,RHGL,0.9,6
WPE02,1,2020,4F,10,B,RHGL,0.7,16
WPE02,1,2020,4F,10,B,RHGL,0.8,16
WPE02,1,2020,4F,10,B,RHGL,0.9,22
WPE02,1,2020,4F,10,B,RHGL,0.5,22
WPE02,1,2020,4F,11,B,RHGL,1.13,22
WPE02,1,2020,4F,11,B,PRAM,0.48,8
WPE02,1,2020,4F,11,B,PRAM,0.77,8
WPE02,1,2020,4F,11,B,PRAM,0.6,8
WPE02,1,2020,4F,11,B,PRAM,0.28,8
WPE02,1,2020,4F,12,A,RUPE,0.7,2
WPE02,1,2020,4F,12,A,RUPE,0.42,2
WPE02,1,2020,4F,12,A,RUPE,0.32,2
WPE02,1,2020,4F,12,A,RUPE,0.51,2
WPE02,1,2020,4F,12,A,RUPE,0.87,4
WPE02,1,2020,4F,12,A,RUPE,0.44,4
WPE02,1,2020,4F,12,A,RUPE,0.51,4
WPE02,1,2020,4F,12,A,RHGL,1.56,4
WPE02,1,2020,4F,12,A,RHGL,1.48,8
WPE02,1,2020,4F,12,A,RUPE,0.69,10
WPE02,1,2020,4F,12,A,RUPE,0.66,10
WPE02,1,2020,4F,12,A,RUPE,0.66,12
WPE02,1,2020,4F,12,A,RUPE,0.81,12
WPE02,1,2020,4F,12,A,RUPE,0.28,12
WPE02,1,2020,4F,12,A,RUPE,0.51,16
WPE02,1,2020,4F,12,A,RHGL,0.65,18
WPE02,1,2020,4F,12,A,CODR,0.47,20
WPE02,1,2020,4F,12,A,CODR,0.39,20
WPE02,1,2020,4F,12,B,CODR,0.62,16
WPE02,1,2020,4F,12,B,CODR,0.41,16
WPE02,1,2020,4F,12,B,CODR,0.43,16
WPE02,1,2020,4F,12,B,RHGL,1.46,14
WPE02,1,2020,4F,12,B,RHGL,1.48,8
WPE02,1,2020,4F,12,B,RHGL,0.86,8
WPE02,1,2020,4F,12,B,RHGL,0.88,8
WPE02,1,2020,4F,12,B,RUPE,0.39,6
WPE02,1,2020,4F,12,B,RUPE,0.53,4
WPE02,1,2020,4F,12,B,RUPE,0.47,4
WPE02,1,2020,4F,12,B,RHGL,1.44,4
WPE02,1,2020,4F,12,B,RUPE,0.29,2
WPE02,1,2020,4F,12,B,RUPE,0.28,2
WPE02,1,2020,4F,12,C,RUPE,0.34,2
WPE02,1,2020,4F,12,C,RHGL,1.17,2
WPE02,1,2020,4F,12,C,RUPE,0.34,6
WPE02,1,2020,4F,12,C,RUPE,0.64,8
WPE02,1,2020,4F,12,C,RUPE,0.7,8
WPE02,1,2020,4F,12,C,RUPE,0.65,10
WPE02,1,2020,4F,12,C,RUPE,0.44,10
WPE02,1,2020,4F,12,C,RHGL,1.14,10
WPE02,1,2020,4F,12,C,RUPE,0.65,12
WPE02,1,2020,4F,12,C,RUPE,0.55,14
WPE02,1,2020,4F,12,C,RUPE,0.7,4
WPE02,1,2020,4F,12,C,RUPE,0.57,16
WPE02,1,2020,4F,12,C,RUPE,0.67,16
WPE02,1,2020,4F,12,C,RUPE,0.73,18
WPE02,1,2020,4F,12,C,RUPE,0.41,18
WPE02,1,2020,4F,12,C,RUPE,0.57,20
WPE02,1,2020,K1B,3,A,RHGL,0.5,20
WPE02,1,2020,K1B,4,A,RHGL,0.5,12
WPE02,1,2020,K1B,4,A,RHGL,0.67,12
WPE02,1,2020,K1B,4,A,RHGL,0.68,10
WPE02,1,2020,K1B,4,B,RHGL,0.57,2
WPE02,1,2020,K1B,4,C,RHGL,0.53,2
WPE02,1,2020,K1B,4,A,RHGL,0.5,12
WPE02,1,2020,K1B,4,A,RHGL,0.67,12
WPE02,1,2020,K1B,4,A,RHGL,0.68,10
WPE02,1,2020,K1B,4,B,RHGL,0.57,2
WPE02,1,2020,K1B,4,C,RHGL,0.53,2
WPE02,1,2020,K1B,5,A,RHGL,0.5,12
WPE02,1,2020,K1B,5,B,RHGL,0.5,12
WPE02,1,2020,K1B,5,B,RHGL,0.8,2
WPE02,1,2020,K1B,11,B,CODR,0.28,6
WPE02,1,2020,K1B,11,B,CODR,0.28,6
WPE02,1,2020,K1B,11,B,CODR,0.33,6
WPE02,1,2020,K1B,11,B,CODR,0.18,6
WPE02,1,2020,K1B,11,B,CODR,0.3,20
WPE02,1,2020,K1B,11,C,ZAAM,0.41,22
WPE02,1,2020,K1B,11,C,ZAAM,0.4,22
WPE02,1,2020,K2A,1,A,RHGL,1.6,20
WPE02,1,2020,K2A,1,A,CODR,0.6,20
WPE02,1,2020,K2A,1,A,ZAAM,1.5,18
WPE02,1,2020,K2A,1,B,ZAAM,0.4,18
WPE02,1,2020,K2A,2,A,ZAAM,0.22,16
WPE02,1,2020,K2A,5,C,CODR,0.2,14
WPE02,1,2020,K2A,5,C,CODR,0.2,14
WPE02,1,2020,K2A,5,C,CODR,0.2,14
WPE02,1,2020,K2A,5,C,CODR,0.2,14
WPE02,1,2020,K2A,5,C,CODR,0.32,16
WPE02,1,2020,K2A,12,B,CODR,0.27,8
WPE02,1,2020,K2A,12,B,CODR,0.25,8
WPE02,1,2020,K2A,12,B,CODR,0.11,8
WPE02,1,2020,K4A,1,C,CODR,0.45,10
WPE02,1,2020,K4A,1,C,CODR,0.98,8
WPE02,1,2020,K4A,1,C,CODR,0.59,6
WPE02,1,2020,K4A,1,C,CODR,0.5,6
WPE02,1,2020,K4A,1,C,CODR,0.76,6
WPE02,1,2020,K4A,1,B,PRAM,0.1,14
WPE02,1,2020,K4A,1,B,CODR,0.54,12
WPE02,1,2020,K4A,1,B,CODR,0.86,12
WPE02,1,2020,K4A,1,B,CODR,0.74,12
WPE02,1,2020,K4A,1,B,CODR,0.76,10
WPE02,1,2020,K4A,1,B,CODR,0.86,10
WPE02,1,2020,K4A,1,B,CODR,0.7,10
WPE02,1,2020,K4A,1,B,CODR,1.09,8
WPE02,1,2020,K4A,1,B,CODR,1,8
WPE02,1,2020,K4A,1,B,CODR,1.98,8
WPE02,1,2020,K4A,1,B,CODR,0.81,6
WPE02,1,2020,K4A,1,B,CODR,0.95,6
WPE02,1,2020,K4A,1,B,CODR,1.17,6
WPE02,1,2020,K4A,1,B,CODR,0.72,6
WPE02,1,2020,K4A,1,B,CODR,0.85,6
WPE02,1,2020,K4A,1,B,CODR,0.98,6
WPE02,1,2020,K4A,1,B,CODR,0.68,4
WPE02,1,2020,K4A,1,B,CODR,0.51,4
WPE02,1,2020,K4A,2,A,CODR,0.45,2
WPE02,1,2020,K4A,2,A,CODR,0.92,8
WPE02,1,2020,K4A,2,A,CODR,0.71,10
WPE02,1,2020,K4A,2,A,CODR,0.59,10
WPE02,1,2020,K4A,2,A,CODR,1.18,10
WPE02,1,2020,K4A,2,A,CODR,0.54,10
WPE02,1,2020,K4A,2,A,CODR,1.23,10
WPE02,1,2020,K4A,2,A,CODR,0.84,10
WPE02,1,2020,K4A,2,A,CODR,0.95,10
WPE02,1,2020,K4A,2,A,CODR,1.19,12
WPE02,1,2020,K4A,2,A,CODR,0.92,12
WPE02,1,2020,K4A,2,A,CODR,1.47,12
WPE02,1,2020,K4A,2,A,CODR,1.79,12
WPE02,1,2020,K4A,2,A,CODR,1.2,12
WPE02,1,2020,K4A,2,A,CODR,1.45,6
WPE02,1,2020,K4A,2,A,CODR,1.02,16
WPE02,1,2020,K4A,2,A,CODR,0.88,16
WPE02,1,2020,K4A,2,A,CODR,1.36,16
WPE02,1,2020,K4A,2,A,CODR,1.01,18
WPE02,1,2020,K4A,2,A,RHAR,0.62,20
WPE02,1,2020,K4A,2,A,CODR,0.67,22
WPE02,1,2020,K4A,2,B,CODR,1.31,2
WPE02,1,2020,K4A,2,B,CODR,0.24,2
WPE02,1,2020,K4A,2,B,CODR,0.61,2
WPE02,1,2020,K4A,2,B,CODR,0.37,2
WPE02,1,2020,K4A,2,B,CODR,0.54,4
WPE02,1,2020,K4A,2,B,RHAR,1.3,10
WPE02,1,2020,K4A,2,B,RHAR,1.18,10
WPE02,1,2020,K4A,2,B,RHAR,1.29,10
WPE02,1,2020,K4A,2,B,RHAR,1.01,10
WPE02,1,2020,K4A,2,B,RHAR,0.75,10
WPE02,1,2020,K4A,2,B,RHAR,1.08,10
WPE02,1,2020,K4A,2,B,RHAR,1.28,10
WPE02,1,2020,K4A,2,B,RHAR,1.23,10
WPE02,1,2020,K4A,2,B,RHAR,1.17,10
WPE02,1,2020,K4A,2,B,RHAR,1.01,10
WPE02,1,2020,K4A,2,B,RHAR,1.05,10
WPE02,1,2020,K4A,2,C,CODR,1.17,2
WPE02,1,2020,K4A,2,C,CODR,0.82,2
WPE02,1,2020,K4A,2,C,CODR,1.16,4
WPE02,1,2020,K4A,2,C,CODR,1.12,4
WPE02,1,2020,K4A,2,C,CODR,1.2,6
WPE02,1,2020,K4A,2,C,CODR,0.94,6
WPE02,1,2020,K4A,2,C,CODR,0.77,6
WPE02,1,2020,K4A,2,C,CODR,0.48,6
WPE02,1,2020,K4A,2,C,CODR,0.86,6
WPE02,1,2020,K4A,2,C,CODR,1.15,6
WPE02,1,2020,K4A,2,C,CODR,0.53,6
WPE02,1,2020,K4A,2,C,CODR,0.75,8
WPE02,1,2020,K4A,2,C,RHAR,1.49,12
WPE02,1,2020,K4A,2,C,RHAR,1.53,12
WPE02,1,2020,K4A,2,C,RHAR,1.77,12
WPE02,1,2020,K4A,2,C,RHAR,1.35,12
WPE02,1,2020,K4A,2,C,RHAR,1.25,12
WPE02,1,2020,K4A,2,C,RHAR,1.79,12
WPE02,1,2020,K4A,2,C,PRAM,0.31,18
WPE02,1,2020,K4A,2,C,PRAM,0.69,18
WPE02,1,2020,K4A,2,C,PRAM,0.46,18
WPE02,1,2020,K4A,2,C,PRAM,0.33,20
WPE02,1,2020,K4A,2,C,PRAM,0.33,20
WPE02,1,2020,K4A,2,C,PRAM,0.32,20
WPE02,1,2020,K4A,2,C,PRAM,0.26,20
WPE02,1,2020,K4A,3,B,CODR,0.33,6
WPE02,1,2020,K4A,3,B,CODR,0.32,6
WPE02,1,2020,K4A,3,B,CODR,1.13,6
WPE02,1,2020,K4A,3,B,CODR,0.32,4
WPE02,1,2020,K4A,3,B,CODR,1.3,4
WPE02,1,2020,K4A,3,B,CODR,0.78,4
WPE02,1,2020,K4A,3,B,CODR,0.47,4
WPE02,1,2020,K4A,3,B,CODR,0.53,4
WPE02,1,2020,K4A,3,B,CODR,0.17,4
WPE02,1,2020,K4A,3,B,CODR,1.01,2
WPE02,1,2020,K4A,3,B,CODR,0.32,2
WPE02,1,2020,K4A,3,B,CODR,0.52,2
WPE02,1,2020,K4A,3,B,CODR,0.43,2
WPE02,1,2020,K4A,3,B,CODR,0.35,2
WPE02,1,2020,K4A,3,B,CODR,0.28,2
WPE02,1,2020,K4A,3,B,CODR,0.79,2
WPE02,1,2020,K4A,3,B,CODR,1.04,2
WPE02,1,2020,K4A,3,C,CODR,0.84,2
WPE02,1,2020,K4A,3,C,CODR,1.16,2
WPE02,1,2020,K4A,3,C,CODR,0.73,2
WPE02,1,2020,K4A,3,C,CODR,0.89,2
WPE02,1,2020,K4A,3,C,CODR,0.7,4
WPE02,1,2020,K4A,3,C,CODR,0.61,6
WPE02,1,2020,K4A,3,C,CODR,0.78,6
WPE02,1,2020,K4A,3,C,CODR,1.22,6
WPE02,1,2020,K4A,3,C,CODR,1.11,6
WPE02,1,2020,K4A,3,C,CODR,1.34,6
WPE02,1,2020,K4A,3,C,CODR,1,6
WPE02,1,2020,K4A,3,C,CODR,1.21,8
WPE02,1,2020,K4A,3,C,CODR,2.13,8
WPE02,1,2020,K4A,3,C,CODR,2.18,8
WPE02,1,2020,K4A,3,C,CODR,1.47,8
WPE02,1,2020,K4A,3,C,CODR,1.74,8
WPE02,1,2020,K4A,3,C,XAAM,0.53,8
WPE02,1,2020,K4A,3,C,XAAM,0.41,8
WPE02,1,2020,K4A,3,C,CODR,1.12,10
WPE02,1,2020,K4A,3,C,XAAM,1.18,10
WPE02,1,2020,K4A,3,C,CODR,1.71,12
WPE02,1,2020,K4A,3,C,CODR,0.88,12
WPE02,1,2020,K4A,3,C,CODR,1.07,12
WPE02,1,2020,K4A,3,C,CODR,1.5,12
WPE02,1,2020,K4A,3,C,CODR,0.71,12
WPE02,1,2020,K4A,3,C,CODR,1.23,14
WPE02,1,2020,K4A,3,C,XAAM,1.3,14
WPE02,1,2020,K4A,3,C,XAAM,0.86,16
WPE02,1,2020,K4A,3,C,PRAM,4.34,18
WPE02,1,2020,K4A,3,C,CODR,1.69,20
WPE02,1,2020,K4A,3,C,CODR,0.88,20
WPE02,1,2020,K4A,3,A,CODR,0.66,22
WPE02,1,2020,K4A,3,A,CODR,0.5,22
WPE02,1,2020,K4A,3,A,CODR,1.05,22
WPE02,1,2020,K4A,3,A,CODR,0.52,22
WPE02,1,2020,K4A,3,A,CODR,0.56,22
WPE02,1,2020,K4A,3,A,CODR,0.55,22
WPE02,1,2020,K4A,3,A,CODR,0.57,22
WPE02,1,2020,K4A,3,A,CODR,1.09,20
WPE02,1,2020,K4A,3,A,CODR,1.06,20
WPE02,1,2020,K4A,3,A,PRAM,0.49,16
WPE02,1,2020,K4A,3,A,CODR,0.2,16
WPE02,1,2020,K4A,3,A,CODR,0.35,14
WPE02,1,2020,K4A,3,A,PRAM,0.13,8
WPE02,1,2020,K4A,3,A,CODR,0.72,8
WPE02,1,2020,K4A,3,A,CODR,1.02,6
WPE02,1,2020,K4A,3,A,CODR,1.05,4
WPE02,1,2020,K4A,3,A,CODR,0.53,4
WPE02,1,2020,K4A,3,A,CODR,0.17,4
WPE02,1,2020,K4A,3,A,CODR,0.85,2
WPE02,1,2020,K4A,3,A,CODR,0.48,2
WPE02,1,2020,K4A,3,A,CODR,0.71,2
WPE02,1,2020,K4A,3,A,CODR,0.81,2
WPE02,1,2020,K4A,3,B,CODR,1.42,22
WPE02,1,2020,K4A,3,B,CODR,0.44,22
WPE02,1,2020,K4A,3,B,CODR,0.66,22
WPE02,1,2020,K4A,3,B,PRAM,0.22,20
WPE02,1,2020,K4A,3,B,PRAM,0.36,20
WPE02,1,2020,K4A,3,B,PRAM,1.5,18
WPE02,1,2020,K4A,3,B,PRAM,0.58,18
WPE02,1,2020,K4A,3,B,CODR,0.53,18
WPE02,1,2020,K4A,3,B,CODR,1.53,16
WPE02,1,2020,K4A,3,B,CODR,0.78,16
WPE02,1,2020,K4A,3,B,PRAM,0.17,16
WPE02,1,2020,K4A,3,B,CODR,1.76,14
WPE02,1,2020,K4A,3,B,CODR,0.84,14
WPE02,1,2020,K4A,3,B,CODR,1.07,14
WPE02,1,2020,K4A,3,B,CODR,0.94,12
WPE02,1,2020,K4A,3,B,CODR,1.66,12
WPE02,1,2020,K4A,3,B,CODR,0.94,10
WPE02,1,2020,K4A,3,B,CODR,2.04,10
WPE02,1,2020,K4A,3,B,CODR,1.01,10
WPE02,1,2020,K4A,3,B,CODR,0.87,8
WPE02,1,2020,K4A,3,B,CODR,1.43,6
WPE02,1,2020,K4A,3,B,CODR,0.72,6
WPE02,1,2020,K4A,3,B,CODR,1.07,6
WPE02,1,2020,K4A,4,A,CODR,0.3,22
WPE02,1,2020,K4A,4,A,CODR,0.53,22
WPE02,1,2020,K4A,4,A,CODR,0.52,22
WPE02,1,2020,K4A,4,A,CODR,0.86,20
WPE02,1,2020,K4A,4,A,CODR,0.37,20
WPE02,1,2020,K4A,4,A,CODR,0.37,14
WPE02,1,2020,K4A,4,A,CODR,0.37,14
WPE02,1,2020,K4A,4,A,PRAM,0.61,12
WPE02,1,2020,K4A,4,A,PRAM,1,12
WPE02,1,2020,K4A,4,A,PRAM,0.35,12
WPE02,1,2020,K4A,4,A,PRAM,0.56,12
WPE02,1,2020,K4A,4,A,PRAM,0.52,12
WPE02,1,2020,K4A,4,A,PRAM,0.29,12
WPE02,1,2020,K4A,4,A,CODR,0.74,12
WPE02,1,2020,K4A,4,A,CODR,0.47,10
WPE02,1,2020,K4A,4,A,CODR,0.94,10
WPE02,1,2020,K4A,4,A,CODR,0.94,10
WPE02,1,2020,K4A,4,A,CODR,0.98,8
WPE02,1,2020,K4A,4,A,CODR,0.69,8
WPE02,1,2020,K4A,4,A,CODR,0.62,8
WPE02,1,2020,K4A,4,A,CODR,0.87,8
WPE02,1,2020,K4A,4,A,CODR,1.17,8
WPE02,1,2020,K4A,4,A,CODR,1.09,8
WPE02,1,2020,K4A,4,A,PRAM,0.69,6
WPE02,1,2020,K4A,4,A,PRAM,0.97,6
WPE02,1,2020,K4A,4,A,CODR,0.53,6
WPE02,1,2020,K4A,4,A,PRAM,0.47,6
WPE02,1,2020,K4A,4,A,PRAM,1.15,6
WPE02,1,2020,K4A,4,A,PRAM,0.36,6
WPE02,1,2020,K4A,4,A,PRAM,0.37,6
WPE02,1,2020,K4A,4,A,CODR,0.5,6
WPE02,1,2020,K4A,4,A,CODR,0.44,6
WPE02,1,2020,K4A,4,A,CODR,0.23,4
WPE02,1,2020,K4A,4,B,CODR,0.4,22
WPE02,1,2020,K4A,4,B,PRAM,0.6,22
WPE02,1,2020,K4A,4,B,CODR,0.6,22
WPE02,1,2020,K4A,4,C,CODR,0.47,10
WPE02,1,2020,K4A,4,C,CODR,0.35,10
WPE02,1,2020,K4A,5,A,CODR,0.36,10
WPE02,1,2020,K4A,5,A,CODR,0.26,10
WPE02,1,2020,K4A,5,A,CODR,1.2,10
WPE02,1,2020,K4A,5,A,CODR,0.59,10
WPE02,1,2020,K4A,5,A,CODR,0.1,10
WPE02,1,2020,K4A,5,A,CODR,0.83,10
WPE02,1,2020,K4A,5,A,CODR,0.69,8
WPE02,1,2020,K4A,5,A,CODR,0.97,8
WPE02,1,2020,K4A,5,A,RHAR,0.44,8
WPE02,1,2020,K4A,5,A,RHAR,0.74,8
WPE02,1,2020,K4A,5,A,CODR,0.5,2
WPE02,1,2020,K4A,5,A,CODR,0.68,2
WPE02,1,2020,K4A,5,A,CODR,0.58,2
WPE02,1,2020,K4A,5,A,CODR,0.5,2
WPE02,1,2020,K4A,5,A,CODR,0.27,2
WPE02,1,2020,K4A,5,A,CODR,0.45,2
WPE02,1,2020,K4A,5,A,CODR,0.24,2
WPE02,1,2020,K4A,5,A,CODR,0.35,2
WPE02,1,2020,K4A,5,B,CODR,0.5,16
WPE02,1,2020,K4A,5,B,CODR,0.81,14
WPE02,1,2020,K4A,5,B,CODR,0.86,14
WPE02,1,2020,K4A,5,B,CODR,0.38,14
WPE02,1,2020,K4A,5,B,CODR,0.99,12
WPE02,1,2020,K4A,5,B,CODR,1.01,12
WPE02,1,2020,K4A,5,B,CODR,0.34,8
WPE02,1,2020,K4A,5,B,CODR,0.2,8
WPE02,1,2020,K4A,5,B,CODR,0.34,6
WPE02,1,2020,K4A,5,B,CODR,0.73,4
WPE02,1,2020,K4A,5,B,CODR,0.52,4
WPE02,1,2020,K4A,5,B,CODR,0.72,4
WPE02,1,2020,K4A,5,B,CODR,0.89,2
WPE02,1,2020,K4A,5,B,CODR,0.66,2
WPE02,1,2020,K4A,5,B,CODR,0.49,2
WPE02,1,2020,K4A,5,B,RHGL,0.87,2
WPE02,1,2020,K4A,6,B,CODR,0.71,2
WPE02,1,2020,K4A,6,B,CODR,0.31,2
WPE02,1,2020,K4A,6,B,CODR,0.71,2
WPE02,1,2020,K4A,6,B,CODR,0.39,4
WPE02,1,2020,K4A,6,B,CODR,0.29,4
WPE02,1,2020,K4A,6,B,CODR,0.34,4
WPE02,1,2020,K4A,6,B,CODR,0.68,4
WPE02,1,2020,K4A,6,B,CODR,0.64,6
WPE02,1,2020,K4A,6,B,CODR,0.54,8
WPE02,1,2020,K4A,6,B,CODR,0.8,8
WPE02,1,2020,K4A,6,B,CODR,0.42,8
WPE02,1,2020,K4A,6,B,CODR,0.53,8
WPE02,1,2020,K4A,6,B,CODR,0.31,8
WPE02,1,2020,K4A,6,B,CODR,0.27,8
WPE02,1,2020,K4A,6,B,CODR,0.78,10
WPE02,1,2020,K4A,6,B,CODR,0.23,10
WPE02,1,2020,K4A,6,B,CODR,0.63,10
WPE02,1,2020,K4A,6,B,CODR,0.82,10
WPE02,1,2020,K4A,6,B,CODR,0.19,10
WPE02,1,2020,K4A,6,B,CODR,0.25,10
WPE02,1,2020,K4A,6,B,CODR,0.76,10
WPE02,1,2020,K4A,6,B,CODR,0.63,12
WPE02,1,2020,K4A,6,B,CODR,0.99,12
WPE02,1,2020,K4A,6,B,CODR,0.4,12
WPE02,1,2020,K4A,6,B,CODR,0.9,12
WPE02,1,2020,K4A,6,B,CODR,0.83,12
WPE02,1,2020,K4A,6,B,CODR,0.74,12
WPE02,1,2020,K4A,6,B,CODR,1.03,14
WPE02,1,2020,K4A,6,B,CODR,0.67,14
WPE02,1,2020,K4A,6,B,CODR,0.42,14
WPE02,1,2020,K4A,6,B,CODR,1,16
WPE02,1,2020,K4A,6,B,CODR,0.35,16
WPE02,1,2020,K4A,6,B,CODR,1.12,16
WPE02,1,2020,K4A,6,B,CODR,0.4,16
WPE02,1,2020,K4A,6,B,CODR,0.42,16
WPE02,1,2020,K4A,6,B,CODR,1.07,16
WPE02,1,2020,K4A,6,B,CODR,1.32,18
WPE02,1,2020,K4A,6,B,CODR,0.3,18
WPE02,1,2020,K4A,6,B,CODR,1,20
WPE02,1,2020,K4A,6,B,CODR,1.27,20
WPE02,1,2020,K4A,6,B,CODR,0.6,20
WPE02,1,2020,K4A,6,B,CODR,0.44,20
WPE02,1,2020,K4A,6,C,CODR,0.71,4
WPE02,1,2020,K4A,6,C,CODR,1.04,6
WPE02,1,2020,K4A,6,C,CODR,1.6,8
WPE02,1,2020,K4A,6,C,CODR,1.4,8
WPE02,1,2020,K4A,6,C,CODR,1.89,10
WPE02,1,2020,K4A,6,C,CODR,1.09,10
WPE02,1,2020,K4A,6,C,CODR,0.77,12
WPE02,1,2020,K4A,6,C,CODR,0.86,12
WPE02,1,2020,K4A,6,C,CODR,1.18,12
WPE02,1,2020,K4A,6,C,CODR,0.73,14
WPE02,1,2020,K4A,6,C,CODR,0.69,14
WPE02,1,2020,K4A,6,C,CODR,0.29,14
WPE02,1,2020,K4A,6,C,CODR,1.1,18
WPE02,1,2020,K4A,6,C,CODR,0.87,18
WPE02,1,2020,K4A,6,C,CODR,1.23,18
WPE02,1,2020,K4A,6,C,CODR,0.73,18
WPE02,1,2020,K4A,6,C,RHGL,1.73,20
WPE02,1,2020,K4A,6,C,CODR,1.23,20
WPE02,1,2020,K4A,6,C,CODR,1.44,20
WPE02,1,2020,K4A,6,C,CODR,1.16,22
WPE02,1,2020,K4A,6,C,CODR,0.88,22
WPE02,1,2020,K4A,6,C,CODR,1.28,22
WPE02,1,2020,K4A,6,A,CODR,0.3,2
WPE02,1,2020,K4A,6,A,CODR,0.55,2
WPE02,1,2020,K4A,6,A,CODR,0.54,4
WPE02,1,2020,K4A,6,A,CODR,0.46,4
WPE02,1,2020,K4A,6,A,CODR,0.45,4
WPE02,1,2020,K4A,6,A,CODR,0.5,4
WPE02,1,2020,K4A,6,A,CODR,0.87,4
WPE02,1,2020,K4A,6,A,CODR,0.35,4
WPE02,1,2020,K4A,6,A,CODR,0.67,4
WPE02,1,2020,K4A,6,A,CODR,0.78,8
WPE02,1,2020,K4A,6,A,CODR,0.94,8
WPE02,1,2020,K4A,6,A,CODR,0.54,6
WPE02,1,2020,K4A,6,A,CODR,0.71,6
WPE02,1,2020,K4A,6,A,CODR,0.59,6
WPE02,1,2020,K4A,6,A,CODR,0.44,6
WPE02,1,2020,K4A,7,A,CODR,0.52,22
WPE02,1,2020,K4A,7,A,CODR,0.54,20
WPE02,1,2020,K4A,7,A,CODR,0.36,20
WPE02,1,2020,K4A,7,A,CODR,0.65,18
WPE02,1,2020,K4A,7,A,CODR,0.72,18
WPE02,1,2020,K4A,7,A,CODR,0.66,18
WPE02,1,2020,K4A,7,A,CODR,0.99,18
WPE02,1,2020,K4A,7,A,CODR,1.09,18
WPE02,1,2020,K4A,7,A,CODR,1.01,18
WPE02,1,2020,K4A,7,A,CODR,0.68,18
WPE02,1,2020,K4A,7,A,CODR,0.47,16
WPE02,1,2020,K4A,7,A,CODR,0.61,16
WPE02,1,2020,K4A,7,A,CODR,1.03,16
WPE02,1,2020,K4A,7,A,CODR,0.62,16
WPE02,1,2020,K4A,7,A,CODR,0.8,16
WPE02,1,2020,K4A,7,A,CODR,0.78,14
WPE02,1,2020,K4A,7,A,CODR,0.49,14
WPE02,1,2020,K4A,7,A,CODR,0.88,14
WPE02,1,2020,K4A,7,A,CODR,0.57,14
WPE02,1,2020,K4A,7,A,CODR,0.53,14
WPE02,1,2020,K4A,7,A,CODR,0.94,14
WPE02,1,2020,K4A,7,A,CODR,0.47,14
WPE02,1,2020,K4A,7,A,CODR,0.88,14
WPE02,1,2020,K4A,7,A,CODR,0.69,12
WPE02,1,2020,K4A,7,A,CODR,0.8,12
WPE02,1,2020,K4A,7,A,CODR,0.45,12
WPE02,1,2020,K4A,7,A,CODR,0.39,12
WPE02,1,2020,K4A,7,B,RHGL,0.75,2
WPE02,1,2020,K4A,7,A,CODR,0.54,10
WPE02,1,2020,K4A,7,A,CODR,0.93,10
WPE02,1,2020,K4A,7,A,CODR,0.61,10
WPE02,1,2020,K4A,7,B,RHGL,0.6,6
WPE02,1,2020,K4A,7,A,CODR,0.75,10
WPE02,1,2020,K4A,7,A,CODR,0.45,10
WPE02,1,2020,K4A,7,A,CODR,0.56,10
WPE02,1,2020,K4A,7,A,CODR,0.6,10
WPE02,1,2020,K4A,7,B,RHGL,0.61,10
WPE02,1,2020,K4A,7,A,CODR,0.89,8
WPE02,1,2020,K4A,7,A,CODR,0.84,8
WPE02,1,2020,K4A,7,A,CODR,0.56,8
WPE02,1,2020,K4A,7,A,CODR,0.54,8
WPE02,1,2020,K4A,7,A,CODR,0.8,8
WPE02,1,2020,K4A,7,A,CODR,0.71,8
WPE02,1,2020,K4A,7,B,RHGL,0.86,12
WPE02,1,2020,K4A,7,B,RHGL,0.4,12
WPE02,1,2020,K4A,7,B,RHGL,0.81,12
WPE02,1,2020,K4A,7,B,RHGL,1.27,14
WPE02,1,2020,K4A,7,B,RHGL,0.97,14
WPE02,1,2020,K4A,7,B,RHGL,0.82,14
WPE02,1,2020,K4A,7,A,CODR,0.68,6
WPE02,1,2020,K4A,7,A,CODR,0.46,6
WPE02,1,2020,K4A,7,A,CODR,0.46,6
WPE02,1,2020,K4A,7,A,CODR,0.34,4
WPE02,1,2020,K4A,7,A,CODR,0.62,4
WPE02,1,2020,K4A,7,A,CODR,0.55,4
WPE02,1,2020,K4A,7,A,CODR,0.36,4
WPE02,1,2020,K4A,7,A,CODR,0.41,4
WPE02,1,2020,K4A,7,A,CODR,0.36,4
WPE02,1,2020,K4A,7,A,CODR,0.34,4
WPE02,1,2020,K4A,7,A,CODR,0.43,4
WPE02,1,2020,K4A,7,A,CODR,0.46,4
WPE02,1,2020,K4A,7,A,CODR,0.44,4
WPE02,1,2020,K4A,7,A,CODR,0.62,4
WPE02,1,2020,K4A,7,A,CODR,0.28,4
WPE02,1,2020,K4A,7,A,CODR,0.79,4
WPE02,1,2020,K4A,7,A,CODR,1.26,4
WPE02,1,2020,K4A,7,A,CODR,0.64,2
WPE02,1,2020,K4A,7,A,CODR,0.85,2
WPE02,1,2020,K4A,7,A,CODR,1.16,2
WPE02,1,2020,K4A,7,A,CODR,0.7,2
WPE02,1,2020,K4A,7,A,CODR,0.39,2
WPE02,1,2020,K4A,7,C,CODR,1.24,22
WPE02,1,2020,K4A,7,C,CODR,1.31,22
WPE02,1,2020,K4A,7,C,CODR,1.19,22
WPE02,1,2020,K4A,7,C,CODR,1.1,22
WPE02,1,2020,K4A,7,C,CODR,1.15,22
WPE02,1,2020,K4A,7,C,CODR,0.82,22
WPE02,1,2020,K4A,7,C,CODR,0.96,22
WPE02,1,2020,K4A,7,C,CODR,0.57,22
WPE02,1,2020,K4A,7,C,RHGL,0.83,20
WPE02,1,2020,K4A,7,C,CODR,0.84,20
WPE02,1,2020,K4A,7,C,RHGL,0.75,20
WPE02,1,2020,K4A,7,C,CODR,0.37,20
WPE02,1,2020,K4A,7,C,CODR,0.56,20
WPE02,1,2020,K4A,7,C,CODR,0.62,2
WPE02,1,2020,K4A,7,C,CODR,0.44,2
WPE02,1,2020,K4A,7,C,CODR,0.41,2
WPE02,1,2020,K4A,7,C,RHGL,0.82,18
WPE02,1,2020,K4A,7,C,CODR,0.6,18
WPE02,1,2020,K4A,7,C,CODR,1.06,18
WPE02,1,2020,K4A,7,C,CODR,0.96,18
WPE02,1,2020,K4A,7,C,CODR,0.65,18
WPE02,1,2020,K4A,7,C,CODR,0.71,4
WPE02,1,2020,K4A,7,C,CODR,0.7,16
WPE02,1,2020,K4A,7,C,CODR,0.78,16
WPE02,1,2020,K4A,7,C,CODR,1.1,14
WPE02,1,2020,K4A,7,C,CODR,1.5,14
WPE02,1,2020,K4A,7,C,CODR,0.82,8
WPE02,1,2020,K4A,7,C,CODR,0.95,8
WPE02,1,2020,K4A,7,C,CODR,0.56,8
WPE02,1,2020,K4A,7,C,CODR,0.62,8
WPE02,1,2020,K4A,7,C,CODR,0.71,8
WPE02,1,2020,K4A,7,C,CODR,0.42,8
WPE02,1,2020,K4A,7,C,CODR,0.68,8
WPE02,1,2020,K4A,7,C,CODR,0.35,8
WPE02,1,2020,K4A,7,C,CODR,0.57,8
WPE02,1,2020,K4A,7,C,RHGL,1.47,8
WPE02,1,2020,K4A,7,C,RHGL,1.24,12
WPE02,1,2020,K4A,7,C,CODR,0.8,12
WPE02,1,2020,K4A,7,C,RHGL,1.34,12
WPE02,1,2020,K4A,7,C,CODR,0.51,12
WPE02,1,2020,K4A,7,C,CODR,0.77,10
WPE02,1,2020,K4A,7,C,CODR,0.61,10
WPE02,1,2020,K4A,7,C,CODR,0.87,10
WPE02,1,2020,K4A,7,C,RHGL,1.03,10
WPE02,1,2020,K4A,7,C,RHGL,0.97,10
WPE02,1,2020,K4A,7,C,RHGL,1.14,10
WPE02,1,2020,K4A,8,A,CODR,0.87,2
WPE02,1,2020,K4A,8,A,CODR,0.83,2
WPE02,1,2020,K4A,8,A,CODR,0.63,2
WPE02,1,2020,K4A,8,A,CODR,0.51,2
WPE02,1,2020,K4A,8,A,CODR,0.78,2
WPE02,1,2020,K4A,8,A,CODR,0.25,2
WPE02,1,2020,K4A,8,A,CODR,0.62,2
WPE02,1,2020,K4A,8,A,CODR,0.99,2
WPE02,1,2020,K4A,8,B,RHGL,0.68,2
WPE02,1,2020,K4A,8,A,CODR,0.77,4
WPE02,1,2020,K4A,8,A,CODR,0.79,4
WPE02,1,2020,K4A,8,A,CODR,0.82,4
WPE02,1,2020,K4A,8,A,CODR,0.89,4
WPE02,1,2020,K4A,8,A,CODR,0.53,4
WPE02,1,2020,K4A,8,B,CODR,0.49,4
WPE02,1,2020,K4A,8,B,CODR,0.31,4
WPE02,1,2020,K4A,8,B,CODR,0.38,4
WPE02,1,2020,K4A,8,B,CODR,0.48,4
WPE02,1,2020,K4A,8,A,RHGL,0.54,6
WPE02,1,2020,K4A,8,A,CODR,0.92,6
WPE02,1,2020,K4A,8,A,CODR,0.7,6
WPE02,1,2020,K4A,8,A,CODR,0.64,6
WPE02,1,2020,K4A,8,A,CODR,0.97,6
WPE02,1,2020,K4A,8,A,CODR,0.65,6
WPE02,1,2020,K4A,8,B,CODR,0.33,6
WPE02,1,2020,K4A,8,B,CODR,0.37,6
WPE02,1,2020,K4A,8,B,CODR,0.45,6
WPE02,1,2020,K4A,8,B,CODR,0.44,8
WPE02,1,2020,K4A,8,B,CODR,0.13,8
WPE02,1,2020,K4A,8,A,CODR,0.98,8
WPE02,1,2020,K4A,8,A,CODR,0.92,8
WPE02,1,2020,K4A,8,A,CODR,0.58,8
WPE02,1,2020,K4A,8,A,CODR,1.02,8
WPE02,1,2020,K4A,8,B,CODR,0.35,10
WPE02,1,2020,K4A,8,A,CODR,0.88,10
WPE02,1,2020,K4A,8,A,CODR,0.67,10
WPE02,1,2020,K4A,8,A,CODR,0.89,10
WPE02,1,2020,K4A,8,B,CODR,0.57,22
WPE02,1,2020,K4A,8,B,CODR,0.6,22
WPE02,1,2020,K4A,8,B,CODR,0.87,22
WPE02,1,2020,K4A,8,A,CODR,0.9,12
WPE02,1,2020,K4A,8,A,CODR,0.67,12
WPE02,1,2020,K4A,8,A,CODR,0.55,14
WPE02,1,2020,K4A,8,A,CODR,0.39,14
WPE02,1,2020,K4A,8,C,CODR,0.48,10
WPE02,1,2020,K4A,8,C,CODR,0.32,10
WPE02,1,2020,K4A,8,C,CODR,0.45,10
WPE02,1,2020,K4A,8,C,CODR,0.39,10
WPE02,1,2020,K4A,8,C,CODR,0.23,2
WPE02,1,2020,K4A,8,C,CODR,0.61,2
WPE02,1,2020,K4A,8,C,CODR,0.53,2
WPE02,1,2020,K4A,8,C,CODR,0.32,2
WPE02,1,2020,K4A,8,C,CODR,0.65,2
WPE02,1,2020,K4A,8,C,CODR,0.47,2
WPE02,1,2020,K4A,8,C,CODR,0.5,2
WPE02,1,2020,K4A,8,C,CODR,0.6,2
WPE02,1,2020,K4A,8,C,CODR,0.42,2
WPE02,1,2020,K4A,8,C,CODR,0.46,8
WPE02,1,2020,K4A,8,C,CODR,0.79,6
WPE02,1,2020,K4A,8,C,CODR,0.33,6
WPE02,1,2020,K4A,8,C,CODR,0.56,6
WPE02,1,2020,K4A,8,C,CODR,0.61,6
WPE02,1,2020,K4A,8,C,CODR,0.56,6
WPE02,1,2020,K4A,8,C,CODR,0.34,4
WPE02,1,2020,K4A,8,C,CODR,0.6,4
WPE02,1,2020,K4A,8,C,CODR,0.3,4
WPE02,1,2020,K4A,8,C,CODR,0.41,4
WPE02,1,2020,K4A,8,C,CODR,0.72,4
WPE02,1,2020,K4A,8,C,CODR,0.68,4
WPE02,1,2020,K4A,8,C,CODR,0.56,4
WPE02,1,2020,K4A,8,C,CODR,0.64,4
WPE02,1,2020,K4A,9,A,CODR,0.38,16
WPE02,1,2020,K4A,9,A,CODR,0.27,16
WPE02,1,2020,K4A,9,A,CODR,0.37,16
WPE02,1,2020,K4A,9,A,CODR,0.42,14
WPE02,1,2020,K4A,9,A,CODR,0.48,14
WPE02,1,2020,K4A,9,A,CODR,0.38,14
WPE02,1,2020,K4A,9,A,CODR,0.38,14
WPE02,1,2020,K4A,9,A,CODR,0.6,14
WPE02,1,2020,K4A,9,A,CODR,0.41,14
WPE02,1,2020,K4A,9,A,CODR,0.49,14
WPE02,1,2020,K4A,9,A,CODR,0.73,14
WPE02,1,2020,K4A,9,A,CODR,0.36,14
WPE02,1,2020,K4A,9,A,CODR,0.53,14
WPE02,1,2020,K4A,9,A,CODR,0.34,12
WPE02,1,2020,K4A,9,A,CODR,0.8,12
WPE02,1,2020,K4A,9,A,CODR,1.14,12
WPE02,1,2020,K4A,9,A,CODR,0.68,12
WPE02,1,2020,K4A,9,A,CODR,0.36,12
WPE02,1,2020,K4A,9,A,CODR,0.45,12
WPE02,1,2020,K4A,9,B,CODR,1.17,2
WPE02,1,2020,K4A,9,B,CODR,0.83,2
WPE02,1,2020,K4A,9,B,CODR,0.67,2
WPE02,1,2020,K4A,9,B,CODR,0.6,2
WPE02,1,2020,K4A,9,A,CODR,0.58,10
WPE02,1,2020,K4A,9,A,CODR,0.78,8
WPE02,1,2020,K4A,9,A,CODR,0.51,8
WPE02,1,2020,K4A,9,A,CODR,0.57,8
WPE02,1,2020,K4A,9,A,CODR,0.42,8
WPE02,1,2020,K4A,9,A,CODR,0.65,8
WPE02,1,2020,K4A,9,B,CODR,0.55,6
WPE02,1,2020,K4A,9,A,CODR,1.78,2
WPE02,1,2020,K4A,9,A,CODR,0.84,2
WPE02,1,2020,K4A,9,C,CODR,0.37,18
WPE02,1,2020,K4A,9,C,CODR,0.27,18
WPE02,1,2020,K4A,9,C,CODR,0.26,18
WPE02,1,2020,K4A,9,C,CODR,1.07,2
WPE02,1,2020,K4A,9,C,CODR,0.82,2
WPE02,1,2020,K4A,9,C,CODR,0.57,2
WPE02,1,2020,K4A,9,C,CODR,0.43,14
WPE02,1,2020,K4A,9,C,CODR,0.28,14
WPE02,1,2020,K4A,9,C,CODR,0.46,4
WPE02,1,2020,K4A,9,C,CODR,0.62,12
WPE02,1,2020,K4A,9,C,CODR,0.77,12
WPE02,1,2020,K4A,9,C,CODR,0.41,12
WPE02,1,2020,K4A,9,C,CODR,0.16,8
WPE02,1,2020,K4A,9,C,CODR,0.58,8
WPE02,1,2020,K4A,10,A,CODR,0.24,12
WPE02,1,2020,K4A,10,A,CODR,0.53,6
WPE02,1,2020,K4A,10,B,CODR,0.47,12
WPE02,1,2020,K4A,10,B,CODR,0.32,12
WPE02,1,2020,K4A,10,B,CODR,0.36,12
WPE02,1,2020,K4A,10,B,CODR,0.31,12
WPE02,1,2020,K4A,12,A,CODR,0.3,20
WPE02,1,2020,K4A,12,A,CODR,0.5,22
WPE02,1,2020,K4A,12,A,CODR,0.55,22
WPE02,1,2020,K4A,12,C,CODR,0.31,6
WPE02,1,2020,K4A,12,C,CODR,0.58,4
WPE02,1,2020,K4A,12,C,CODR,0.93,4
WPE02,1,2020,K4A,12,C,CODR,0.66,2
WPE02,1,2020,K4A,12,C,CODR,0.73,2
WPE02,1,2020,N1B,3,B,RHGL,0.8,12
WPE02,1,2020,N1B,7,C,RHGL,0.7,16
WPE02,1,2020,N1B,7,C,RHGL,0.9,16
WPE02,1,2020,N1B,7,C,RHGL,0.7,14
WPE02,1,2020,N1B,8,C,RHGL,0.7,22
WPE02,1,2020,N1B,8,C,RHGL,0.5,16
WPE02,1,2020,N1B,8,C,RHGL,0.4,8
WPE02,1,2020,N1B,9,B,RUPE,0.6,18
WPE02,1,2020,N1B,10,C,RHGL,0.49,20
WPE02,1,2020,N1B,10,C,RHGL,0.35,20
WPE02,1,2020,N1B,10,C,RHGL,0.69,18
WPE02,1,2020,N1B,10,C,RHGL,0.49,14
WPE02,1,2020,N1B,11,C,RHGL,0.52,12
WPE02,1,2020,N1B,12,A,RHGL,0.53,6
WPE02,1,2020,N1B,12,A,RHGL,0.72,6
WPE02,1,2020,N1B,12,A,RHGL,0.61,6
WPE02,1,2020,N1B,12,B,RHGL,0.2,8
WPE02,1,2020,N1B,12,B,CODR,0.18,4
WPE02,1,2020,N1B,12,B,CODR,0.19,4
WPE02,1,2020,N1B,12,B,RHGL,1.07,4
WPE02,1,2020,N1B,13,C,RHGL,0.58,22
WPE02,1,2020,N2A,2,A,CODR,0.28,14
WPE02,1,2020,N2A,3,A,CODR,0.27,2
WPE02,1,2020,N2A,3,A,CODR,0.19,2
WPE02,1,2020,N2A,3,A,CODR,0.2,2
WPE02,1,2020,N2A,3,A,CODR,0.23,6
WPE02,1,2020,N2A,3,A,CODR,0.23,6
WPE02,1,2020,N2A,3,A,CODR,0.27,6
WPE02,1,2020,N2A,3,A,CODR,0.17,6
WPE02,1,2020,N2A,3,A,CODR,0.15,6
WPE02,1,2020,N2A,3,A,CODR,0.18,6
WPE02,1,2020,N2A,3,A,CODR,0.13,8
WPE02,1,2020,N2A,3,A,CODR,0.23,8
WPE02,1,2020,N2A,3,A,CODR,0.21,8
WPE02,1,2020,N2A,3,A,CODR,0.26,10
WPE02,1,2020,N2A,3,A,CODR,0.24,10
WPE02,1,2020,N2A,3,A,CODR,0.15,10
WPE02,1,2020,N2A,3,A,CODR,0.21,10
WPE02,1,2020,N2A,3,A,CODR,0.08,10
WPE02,1,2020,N2A,3,A,CODR,0.22,10
WPE02,1,2020,N2A,3,A,CODR,0.18,10
WPE02,1,2020,N2A,3,A,CODR,0.2,10
WPE02,1,2020,N2A,3,A,CODR,0.1,10
WPE02,1,2020,N2A,3,A,CODR,0.2,14
WPE02,1,2020,N2A,3,A,CODR,0.31,14
WPE02,1,2020,N2A,3,A,CODR,0.36,14
WPE02,1,2020,N2A,3,A,CODR,0.18,14
WPE02,1,2020,N2A,3,A,CODR,0.22,14
WPE02,1,2020,N2A,3,A,CODR,0.49,14
WPE02,1,2020,N2A,3,A,CODR,0.2,14
WPE02,1,2020,N2A,3,A,CODR,0.16,16
WPE02,1,2020,N2A,3,A,CODR,0.13,16
WPE02,1,2020,N2A,4,B,CODR,0.15,18
WPE02,1,2020,N2A,4,B,CODR,0.14,12
WPE02,1,2020,N2A,5,A,CODR,0.22,8
WPE02,1,2020,N2A,5,A,CODR,0.2,8
WPE02,1,2020,N2A,5,A,CODR,0.21,8
WPE02,1,2020,N2A,5,A,CODR,0.22,8
WPE02,1,2020,N2A,5,A,CODR,0.15,12
WPE02,1,2020,N2A,5,A,CODR,0.17,12
WPE02,1,2020,N2A,5,A,CODR,0.18,12
WPE02,1,2020,N2A,5,A,CODR,0.19,18
WPE02,1,2020,N2A,5,B,CODR,0.18,2
WPE02,1,2020,N2A,5,B,CODR,0.3,22
WPE02,1,2020,N2A,5,B,CODR,0.25,22
WPE02,1,2020,N2A,5,B,CODR,0.28,22
WPE02,1,2020,N2A,5,C,CODR,0.18,6
WPE02,1,2020,N2A,5,C,CODR,0.29,6
WPE02,1,2020,N2A,5,C,CODR,0.23,6
WPE02,1,2020,N2A,5,C,CODR,0.18,6
WPE02,1,2020,N2A,5,C,CODR,0.24,6
WPE02,1,2020,N2A,5,C,CODR,0.16,6
WPE02,1,2020,N2A,5,C,CODR,0.23,6
WPE02,1,2020,N2A,5,C,CODR,0.25,6
WPE02,1,2020,N2A,5,C,CODR,0.2,6
WPE02,1,2020,N2A,5,C,CODR,1.2,6
WPE02,1,2020,N2A,5,C,CODR,0.15,6
WPE02,1,2020,N2A,5,C,CODR,0.22,8
WPE02,1,2020,N2A,5,C,CODR,0.15,8
WPE02,1,2020,N2A,5,C,CODR,0.19,12
WPE02,1,2020,N2A,5,C,CODR,0.24,12
WPE02,1,2020,N2A,5,C,CODR,0.21,12
WPE02,1,2020,N2A,5,C,CODR,0.08,12
WPE02,1,2020,N2A,5,C,CODR,0.13,10
WPE02,1,2020,N2A,5,C,CODR,0.1,10
WPE02,1,2020,N2A,6,A,CODR,0.14,14
WPE02,1,2020,N2A,6,B,CODR,0.14,18
WPE02,1,2020,N2A,6,B,CODR,0.09,16
WPE02,1,2020,N2A,7,C,CODR,0.14,10
WPE02,1,2020,N2A,7,C,CODR,0.15,10
WPE02,1,2020,N2A,7,C,CODR,0.2,6
WPE02,1,2020,N2A,7,C,CODR,0.34,2
WPE02,1,2020,N2A,7,C,CODR,0.12,2
WPE02,1,2020,N2A,7,C,CODR,0.16,2
WPE02,1,2020,N2A,7,C,CODR,0.28,2
WPE02,1,2020,N2A,7,C,CODR,0.12,2
WPE02,1,2020,N2A,7,A,CODR,0.21,10
WPE02,1,2020,N2A,7,A,CODR,0.23,10
WPE02,1,2020,N2A,7,A,CODR,0.18,10
WPE02,1,2020,N2A,7,A,CODR,0.25,4
WPE02,1,2020,N2A,7,B,CODR,0.3,16
WPE02,1,2020,N2A,7,B,CODR,0.2,16
WPE02,1,2020,N2A,7,B,CODR,0.15,14
WPE02,1,2020,N2A,7,B,CODR,0.14,14
WPE02,1,2020,N2A,7,B,CODR,0.26,8
WPE02,1,2020,N2A,7,B,CODR,0.14,8
WPE02,1,2020,N2A,7,B,CODR,0.13,8
WPE02,1,2020,N2A,7,B,CODR,0.16,8
WPE02,1,2020,N2A,7,B,CODR,0.28,6
WPE02,1,2020,N2A,7,B,CODR,0.28,6
WPE02,1,2020,N2A,7,B,CODR,0.21,2
WPE02,1,2020,N2A,7,B,CODR,0.3,2
WPE02,1,2020,N2A,7,B,CODR,0.24,2
WPE02,1,2020,N2B,1,A,CODR,0.25,2
WPE02,1,2020,N2B,1,A,CODR,0.49,2
WPE02,1,2020,N2B,1,A,CODR,0.14,2
WPE02,1,2020,N2B,1,A,CODR,0.15,2
WPE02,1,2020,N2B,1,A,CODR,1.14,22
WPE02,1,2020,N2B,1,A,CODR,0.96,22
WPE02,1,2020,N2B,1,A,CODR,0.96,22
WPE02,1,2020,N2B,1,A,CODR,0.48,22
WPE02,1,2020,N2B,1,A,CODR,0.75,22
WPE02,1,2020,N2B,1,A,CODR,0.66,22
WPE02,1,2020,N2B,1,A,CODR,0.28,22
WPE02,1,2020,N2B,1,A,CODR,0.77,22
WPE02,1,2020,N2B,1,A,CODR,0.68,22
WPE02,1,2020,N2B,1,A,CODR,0.7,22
WPE02,1,2020,N2B,1,A,CODR,0.84,22
WPE02,1,2020,N2B,1,A,CODR,0.44,22
WPE02,1,2020,N2B,1,A,CODR,0.29,22
WPE02,1,2020,N2B,1,A,CODR,0.26,22
WPE02,1,2020,N2B,1,A,CODR,0.23,22
WPE02,1,2020,N2B,2,A,CODR,0.33,22
WPE02,1,2020,N2B,2,A,ZAAM,0.7,18
WPE02,1,2020,N2B,2,A,ZAAM,0.37,18
WPE02,1,2020,N2B,2,A,ZAAM,0.84,16
WPE02,1,2020,N2B,2,A,CODR,0.43,12
WPE02,1,2020,N2B,2,A,CODR,0.54,12
WPE02,1,2020,N2B,2,A,CODR,0.52,12
WPE02,1,2020,N2B,2,A,CODR,0.67,12
WPE02,1,2020,N2B,2,A,ZAAM,0.6,2
WPE02,1,2020,N2B,2,A,CODR,0.98,2
WPE02,1,2020,N2B,2,B,CODR,0.38,22
WPE02,1,2020,N2B,2,B,CODR,0.81,12
WPE02,1,2020,N2B,2,B,CODR,0.78,12
WPE02,1,2020,N2B,2,B,CODR,0.16,12
WPE02,1,2020,N2B,2,B,CODR,0.55,12
WPE02,1,2020,N2B,2,B,CODR,0.7,10
WPE02,1,2020,N2B,2,B,CODR,0.5,10
WPE02,1,2020,N2B,2,B,CODR,0.52,10
WPE02,1,2020,N2B,2,B,CODR,0.37,10
WPE02,1,2020,N2B,2,B,CODR,0.21,10
WPE02,1,2020,N2B,2,B,ZAAM,0.47,8
WPE02,1,2020,N2B,2,B,RUPE,0.52,8
WPE02,1,2020,N2B,2,B,RUPE,0.92,8
WPE02,1,2020,N2B,2,B,CODR,0.64,8
WPE02,1,2020,N2B,2,B,CODR,0.62,8
WPE02,1,2020,N2B,2,B,CODR,0.67,6
WPE02,1,2020,N2B,2,B,CODR,0.97,6
WPE02,1,2020,N2B,2,B,CODR,0.77,6
WPE02,1,2020,N2B,2,B,CODR,0.66,6
WPE02,1,2020,N2B,2,B,CODR,0.88,6
WPE02,1,2020,N2B,2,B,CODR,0.5,6
WPE02,1,2020,N2B,2,B,CODR,0.55,6
WPE02,1,2020,N2B,2,B,ZAAM,0.4,4
WPE02,1,2020,N2B,2,B,CODR,0.66,2
WPE02,1,2020,N2B,2,B,RUPE,0.26,2
WPE02,1,2020,N2B,2,C,ZAAM,0.3,2
WPE02,1,2020,N2B,2,C,ZAAM,0.24,2
WPE02,1,2020,N2B,2,C,ZAAM,0.44,22
WPE02,1,2020,N2B,2,C,CODR,0.84,4
WPE02,1,2020,N2B,2,C,CODR,0.6,20
WPE02,1,2020,N2B,2,C,CODR,0.95,20
WPE02,1,2020,N2B,2,C,CODR,0.56,20
WPE02,1,2020,N2B,2,C,CODR,0.77,20
WPE02,1,2020,N2B,2,C,ZAAM,0.25,6
WPE02,1,2020,N2B,2,C,ZAAM,0.49,16
WPE02,1,2020,N2B,2,C,ZAAM,0.96,18
WPE02,1,2020,N2B,2,C,ZAAM,0.9,18
WPE02,1,2020,N2B,2,C,ZAAM,1,18
WPE02,1,2020,N2B,2,C,ZAAM,0.74,18
WPE02,1,2020,N2B,2,C,ZAAM,0.97,18
WPE02,1,2020,N2B,3,A,CODR,0.52,8
WPE02,1,2020,N2B,3,A,CODR,0.14,10
WPE02,1,2020,N2B,3,A,RHGL,0.38,18
WPE02,1,2020,N2B,3,A,CODR,0.45,20
WPE02,1,2020,N2B,3,A,RHGL,0.3,20
WPE02,1,2020,N2B,3,A,RHGL,0.74,20
WPE02,1,2020,N2B,3,A,RHGL,0.71,20
WPE02,1,2020,N2B,3,A,RHGL,0.83,22
WPE02,1,2020,N2B,3,A,RHGL,1.06,22
WPE02,1,2020,N2B,3,A,RHGL,0.87,22
WPE02,1,2020,N2B,3,B,CODR,0.17,10
WPE02,1,2020,N2B,3,C,CODR,0.22,22
WPE02,1,2020,N2B,3,C,CODR,0.21,22
WPE02,1,2020,N2B,4,A,CODR,0.46,20
WPE02,1,2020,N2B,4,A,CODR,0.46,18
WPE02,1,2020,N2B,4,A,CODR,0.48,18
WPE02,1,2020,N2B,4,A,CODR,0.45,18
WPE02,1,2020,N2B,4,A,CODR,0.55,18
WPE02,1,2020,N2B,4,A,CODR,0.29,18
WPE02,1,2020,N2B,4,A,CODR,0.38,18
WPE02,1,2020,N2B,4,A,CODR,0.45,18
WPE02,1,2020,N2B,4,A,CODR,0.31,16
WPE02,1,2020,N2B,4,A,CODR,0.53,14
WPE02,1,2020,N2B,4,A,PRAM,0.53,2
WPE02,1,2020,N2B,4,A,PRAM,0.35,2
WPE02,1,2020,N2B,4,A,PRAM,0.28,2
WPE02,1,2020,N2B,4,B,PRAM,0.56,20
WPE02,1,2020,N2B,4,B,PRAM,0.62,14
WPE02,1,2020,N2B,4,B,PRAM,0.37,14
WPE02,1,2020,N2B,4,B,PRAM,0.51,14
WPE02,1,2020,N2B,4,B,PRAM,0.38,12
WPE02,1,2020,N2B,4,B,PRAM,0.51,12
WPE02,1,2020,N2B,4,B,PRAM,0.29,12
WPE02,1,2020,N2B,4,B,PRAM,0.43,10
WPE02,1,2020,N2B,4,B,PRAM,0.53,10
WPE02,1,2020,N2B,4,B,PRAM,0.45,10
WPE02,1,2020,N2B,4,B,PRAM,0.68,6
WPE02,1,2020,N2B,4,B,PRAM,0.51,6
WPE02,1,2020,N2B,4,B,PRAM,0.43,6
WPE02,1,2020,N2B,4,B,PRAM,0.26,6
WPE02,1,2020,N2B,4,B,RHGL,0.58,6
WPE02,1,2020,N2B,4,B,CODR,0.29,2
WPE02,1,2020,N2B,4,B,CODR,0.31,2
WPE02,1,2020,N2B,4,B,PRAM,0.71,2
WPE02,1,2020,N2B,5,A,CODR,0.09,20
WPE02,1,2020,N2B,5,A,CODR,0.19,20
WPE02,1,2020,N2B,5,A,CODR,0.15,20
WPE02,1,2020,N2B,5,A,CODR,0.13,20
WPE02,1,2020,N2B,5,A,CODR,0.15,16
WPE02,1,2020,N2B,5,A,CODR,0.82,16
WPE02,1,2020,N2B,5,A,CODR,0.28,14
WPE02,1,2020,N2B,5,A,CODR,0.67,14
WPE02,1,2020,N2B,5,A,CODR,0.13,14
WPE02,1,2020,N2B,5,A,PRAM,0.29,14
WPE02,1,2020,N2B,5,A,CODR,0.55,10
WPE02,1,2020,N2B,5,A,CODR,0.68,10
WPE02,1,2020,N2B,5,A,CODR,0.33,10
WPE02,1,2020,N2B,5,A,CODR,0.26,2
WPE02,1,2020,N2B,5,A,CODR,0.34,2
WPE02,1,2020,N2B,5,B,CODR,0.25,22
WPE02,1,2020,N2B,5,B,ZAAM,0.62,14
WPE02,1,2020,N2B,5,B,ZAAM,0.38,14
WPE02,1,2020,N2B,5,B,ZAAM,0.73,12
WPE02,1,2020,N2B,5,B,ZAAM,0.71,12
WPE02,1,2020,N2B,5,B,CODR,0.64,10
WPE02,1,2020,N2B,5,B,CODR,1.09,8
WPE02,1,2020,N2B,5,B,CODR,0.65,8
WPE02,1,2020,N2B,5,B,CODR,0.07,8
WPE02,1,2020,N2B,5,B,CODR,0.21,8
WPE02,1,2020,N2B,5,B,CODR,0.26,8
WPE02,1,2020,N2B,5,B,ZAAM,0.42,6
WPE02,1,2020,N2B,6,A,ZAAM,0.41,10
WPE02,1,2020,N2B,6,A,ZAAM,0.33,8
WPE02,1,2020,N2B,6,A,ZAAM,0.48,8
WPE02,1,2020,N2B,6,A,ZAAM,0.41,6
WPE02,1,2020,N2B,6,C,CODR,0.46,6
WPE02,1,2020,N2B,7,A,CODR,0.85,6
WPE02,1,2020,N2B,7,A,CODR,0.46,6
WPE02,1,2020,N2B,7,A,CODR,1.1,8
WPE02,1,2020,N2B,7,A,CODR,1.16,8
WPE02,1,2020,N2B,7,A,CODR,1,8
WPE02,1,2020,N2B,7,A,CODR,1.01,8
WPE02,1,2020,N2B,7,A,CODR,0.8,10
WPE02,1,2020,N2B,7,A,CODR,0.54,10
WPE02,1,2020,N2B,7,A,CODR,0.45,10
WPE02,1,2020,N2B,7,A,CODR,0.31,10
WPE02,1,2020,N2B,7,A,CODR,0.32,10
WPE02,1,2020,N2B,7,A,CODR,0.22,10
WPE02,1,2020,N2B,7,A,CODR,0.18,10
WPE02,1,2020,N2B,7,A,CODR,0.43,12
WPE02,1,2020,N2B,7,A,CODR,0.89,12
WPE02,1,2020,N2B,7,C,CODR,0.6,22
WPE02,1,2020,N2B,7,C,CODR,0.35,14
WPE02,1,2020,N2B,7,C,CODR,0.23,14
WPE02,1,2020,N2B,7,C,CODR,0.3,14
WPE02,1,2020,N2B,7,C,CODR,0.27,14
WPE02,1,2020,N2B,7,C,CODR,0.61,14
WPE02,1,2020,N2B,7,C,CODR,0.7,14
WPE02,1,2020,N2B,7,C,CODR,0.34,14
WPE02,1,2020,N2B,7,C,CODR,0.27,12
WPE02,1,2020,N2B,7,C,CODR,0.31,12
WPE02,1,2020,N2B,7,C,CODR,0.07,12
WPE02,1,2020,N2B,8,A,ZAAM,0.77,12
WPE02,1,2020,N2B,8,C,CODR,1.19,22
WPE02,1,2020,N2B,8,C,CODR,0.46,8
WPE02,1,2020,N2B,8,C,CODR,0.45,8
WPE02,1,2020,N2B,8,C,CODR,0.31,6
WPE02,1,2020,N2B,8,C,CODR,0.26,6
WPE02,1,2020,N2B,8,C,CODR,0.73,6
WPE02,1,2020,N2B,8,C,CODR,1.11,6
WPE02,1,2020,N2B,8,C,CODR,0.74,6
WPE02,1,2020,N2B,8,C,CODR,0.6,6
WPE02,1,2020,N2B,8,C,CODR,0.88,6
WPE02,1,2020,N2B,8,C,CODR,0.92,4
WPE02,1,2020,N2B,10,C,CODR,1.13,22
WPE02,1,2020,N2B,10,C,CODR,0.81,22
WPE02,1,2020,N2B,10,C,CODR,0.89,20
WPE02,1,2020,N2B,10,C,CODR,0.29,18
WPE02,1,2020,N2B,10,C,CODR,0.74,18
WPE02,1,2020,N2B,10,C,CODR,0.38,16
WPE02,1,2020,N2B,10,C,CODR,0.34,16
WPE02,1,2020,N2B,10,C,CODR,0.39,16
WPE02,1,2020,N2B,10,C,CODR,0.28,16
WPE02,1,2020,N2B,10,C,CODR,0.2,14
WPE02,1,2020,N2B,10,C,CODR,0.31,14
WPE02,1,2020,N2B,10,C,CODR,0.71,14
WPE02,1,2020,N2B,10,C,CODR,0.61,14
WPE02,1,2020,N2B,10,C,CODR,0.85,14
WPE02,1,2020,N2B,10,C,CODR,0.32,14
WPE02,1,2020,N2B,10,C,CODR,0.49,14
WPE02,1,2020,N2B,10,C,CODR,0.29,14
WPE02,1,2020,N2B,10,C,CODR,0.49,12
WPE02,1,2020,N2B,10,C,CODR,0.75,12
WPE02,1,2020,N2B,10,C,CODR,0.48,12
WPE02,1,2020,N2B,10,C,CODR,0.56,12
WPE02,1,2020,N2B,10,C,CODR,0.66,10
WPE02,1,2020,N2B,10,C,CODR,0.59,10
WPE02,1,2020,N2B,10,C,CODR,0.83,10
WPE02,1,2020,N2B,10,C,CODR,0.26,10
WPE02,1,2020,N2B,10,C,CODR,0.22,8
WPE02,1,2020,N2B,10,C,CODR,0.77,8
WPE02,1,2020,N2B,10,C,CODR,0.46,8
WPE02,1,2020,N2B,10,C,CODR,0.33,8
WPE02,1,2020,N2B,10,C,CODR,0.16,8
WPE02,1,2020,N2B,10,B,CODR,0.32,20
WPE02,1,2020,N2B,10,B,CODR,1.13,20
WPE02,1,2020,N2B,10,B,CODR,1.16,18
WPE02,1,2020,N2B,10,B,CODR,1.35,16
WPE02,1,2020,N2B,10,B,CODR,0.96,16
WPE02,1,2020,N2B,10,B,CODR,0.81,16
WPE02,1,2020,N2B,10,B,CODR,1.18,14
WPE02,1,2020,N2B,10,B,CODR,1.42,14
WPE02,1,2020,N2B,10,B,CODR,0.98,14
WPE02,1,2020,N2B,10,B,CODR,0.55,12
WPE02,1,2020,N2B,10,B,CODR,0.28,12
WPE02,1,2020,N2B,10,B,CODR,0.22,12
WPE02,1,2020,N2B,13,A,PRAN,0.43,22
WPE02,1,2020,N2B,13,A,PRAN,0.24,22
WPE02,1,2020,N2B,13,A,CODR,1.04,18
WPE02,1,2020,N2B,13,A,CODR,1.12,16
WPE02,1,2020,N2B,13,A,CODR,0.78,16
WPE02,1,2020,N2B,13,A,CODR,0.49,16
WPE02,1,2020,N2B,13,A,CODR,1.21,14
WPE02,1,2020,N2B,13,A,CODR,0.86,14
WPE02,1,2020,N2B,13,A,CODR,1.42,12
WPE02,1,2020,N2B,13,A,CODR,0.99,12
WPE02,1,2020,N2B,13,A,PRAM,0.74,10
WPE02,1,2020,N2B,13,A,CODR,0.68,10
WPE02,1,2020,N2B,13,A,CODR,0.52,8
WPE02,1,2020,N2B,13,A,CODR,0.16,8
WPE02,1,2020,N2B,13,A,CODR,0.14,8
WPE02,1,2020,N2B,13,C,RHAR,0.57,12
WPE02,1,2020,N2B,13,C,RHAR,0.44,12
WPE02,1,2020,N2B,13,C,RHAR,0.57,12
WPE02,1,2020,N2B,13,C,RHAR,0.63,12
WPE02,1,2020,N2B,13,C,RHAR,0.63,12
WPE02,1,2020,N2B,13,C,RHAR,0.45,12
WPE02,1,2020,N2B,14,B,CODR,1.36,22
WPE02,1,2020,N2B,14,B,CODR,0.32,22
WPE02,1,2020,N2B,14,B,CODR,0.24,22
WPE02,1,2020,N2B,14,B,CODR,0.66,20
WPE02,1,2020,N2B,14,B,CODR,1.05,18
WPE02,1,2020,N2B,14,B,CODR,0.78,16
WPE02,1,2020,N2B,14,B,CODR,0.44,16
WPE02,1,2020,N2B,14,B,CODR,0.7,16
WPE02,1,2020,N2B,14,C,PRAM,0.43,22
WPE02,1,2020,N2B,14,C,PRAM,0.5,22
WPE02,1,2020,N2B,14,C,PRAM,0.6,22
WPE02,1,2020,N2B,14,C,CODR,0.3,2
WPE02,1,2020,N2B,14,C,CODR,0.51,2
WPE02,1,2020,N2B,15,A,RHGL,0.86,12
WPE02,1,2020,N2B,15,A,RHGL,0.98,14
WPE02,1,2020,N2B,15,A,RGHL,0.91,14
WPE02,1,2020,N2B,15,A,CODR,0.26,14
WPE02,1,2020,N2B,15,A,RUPE,0.28,16
WPE02,1,2020,N2B,15,A,RHGL,0.67,18
WPE02,1,2020,N2B,15,A,RHGL,1.1,18
WPE02,1,2020,N2B,15,A,RGHL,0.7,18
WPE02,1,2020,N2B,15,A,RHGL,1.03,18
WPE02,1,2020,N2B,15,A,CODR,0.16,18
WPE02,1,2020,N2B,15,A,RHGL,1.22,20
WPE02,1,2020,N2B,15,A,RHGL,1.07,20
WPE02,1,2020,N2B,15,A,CODR,0.15,20
WPE02,1,2020,N2B,15,A,CODR,0.38,20
WPE02,1,2020,N2B,15,A,RHGL,0.86,22
WPE02,1,2020,N2B,15,A,RHGL,0.8,22
WPE02,1,2020,N2B,15,A,RHGL,0.74,22
WPE02,1,2020,N2B,15,A,RHGL,1.03,22
WPE02,1,2020,N2B,15,B,CODR,0.78,20
WPE02,1,2020,N2B,15,B,RHGL,0.95,20
WPE02,1,2020,N2B,15,B,RHGL,0.59,18
WPE02,1,2020,N2B,15,B,RHGL,0.97,18
WPE02,1,2020,N2B,15,B,CODR,0.36,18
WPE02,1,2020,N2B,15,B,CODR,0.28,18
WPE02,1,2020,N2B,15,B,RHGL,0.9,16
WPE02,1,2020,N2B,15,B,RHGL,0.85,16
WPE02,1,2020,N2B,15,B,CODR,0.41,16
WPE02,1,2020,N2B,15,B,CODR,0.46,16
WPE02,1,2020,N2B,15,B,CODR,0.25,16
WPE02,1,2020,N2B,15,B,CODR,0.57,14
WPE02,1,2020,N2B,15,B,CODR,0.5,12
WPE02,1,2020,N2B,15,B,CODR,0.52,12
WPE02,1,2020,N2B,15,B,CODR,0.45,10
WPE02,1,2020,N2B,15,B,CODR,0.41,10
WPE02,1,2020,N2B,15,B,CODR,0.33,10
WPE02,1,2020,N2B,16,C,RHGL,0.96,2
WPE02,1,2020,N2B,16,C,RHGL,0.61,2
WPE02,1,2020,N2B,16,C,RHGL,0.48,2
WPE02,1,2020,N2B,16,C,RHGL,0.67,8
WPE02,1,2020,N2B,16,C,RHGL,0.96,2
WPE02,1,2020,N2B,16,C,RHGL,0.61,2
WPE02,1,2020,N2B,16,C,RHGL,0.48,2
WPE02,1,2020,N2B,16,C,CODR,0.31,14
WPE02,1,2020,N2B,16,C,RHGL,0.67,8
WPE02,1,2020,N2B,16,C,RHGL,0.99,12
WPE02,1,2020,N2B,16,C,RHGL,0.61,12
WPE02,1,2020,N2B,16,A,CODR,0.7,18
WPE02,1,2020,N2B,16,A,CODR,0.55,18
WPE02,1,2020,N2B,16,A,CODR,0.25,18
WPE02,1,2020,N2B,16,A,CODR,0.41,18
WPE02,1,2020,N2B,16,A,CODR,0.23,18
WPE02,1,2020,N2B,16,A,CODR,0.24,18
WPE02,1,2020,N2B,16,A,CODR,0.21,18
WPE02,1,2020,N2B,16,A,RHGL,0.63,16
WPE02,1,2020,N2B,16,A,CODR,0.29,16
WPE02,1,2020,N2B,16,A,CODR,0.32,16
WPE02,1,2020,N2B,16,A,RHGL,1.28,14
WPE02,1,2020,N2B,16,A,CODR,0.45,14
WPE02,1,2020,N2B,16,A,RHAR,0.71,12
WPE02,1,2020,N2B,16,A,RHGL,0.89,2
WPE02,1,2020,N2B,16,B,CODR,0.28,14
WPE02,1,2020,N2B,16,B,CODR,0.73,12
WPE02,1,2020,N2B,16,B,RHAR,0.61,12
WPE02,1,2020,N2B,16,B,RHAR,0.82,12
WPE02,1,2020,N2B,16,B,CODR,0.7,8
WPE02,1,2020,N2B,16,B,CODR,0.5,8
WPE02,1,2020,N2B,16,B,RHGL,0.57,6
WPE02,1,2020,N2B,16,B,CODR,0.26,6
WPE02,1,2020,N2B,16,B,RHGL,1.13,4
WPE02,1,2020,N2B,16,B,CODR,0.27,4
WPE02,1,2020,N2B,16,B,CODR,0.26,4
WPE02,1,2020,N2B,16,B,RHGL,0.64,2
WPE02,1,2020,N2B,16,B,RHGL,0.71,2
WPE02,1,2020,N2B,16,C,RHGL,1.93,22
WPE02,1,2020,N2B,16,C,CODR,0.83,22
WPE02,1,2020,N2B,16,C,CODR,0.55,22
WPE02,1,2020,N2B,16,C,RHGL,0.89,20
WPE02,1,2020,N2B,16,C,CODR,0.59,20
WPE02,1,2020,N2B,16,C,CODR,0.39,18
WPE02,1,2020,N2B,16,C,CODR,0.56,18
WPE02,1,2020,N2B,16,C,RHGL,1.04,16
WPE02,1,2020,N2B,16,C,CODR,0.61,16
WPE02,1,2020,N2B,16,C,CODR,0.49,16
WPE02,1,2020,N2B,16,C,RHGL,1.28,10
WPE02,1,2020,N2B,16,C,CODR,0.55,10
WPE02,1,2020,N2B,17,A,RHGL,1.05,20
WPE02,1,2020,N2B,17,A,RHGL,0.73,18
WPE02,1,2020,N2B,17,A,RHGL,0.5,8
WPE02,1,2020,N2B,17,A,CODR,0.81,4
WPE02,1,2020,N2B,17,B,RHAR,0.57,16
WPE02,1,2020,N2B,17,B,RHAR,0.57,16
WPE02,1,2020,N2B,17,B,RHAR,0.67,16
WPE02,1,2020,N2B,17,B,RHAR,0.73,16
WPE02,1,2020,N2B,17,B,RHAR,0.54,16
WPE02,1,2020,N2B,17,B,RHAR,0.46,16
WPE02,1,2020,N2B,17,B,RHAR,0.59,16
WPE02,1,2020,N2B,17,B,RHAR,0.73,16
WPE02,1,2020,N2B,17,B,RHAR,0.56,16
WPE02,1,2020,N2B,17,B,RHAR,0.51,16
WPE02,1,2020,N2B,17,B,RHAR,0.91,16
WPE02,1,2020,N2B,17,B,RHGL,1.19,20
WPE02,1,2020,N2B,17,B,RHGL,1.16,22
WPE02,1,2020,N2B,17,B,RHGL,1,22
WPE02,1,2020,N2B,17,C,RHGL,0.81,22
WPE02,1,2020,N2B,17,C,RHGL,0.62,22
WPE02,1,2020,N2B,17,C,RHGL,0.61,22
WPE02,1,2020,N2B,17,C,RHGL,0.62,20
WPE02,1,2020,N2B,17,C,RHGL,0.37,20
WPE02,1,2020,N2B,17,C,RHGL,0.51,20
WPE02,1,2020,N2B,17,C,RHGL,0.54,20
WPE02,1,2020,N2B,17,C,RHGL,0.39,18
WPE02,1,2020,N2B,17,C,RHGL,0.65,18
WPE02,1,2020,N2B,17,C,RHGL,0.5,16
WPE02,1,2020,N2B,17,C,RHGL,0.01,16
WPE02,1,2020,N2B,17,C,RHGL,0.93,14
WPE02,1,2020,N2B,18,A,RHGL,1.35,14
WPE02,1,2020,N2B,18,A,RHGL,1.28,12
WPE02,1,2020,N2B,18,A,CODR,1.17,10
WPE02,1,2020,N2B,18,A,RHGL,1.04,10
WPE02,1,2020,N2B,18,A,CODR,0.91,8
WPE02,1,2020,N2B,18,A,RHGL,1.53,8
WPE02,1,2020,N2B,18,A,CODR,0.58,4
WPE02,1,2020,N2B,18,A,CODR,0.42,4
WPE02,1,2020,N2B,18,A,CODR,0.58,4
WPE02,1,2020,N2B,18,B,RHGL,0.66,14
WPE02,1,2020,N2B,18,B,CODR,0.97,2
WPE02,1,2020,N2B,18,B,CODR,0.47,2
WPE02,1,2020,N2B,18,B,CODR,0.42,2
WPE02,1,2020,N2B,18,C,RHGL,0.4,20
WPE02,1,2020,N2B,18,C,CODR,0.58,4
WPE02,1,2020,N2B,18,C,CODR,0.8,4
WPE02,1,2020,N2B,18,C,CODR,0.25,4
WPE02,1,2020,N2B,18,C,CODR,0.46,4
WPE02,1,2020,N2B,18,C,PRAM,0.4,4
WPE02,1,2020,N2B,18,C,PRAM,0.53,4
WPE02,1,2020,N2B,18,C,CODR,0.36,2
WPE02,1,2020,N2B,18,C,CODR,0.29,2
WPE02,1,2020,N2B,19,A,RHGL,0.36,14
WPE02,1,2020,N2B,19,A,RHGL,0.47,16
WPE02,1,2020,N2B,21,A,RHGL,0.6,12
WPE02,1,2020,N2B,21,B,RHGL,0.6,14
WPE02,1,2020,N2B,21,B,RHGL,0.46,10
WPE02,1,2020,N2B,21,B,RHGL,0.37,10
WPE02,1,2020,N2B,21,B,RHGL,0.71,6
WPE02,1,2020,N2B,21,B,RHGL,0.83,4
WPE02,1,2020,N2B,21,C,RHGL,0.62,6
WPE02,1,2020,N2B,22,A,PRAM,0.51,20
WPE02,1,2020,N2B,22,A,PRAM,0.5,20
WPE02,1,2020,N2B,22,A,PRAM,0.43,20
WPE02,1,2020,N2B,22,A,PRAM,0.17,20
WPE02,1,2020,N2B,22,A,PRAM,0.2,18
WPE02,1,2020,N2B,22,A,PRAM,0.26,18
WPE02,1,2020,N2B,22,A,PRAM,0.57,18
WPE02,1,2020,N2B,22,A,CODR,0.23,18
WPE02,1,2020,N2B,22,A,PRAM,0.58,16
WPE02,1,2020,N2B,22,A,PRAM,0.33,16
WPE02,1,2020,N2B,22,A,PRAM,0.39,16
WPE02,1,2020,N2B,22,A,CODR,0.44,16
WPE02,1,2020,N2B,22,A,CODR,0.29,16
WPE02,1,2020,N2B,22,B,RHAR,0.61,6
WPE02,1,2020,N2B,22,B,RHAR,0.7,6
WPE02,1,2020,N2B,22,B,RHAR,0.46,6
WPE02,1,2020,N4D,1,A,CODR,0.41,20
WPE02,1,2020,N4D,1,A,CODR,0.35,16
WPE02,1,2020,N4D,1,A,CODR,0.35,2
WPE02,1,2020,N4D,1,A,CODR,1.18,2
WPE02,1,2020,N4D,1,A,CODR,0.64,2
WPE02,1,2020,N4D,1,A,CODR,0.45,2
WPE02,1,2020,N4D,1,B,CODR,1.51,20
WPE02,1,2020,N4D,1,B,CODR,0.98,20
WPE02,1,2020,N4D,1,C,CODR,0.54,20
WPE02,1,2020,N4D,1,C,CODR,0.34,20
WPE02,1,2020,N4D,1,C,CODR,0.22,20
WPE02,1,2020,N4D,1,C,CODR,0.86,18
WPE02,1,2020,N4D,1,C,CODR,0.27,18
WPE02,1,2020,N4D,1,B,CODR,1.38,18
WPE02,1,2020,N4D,1,B,CODR,0.44,18
WPE02,1,2020,N4D,1,B,CODR,1.69,18
WPE02,1,2020,N4D,1,B,CODR,1.12,8
WPE02,1,2020,N4D,1,B,CODR,2.16,18
WPE02,1,2020,N4D,1,B,CODR,1.38,18
WPE02,1,2020,N4D,1,C,CODR,0.51,16
WPE02,1,2020,N4D,1,C,CODR,0.88,16
WPE02,1,2020,N4D,1,C,CODR,0.62,16
WPE02,1,2020,N4D,1,C,CODR,0.89,16
WPE02,1,2020,N4D,1,C,CODR,0.54,16
WPE02,1,2020,N4D,1,C,CODR,0.86,16
WPE02,1,2020,N4D,1,C,CODR,0.24,16
WPE02,1,2020,N4D,1,C,CODR,0.41,16
WPE02,1,2020,N4D,1,C,CODR,0.5,16
WPE02,1,2020,N4D,1,B,RHAR,2.74,16
WPE02,1,2020,N4D,1,B,RHAR,1.19,16
WPE02,1,2020,N4D,1,B,RHAR,0.69,16
WPE02,1,2020,N4D,1,B,RHAR,0.81,16
WPE02,1,2020,N4D,1,B,RHAR,2.03,16
WPE02,1,2020,N4D,1,B,RHAR,1.08,16
WPE02,1,2020,N4D,1,B,RUOC,0.52,16
WPE02,1,2020,N4D,1,B,CODR,1.11,14
WPE02,1,2020,N4D,2,A,CODR,1.05,2
WPE02,1,2020,N4D,2,A,CODR,1.41,2
WPE02,1,2020,N4D,2,A,CODR,1.05,2
WPE02,1,2020,N4D,2,B,CODR,0.66,2
WPE02,1,2020,N4D,2,B,PRAM,1,2
WPE02,1,2020,N4D,2,C,CODR,1.22,22
WPE02,1,2020,N4D,2,C,CODR,0.89,22
WPE02,1,2020,N4D,2,B,CODR,0.88,6
WPE02,1,2020,N4D,2,C,CODR,0.56,20
WPE02,1,2020,N4D,2,C,CODR,0.8,20
WPE02,1,2020,N4D,2,C,CODR,1.16,20
WPE02,1,2020,N4D,2,C,CODR,1.16,20
WPE02,1,2020,N4D,2,B,CODR,0.97,10
WPE02,1,2020,N4D,2,B,CODR,0.81,10
WPE02,1,2020,N4D,2,B,CODR,0.83,10
WPE02,1,2020,N4D,2,B,CODR,0.41,10
WPE02,1,2020,N4D,2,C,CODR,0.74,18
WPE02,1,2020,N4D,2,C,CODR,1.1,18
WPE02,1,2020,N4D,2,C,CODR,1,18
WPE02,1,2020,N4D,2,C,CODR,1.4,18
WPE02,1,2020,N4D,2,C,CODR,0.72,18
WPE02,1,2020,N4D,2,C,CODR,0.97,18
WPE02,1,2020,N4D,2,B,RHAR,0.97,12
WPE02,1,2020,N4D,2,B,RHAR,0.97,12
WPE02,1,2020,N4D,2,B,RHAR,0.4,12
WPE02,1,2020,N4D,2,C,CODR,0.77,16
WPE02,1,2020,N4D,2,C,CODR,1.07,16
WPE02,1,2020,N4D,2,C,CODR,0.64,16
WPE02,1,2020,N4D,2,C,CODR,0.8,16
WPE02,1,2020,N4D,2,C,CODR,0.91,16
WPE02,1,2020,N4D,2,C,CODR,0.41,16
WPE02,1,2020,N4D,2,B,CODR,0.12,16
WPE02,1,2020,N4D,2,B,CODR,0.26,18
WPE02,1,2020,N4D,2,C,CODR,0.3,12
WPE02,1,2020,N4D,2,C,CODR,0.59,12
WPE02,1,2020,N4D,2,C,CODR,0.85,12
WPE02,1,2020,N4D,2,C,CODR,0.3,12
WPE02,1,2020,N4D,2,B,CODR,0.34,20
WPE02,1,2020,N4D,2,B,CODR,0.46,20
WPE02,1,2020,N4D,2,B,CODR,0.75,22
WPE02,1,2020,N4D,2,B,CODR,0.37,22
WPE02,1,2020,N4D,2,C,PRAM,0.76,4
WPE02,1,2020,N4D,2,C,PRAM,0.54,4
WPE02,1,2020,N4D,2,C,PRAM,0.81,4
WPE02,1,2020,N4D,2,C,CODR,0.78,4
WPE02,1,2020,N4D,2,C,CODR,0.11,2
WPE02,1,2020,N4D,2,C,CODR,0.81,2
WPE02,1,2020,N4D,2,C,CODR,0.94,2
WPE02,1,2020,N4D,2,C,CODR,0.82,2
WPE02,1,2020,N4D,2,C,CODR,0.62,2
WPE02,1,2020,N4D,2,C,CODR,0.71,2
WPE02,1,2020,N4D,2,C,PRAM,0.64,2
WPE02,1,2020,N4D,2,C,PRAM,0.87,2
WPE02,1,2020,N4D,2,C,PRAM,0.68,2
WPE02,1,2020,N4D,3,A,CODR,0.11,12
WPE02,1,2020,N4D,3,A,CODR,0.24,14
WPE02,1,2020,N4D,3,A,CODR,0.44,14
WPE02,1,2020,N4D,3,A,PRAN,0.42,14
WPE02,1,2020,N4D,3,A,PRAN,0.3,16
WPE02,1,2020,N4D,3,A,PRAN,0.25,16
WPE02,1,2020,N4D,3,A,PRAN,0.22,16
WPE02,1,2020,N4D,3,A,PRAN,0.23,16
WPE02,1,2020,N4D,3,A,PRAN,0.18,16
WPE02,1,2020,N4D,3,A,PRAN,0.33,18
WPE02,1,2020,N4D,3,A,PRAN,0.28,18
WPE02,1,2020,N4D,3,A,PRAN,0.21,18
WPE02,1,2020,N4D,3,A,PRAN,0.34,18
WPE02,1,2020,N4D,3,B,RHAR,0.24,10
WPE02,1,2020,N4D,3,B,RHAR,0.4,10
WPE02,1,2020,N4D,3,B,RHAR,0.51,10
WPE02,1,2020,N4D,3,B,RHAR,0.44,10
WPE02,1,2020,N4D,3,B,RHAR,0.35,10
WPE02,1,2020,N4D,3,B,RHAR,0.33,10
WPE02,1,2020,N4D,3,B,RHAR,0.31,10
WPE02,1,2020,N4D,3,B,RHAR,0.48,10
WPE02,1,2020,N4D,3,B,RHAR,0.58,10
WPE02,1,2020,N4D,3,B,RHAR,0.67,10
WPE02,1,2020,N4D,3,B,RHAR,0.81,10
WPE02,1,2020,N4D,3,B,RHAR,0.5,10
WPE02,1,2020,N4D,3,B,RHAR,0.28,10
WPE02,1,2020,N4D,3,B,RHAR,0.58,8
WPE02,1,2020,N4D,3,B,RHAR,0.55,8
WPE02,1,2020,N4D,3,C,RHAR,0.6,14
WPE02,1,2020,N4D,3,C,RHAR,0.69,14
WPE02,1,2020,N4D,3,C,RHAR,1.01,14
WPE02,1,2020,N4D,3,C,CODR,0.8,12
WPE02,1,2020,N4D,3,C,CODR,0.61,12
WPE02,1,2020,N4D,3,C,CODR,0.56,12
WPE02,1,2020,N4D,3,C,CODR,0.61,12
WPE02,1,2020,N4D,3,C,CODR,0.57,10
WPE02,1,2020,N4D,3,C,CODR,0.74,10
WPE02,1,2020,N4D,3,C,CODR,0.7,10
WPE02,1,2020,N4D,3,C,CODR,0.6,10
WPE02,1,2020,N4D,4,A,CODR,0.9,14
WPE02,1,2020,N4D,4,A,CODR,0.41,14
WPE02,1,2020,N4D,4,B,CODR,1.4,2
WPE02,1,2020,N4D,4,B,CODR,1.23,2
WPE02,1,2020,N4D,4,B,CODR,1,2
WPE02,1,2020,N4D,4,B,CODR,0.6,2
WPE02,1,2020,N4D,4,B,CODR,0.3,2
WPE02,1,2020,N4D,4,B,CODR,0.39,2
WPE02,1,2020,N4D,4,B,CODR,0.5,2
WPE02,1,2020,N4D,4,C,CODR,0.15,22
WPE02,1,2020,N4D,4,C,CODR,1.15,22
WPE02,1,2020,N4D,4,C,CODR,0.71,22
WPE02,1,2020,N4D,4,C,CODR,0.99,22
WPE02,1,2020,N4D,4,C,CODR,0.13,20
WPE02,1,2020,N4D,4,C,CODR,1.27,18
WPE02,1,2020,N4D,4,C,CODR,1.31,16
WPE02,1,2020,N4D,4,C,CODR,1.15,16
WPE02,1,2020,N4D,4,C,CODR,1.69,16
WPE02,1,2020,N4D,4,C,CODR,0.67,14
WPE02,1,2020,N4D,4,C,CODR,1.2,14
WPE02,1,2020,N4D,4,C,CODR,1.43,14
WPE02,1,2020,N4D,4,C,CODR,1.38,14
WPE02,1,2020,N4D,4,C,CODR,1.34,14
WPE02,1,2020,N4D,4,C,CODR,0.62,14
WPE02,1,2020,N4D,4,C,CODR,0.23,14
WPE02,1,2020,N4D,4,C,CODR,1.25,12
WPE02,1,2020,N4D,4,C,CODR,0.63,12
WPE02,1,2020,N4D,4,C,CODR,1.31,12
WPE02,1,2020,N4D,4,C,CODR,1.07,10
WPE02,1,2020,N4D,4,C,CODR,0.67,10
WPE02,1,2020,N4D,4,C,CODR,1.13,10
WPE02,1,2020,N4D,4,C,CODR,0.52,10
WPE02,1,2020,N4D,4,C,CODR,1.31,8
WPE02,1,2020,N4D,4,C,CODR,0.98,8
WPE02,1,2020,N4D,4,C,CODR,0.64,8
WPE02,1,2020,N4D,4,C,CODR,0.38,8
WPE02,1,2020,N4D,4,C,CODR,0.71,6
WPE02,1,2020,N4D,4,C,CODR,0.9,4
WPE02,1,2020,N4D,4,C,CODR,1.1,4
WPE02,1,2020,N4D,4,C,CODR,0.66,4
WPE02,1,2020,N4D,4,C,CODR,0.86,4
WPE02,1,2020,N4D,4,C,CODR,0.48,4
WPE02,1,2020,N4D,4,C,CODR,0.51,4
WPE02,1,2020,N4D,4,C,CODR,0.97,2
WPE02,1,2020,N4D,4,C,CODR,0.96,2
WPE02,1,2020,N4D,4,C,CODR,0.27,2
WPE02,1,2020,N4D,4,C,CODR,0.73,2
WPE02,1,2020,N4D,4,C,CODR,0.73,2
WPE02,1,2020,N4D,4,C,CODR,1.08,2
WPE02,1,2020,N4D,5,A,CODR,2.11,22
WPE02,1,2020,N4D,5,A,ZAAM,0.38,20
WPE02,1,2020,N4D,5,A,CODR,0.26,20
WPE02,1,2020,N4D,5,A,ZAAM,0.33,18
WPE02,1,2020,N4D,5,A,CODR,0.17,18
WPE02,1,2020,N4D,5,A,CODR,0.6,18
WPE02,1,2020,N4D,5,A,CODR,2.58,18
WPE02,1,2020,N4D,5,A,CODR,1.38,16
WPE02,1,2020,N4D,5,A,CODR,2.28,16
WPE02,1,2020,N4D,5,A,CODR,1.3,16
WPE02,1,2020,N4D,5,A,CODR,1.63,14
WPE02,1,2020,N4D,5,A,CODR,1.51,14
WPE02,1,2020,N4D,5,A,CODR,0.69,14
WPE02,1,2020,N4D,5,A,CODR,1.6,14
WPE02,1,2020,N4D,5,A,CODR,1.44,12
WPE02,1,2020,N4D,5,A,CODR,0.87,12
WPE02,1,2020,N4D,5,A,CODR,0.63,12
WPE02,1,2020,N4D,5,A,CODR,1.51,12
WPE02,1,2020,N4D,5,A,CODR,2.97,12
WPE02,1,2020,N4D,5,A,CODR,1.8,10
WPE02,1,2020,N4D,5,A,CODR,0.27,4
WPE02,1,2020,N4D,5,A,CODR,0.55,4
WPE02,1,2020,N4D,5,A,CODR,0.15,4
WPE02,1,2020,N4D,5,A,ZAAM,0.12,4
WPE02,1,2020,N4D,5,B,CODR,0.2,14
WPE02,1,2020,N4D,5,B,CODR,0.3,14
WPE02,1,2020,N4D,5,B,CODR,0.16,14
WPE02,1,2020,N4D,5,B,RHGL,0.72,12
WPE02,1,2020,N4D,5,B,CODR,1.45,12
WPE02,1,2020,N4D,5,B,CODR,0.87,12
WPE02,1,2020,N4D,5,B,CODR,0.39,12
WPE02,1,2020,N4D,5,B,CODR,1.31,12
WPE02,1,2020,N4D,5,B,CODR,0.55,12
WPE02,1,2020,N4D,5,B,CODR,0.37,10
WPE02,1,2020,N4D,5,B,CODR,0.95,10
WPE02,1,2020,N4D,5,B,CODR,1.02,10
WPE02,1,2020,N4D,5,B,CODR,0.5,10
WPE02,1,2020,N4D,5,B,CODR,0.38,8
WPE02,1,2020,N4D,5,B,CODR,1.24,8
WPE02,1,2020,N4D,5,B,CODR,1.13,8
WPE02,1,2020,N4D,5,B,CODR,0.23,8
WPE02,1,2020,N4D,5,B,CODR,1,6
WPE02,1,2020,N4D,5,B,CODR,0.86,6
WPE02,1,2020,N4D,5,B,CODR,1.18,4
WPE02,1,2020,N4D,5,B,CODR,0.51,4
WPE02,1,2020,N4D,5,B,CODR,1.22,4
WPE02,1,2020,N4D,5,B,CODR,1.28,4
WPE02,1,2020,N4D,5,B,CODR,0.19,2
WPE02,1,2020,N4D,5,B,CODR,0.57,2
WPE02,1,2020,N4D,5,B,CODR,0.29,2
WPE02,1,2020,N4D,5,C,CODR,0.35,22
WPE02,1,2020,N4D,5,C,CODR,0.91,22
WPE02,1,2020,N4D,5,C,CODR,0.48,22
WPE02,1,2020,N4D,5,C,CODR,0.12,22
WPE02,1,2020,N4D,5,C,CODR,0.41,20
WPE02,1,2020,N4D,5,C,CODR,0.5,20
WPE02,1,2020,N4D,5,C,CODR,0.62,16
WPE02,1,2020,N4D,5,C,CODR,0.88,16
WPE02,1,2020,N4D,5,C,CODR,0.64,16
WPE02,1,2020,N4D,6,B,ZAAM,0.64,2
WPE02,1,2020,N4D,6,B,ZAAM,0.73,2
WPE02,1,2020,N4D,6,B,ZAAM,0.82,2
WPE02,1,2020,N4D,6,B,ZAAM,0.82,2
WPE02,1,2020,N4D,6,B,ZAAM,1.14,4
WPE02,1,2020,N4D,6,B,ZAAM,1.3,4
WPE02,1,2020,N4D,6,B,ZAAM,0.98,4
WPE02,1,2020,N4D,6,B,ZAAM,0.94,4
WPE02,1,2020,N4D,6,B,ZAAM,0.15,6
WPE02,1,2020,N4D,6,B,ZAAM,1.21,6
WPE02,1,2020,N4D,6,B,ZAAM,0.61,6
WPE02,1,2020,N4D,6,B,ZAAM,1.01,6
WPE02,1,2020,N4D,6,B,ZAAM,1.22,6
WPE02,1,2020,N4D,6,B,ZAAM,1.15,6
WPE02,1,2020,N4D,6,B,ZAAM,1.41,8
WPE02,1,2020,N4D,6,B,ZAAM,1.31,8
WPE02,1,2020,N4D,6,B,ZAAM,0.66,8
WPE02,1,2020,N4D,6,B,ZAAM,0.62,8
WPE02,1,2020,N4D,6,B,ZAAM,1.15,10
WPE02,1,2020,N4D,6,B,ZAAM,1.78,10
WPE02,1,2020,N4D,6,B,ZAAM,0.87,10
WPE02,1,2020,N4D,6,B,ZAAM,1.41,10
WPE02,1,2020,N4D,6,B,ZAAM,1.08,10
WPE02,1,2020,N4D,6,B,ZAAM,0.6,10
WPE02,1,2020,N4D,6,B,ZAAM,1.81,10
WPE02,1,2020,N4D,6,B,ZAAM,1.67,10
WPE02,1,2020,N4D,6,B,ZAAM,0.15,12
WPE02,1,2020,N4D,6,B,ZAAM,0.92,12
WPE02,1,2020,N4D,6,B,ZAAM,1.44,12
WPE02,1,2020,N4D,6,B,ZAAM,1.28,12
WPE02,1,2020,N4D,6,B,CODR,2.85,12
WPE02,1,2020,N4D,6,B,CODR,1.72,14
WPE02,1,2020,N4D,6,B,ZAAM,0.14,14
WPE02,1,2020,N4D,6,B,ZAAM,0.64,14
WPE02,1,2020,N4D,6,B,ZAAM,1.12,16
WPE02,1,2020,N4D,6,B,ZAAM,0.34,18
WPE02,1,2020,N4D,6,B,ZAAM,0.51,18
WPE02,1,2020,N4D,6,B,RHAR,1.18,20
WPE02,1,2020,N4D,6,B,RHAR,1.05,20
WPE02,1,2020,N4D,6,B,RHAR,0.83,20
WPE02,1,2020,N4D,6,B,RHAR,0.73,20
WPE02,1,2020,N4D,6,B,RHAR,0.62,20
WPE02,1,2020,N4D,6,B,RHAR,0.54,20
WPE02,1,2020,N4D,6,B,RHAR,0.86,20
WPE02,1,2020,N4D,6,B,CODR,0.63,22
WPE02,1,2020,N4D,6,B,CODR,1.69,22
WPE02,1,2020,N4D,6,B,CODR,0.8,22
WPE02,1,2020,N4D,6,B,ZAAM,0.61,22
WPE02,1,2020,N4D,6,B,ZAAM,0.24,22
WPE02,1,2020,N4D,6,B,RHAR,0.35,22
WPE02,1,2020,N4D,6,B,RHAR,0.51,22
WPE02,1,2020,N4D,6,C,RHAR,0.49,16
WPE02,1,2020,N4D,6,C,RHAR,0.43,16
WPE02,1,2020,N4D,6,C,RHAR,0.62,16
WPE02,1,2020,N4D,6,C,RHAR,0.73,16
WPE02,1,2020,N4D,6,C,RHAR,0.41,16
WPE02,1,2020,N4D,6,C,RHAR,0.46,16
WPE02,1,2020,N4D,6,C,RHAR,0.51,16
WPE02,1,2020,N4D,6,C,RHAR,0.6,16
WPE02,1,2020,N4D,6,C,RHAR,0.66,16
WPE02,1,2020,N4D,6,C,RHAR,0.94,16
WPE02,1,2020,N4D,6,C,RHAR,0.69,16
WPE02,1,2020,N4D,6,C,RHAR,0.47,16
WPE02,1,2020,N4D,6,C,RHAR,0.42,16
WPE02,1,2020,N4D,6,C,RHAR,0.64,16
WPE02,1,2020,N4D,6,C,RHAR,0.62,16
WPE02,1,2020,N4D,6,C,RHAR,0.49,16
WPE02,1,2020,N4D,6,C,RHAR,0.59,16
WPE02,1,2020,N4D,6,C,RHAR,1.01,16
WPE02,1,2020,N4D,6,C,RHAR,0.61,16
WPE02,1,2020,N4D,7,A,RHAR,0.68,14
WPE02,1,2020,N4D,7,A,RHAR,0.8,14
WPE02,1,2020,N4D,7,A,RHAR,0.54,14
WPE02,1,2020,N4D,7,A,RHAR,0.83,14
WPE02,1,2020,N4D,7,A,RHAR,0.73,14
WPE02,1,2020,N4D,7,A,RHAR,0.72,14
WPE02,1,2020,N4D,7,A,RHAR,0.47,14
WPE02,1,2020,N4D,7,A,RHAR,0.71,14
WPE02,1,2020,N4D,7,A,RHAR,0.5,14
WPE02,1,2020,N4D,7,A,RHAR,0.5,14
WPE02,1,2020,N4D,7,A,RHAR,0.53,14
WPE02,1,2020,N4D,7,A,RHAR,1.18,14
WPE02,1,2020,N4D,7,B,CODR,0.12,20
WPE02,1,2020,N4D,7,B,CODR,0.15,20
WPE02,1,2020,N4D,7,B,CODR,0.47,18
WPE02,1,2020,N4D,7,B,CODR,0.27,18
WPE02,1,2020,N4D,7,B,CODR,0.11,18
WPE02,1,2020,N4D,7,B,CODR,0.37,16
WPE02,1,2020,N4D,8,C,CODR,1.28,20
WPE02,1,2020,N4D,9,B,ZAAM,0.3,20
WPE02,1,2020,N4D,9,B,ZAAM,0.68,0
WPE02,1,2020,N4D,9,B,ZAAM,0.25,20
WPE02,1,2020,N4D,9,B,ZAAM,0.77,0
WPE02,1,2020,N4D,9,B,ZAAM,0.41,20
WPE02,1,2020,N4D,9,B,ZAAM,0.85,22
WPE02,1,2020,N4D,9,B,ZAAM,1,22
WPE02,1,2020,N4D,9,B,ZAAM,0.73,22
WPE02,1,2020,N4D,9,B,ZAAM,0.87,22
WPE02,1,2020,N4D,9,B,ZAAM,2.46,22
WPE02,1,2020,N4D,10,B,RHAR,0.35,22
WPE02,1,2020,N4D,10,B,RHAR,1,22
WPE02,1,2020,N4D,10,B,RHAR,0.68,22
WPE02,1,2020,N4D,10,B,RHAR,0.31,22
WPE02,1,2020,N4D,10,B,RHAR,0.4,22
WPE02,1,2020,N4D,10,B,CODR,0.86,20
WPE02,1,2020,N4D,10,B,CODR,0.58,20
WPE02,1,2020,N4D,10,B,CODR,0.73,20
WPE02,1,2020,N4D,10,B,CODR,1.15,20
WPE02,1,2020,N4D,10,B,CODR,0.59,20
WPE02,1,2020,N4D,10,B,RHAR,0.27,20
WPE02,1,2020,N4D,10,B,RHAR,0.31,20
WPE02,1,2020,N4D,10,B,RHAR,0.23,20
WPE02,1,2020,N4D,10,B,RHAR,0.27,20
WPE02,1,2020,N4D,10,B,CODR,0.67,18
WPE02,1,2020,N4D,10,B,CODR,0.74,18
WPE02,1,2020,N4D,10,B,CODR,0.58,18
WPE02,1,2020,N4D,10,B,CODR,0.42,18
WPE02,1,2020,N4D,10,B,CODR,0.5,18
WPE02,1,2020,N4D,10,B,CODR,0.24,14
WPE02,1,2020,N4D,10,B,CODR,0.55,14
WPE02,1,2020,N4D,10,B,CODR,0.38,12
WPE02,1,2020,N4D,10,B,CODR,0.43,12
WPE02,1,2020,N4D,10,B,CODR,0.92,10
WPE02,1,2020,N4D,10,B,CODR,0.6,10
WPE02,1,2020,N4D,10,B,CODR,0.71,10
WPE02,1,2020,N4D,10,B,CODR,0.82,10
WPE02,1,2020,N4D,10,B,CODR,0.82,8
WPE02,1,2020,N4D,10,B,CODR,1.1,8
WPE02,1,2020,N4D,10,B,CODR,0.46,8
WPE02,1,2020,N4D,10,B,CODR,0.93,8
WPE02,1,2020,N4D,10,B,CODR,0.91,8
WPE02,1,2020,N4D,10,B,CODR,0.56,6
WPE02,1,2020,N4D,10,B,CODR,0.66,6
WPE02,1,2020,N4D,10,C,CODR,0.26,8
WPE02,1,2020,N4D,10,C,CODR,0.17,8
WPE02,1,2020,N4D,10,C,CODR,0.16,8
WPE02,1,2020,N4D,10,C,CODR,0.2,8
WPE02,1,2020,N4D,10,C,CODR,0.18,8
WPE02,1,2020,N4D,10,C,CODR,0.42,8
WPE02,1,2020,N4D,10,C,CODR,0.38,8
WPE02,1,2020,N4D,10,C,CODR,0.4,8
WPE02,1,2020,N4D,10,C,CODR,0.98,6
WPE02,1,2020,N4D,10,C,CODR,0.74,6
WPE02,1,2020,N4D,10,C,CODR,0.36,6
WPE02,1,2020,N4D,10,C,CODR,0.22,6
WPE02,1,2020,N4D,10,C,CODR,0.98,4
WPE02,1,2020,N4D,10,C,CODR,0.46,4
WPE02,1,2020,N4D,10,C,CODR,0.65,4
WPE02,1,2020,N4D,10,C,CODR,0.69,4
WPE02,1,2020,N4D,10,C,CODR,0.94,4
WPE02,1,2020,N4D,10,C,CODR,0.94,2
WPE02,1,2020,N4D,10,C,CODR,1.1,2
WPE02,1,2020,N4D,11,C,PRAM,0.51,22
WPE02,1,2020,N4D,11,C,PRAM,0.1,22
WPE02,1,2020,N4D,11,C,CODR,0.85,22
WPE02,1,2020,N4D,11,C,CODR,0.75,22
WPE02,1,2020,N4D,11,C,PRAM,0.61,20
WPE02,1,2020,N4D,11,C,PRAM,0.24,20
WPE02,1,2020,N4D,11,C,PRAM,0.39,20
WPE02,1,2020,N4D,11,C,PRAM,0.41,20
WPE02,1,2020,N4D,11,C,PRAM,0.07,20
WPE02,1,2020,N4D,11,C,CODR,0.22,18
WPE02,1,2020,N4D,11,C,PRAM,0.74,16
WPE02,1,2020,N4D,11,C,PRAM,1.06,16
WPE02,1,2020,N4D,11,C,PRAM,1.11,6
WPE02,1,2020,N4D,11,C,PRAM,1.02,16
WPE02,1,2020,N4D,11,C,PRAM,0.82,14
WPE02,1,2020,N4D,11,C,PRAM,0.45,8
WPE02,1,2020,N4D,11,C,PRAM,0.65,8
WPE02,1,2020,N4D,11,C,PRAM,0.45,8
WPE02,1,2020,N4D,11,C,PRAM,0.27,8
WPE02,1,2020,N4D,11,C,PRAM,0.4,8
WPE02,1,2020,N4D,11,C,PRAM,0.43,8
WPE02,1,2020,N4D,11,C,PRAM,0.24,8
WPE02,1,2020,N4D,11,C,PRAM,0.34,8
WPE02,1,2020,N4D,11,C,PRAM,0.26,8
WPE02,1,2020,N4D,11,C,PRAM,0.67,6
WPE02,1,2020,N4D,11,B,CODR,1.41,10
WPE02,1,2020,N4D,11,B,CODR,1.44,10
WPE02,1,2020,N4D,11,B,CODR,0.33,2
WPE02,1,2020,N4D,11,B,CODR,0.18,2
WPE02,1,2020,N4D,11,B,CODR,0.71,4
WPE02,1,2020,N4D,11,B,CODR,0.69,4
WPE02,1,2020,N4D,11,B,CODR,1.07,4
WPE02,1,2020,N4D,11,B,CODR,0.75,4
WPE02,1,2020,N4D,11,A,PRAM,1.25,22
WPE02,1,2020,N4D,11,A,PRAM,0.68,22
WPE02,1,2020,N4D,11,A,PRAM,0.76,22
WPE02,1,2020,N4D,11,A,CODR,1.2,22
WPE02,1,2020,N4D,11,A,CODR,1.01,22
WPE02,1,2020,N4D,11,A,CODR,0.73,22
WPE02,1,2020,N4D,11,A,CODR,0.74,20
WPE02,1,2020,N4D,11,A,CODR,0.65,20
WPE02,1,2020,N4D,11,A,PRAM,2.24,20
WPE02,1,2020,N4D,11,A,PRAM,0.84,20
WPE02,1,2020,N4D,11,A,PRAM,1.25,18
WPE02,1,2020,N4D,11,A,CODR,0.85,16
WPE02,1,2020,N4D,11,A,CODR,0.73,16
WPE02,1,2020,N4D,11,A,PRAM,0.66,14
WPE02,1,2020,N4D,11,A,PRAM,0.45,14
WPE02,1,2020,N4D,11,A,PRAM,0.39,14
WPE02,1,2020,N4D,11,A,PRAM,0.5,14
WPE02,1,2020,N4D,11,A,PRAM,0.64,14
WPE02,1,2020,N4D,11,A,PRAM,0.66,8
WPE02,1,2020,N4D,11,A,PRAM,0.64,6
WPE02,1,2020,N4D,11,A,PRAM,0.53,6
WPE02,1,2020,N4D,11,A,PRAM,0.51,4
WPE02,1,2020,N4D,11,A,CODR,0.94,2
WPE02,1,2020,N4D,12,C,RHAR,2.27,18
WPE02,1,2020,N4D,12,C,CODR,0.77,16
WPE02,1,2020,N4D,12,C,CODR,1.66,16
WPE02,1,2020,N4D,12,C,CODR,1.37,14
WPE02,1,2020,N4D,12,C,CODR,1.29,14
WPE02,1,2020,N4D,12,C,CODR,0.78,14
WPE02,1,2020,N4D,12,C,CODR,0.72,14
WPE02,1,2020,N4D,12,C,CODR,1.3,14
WPE02,1,2020,N4D,12,C,CODR,0.73,14
WPE02,1,2020,N4D,12,C,CODR,1,14
WPE02,1,2020,N4D,12,C,CODR,0.91,12
WPE02,1,2020,N4D,12,C,CODR,1.15,12
WPE02,1,2020,N4D,12,C,CODR,0.96,10
WPE02,1,2020,N4D,12,C,CODR,0.58,10
WPE02,1,2020,N4D,12,C,RHGL,0.64,10
WPE02,1,2020,N4D,12,A,CODR,0.36,22
WPE02,1,2020,N4D,12,A,CODR,0.34,22
WPE02,1,2020,N4D,12,A,CODR,0.63,22
WPE02,1,2020,N4D,12,A,CODR,0.67,22
WPE02,1,2020,N4D,12,A,CODR,0.5,22
WPE02,1,2020,N4D,12,A,CODR,0.8,22
WPE02,1,2020,N4D,12,A,CODR,0.45,22
WPE02,1,2020,N4D,12,A,CODR,0.5,20
WPE02,1,2020,N4D,12,A,CODR,0.28,20
WPE02,1,2020,N4D,12,A,CODR,0.37,20
WPE02,1,2020,N4D,12,A,CODR,0.5,20
WPE02,1,2020,N4D,12,A,CODR,0.37,20
WPE02,1,2020,N4D,12,A,CODR,0.97,18
WPE02,1,2020,N4D,12,A,CODR,1.17,16
WPE02,1,2020,N4D,12,A,CODR,0.61,16
WPE02,1,2020,N4D,12,A,CODR,0.68,16
WPE02,1,2020,N4D,12,A,CODR,0.71,12
WPE02,1,2020,N4D,12,A,CODR,0.41,8
WPE02,1,2020,N4D,12,A,CODR,0.22,8
WPE02,1,2020,N4D,12,A,CODR,0.15,8
WPE02,1,2020,N4D,12,C,CODR,0.5,2
WPE02,1,2020,N4D,12,C,CODR,0.63,4
WPE02,1,2020,N4D,12,C,CODR,0.37,4
WPE02,1,2020,N4D,13,A,CODR,0.56,18
WPE02,1,2020,N4D,13,A,CODR,0.43,18
WPE02,1,2020,N4D,13,A,CODR,0.31,18
WPE02,1,2020,N4D,13,A,CODR,0.4,18
WPE02,1,2020,N4D,13,A,CODR,0.58,18
WPE02,1,2020,N4D,13,A,CODR,0.84,16
WPE02,1,2020,N4D,13,A,CODR,0.73,16
WPE02,1,2020,N4D,13,A,CODR,1.35,16
WPE02,1,2020,N4D,13,A,CODR,0.98,16
WPE02,1,2020,N4D,13,A,CODR,1.39,14
WPE02,1,2020,N4D,13,A,CODR,1.07,14
WPE02,1,2020,N4D,13,A,CODR,1.31,14
WPE02,1,2020,N4D,13,A,RUPE,0.79,12
WPE02,1,2020,N4D,13,A,RUPE,0.82,12
WPE02,1,2020,N4D,13,A,CODR,1.27,12
WPE02,1,2020,N4D,13,A,CODR,1.07,10
WPE02,1,2020,N4D,13,A,CODR,0.6,2
WPE02,1,2020,N4D,13,B,CODR,0.88,20
WPE02,1,2020,N4D,13,B,CODR,0.73,20
WPE02,1,2020,N4D,13,B,CODR,1.18,20
WPE02,1,2020,N4D,13,B,CODR,0.65,20
WPE02,1,2020,N4D,13,B,PRAM,0.57,20
WPE02,1,2020,N4D,13,B,CODR,1.14,18
WPE02,1,2020,N4D,13,B,CODR,0.94,18
WPE02,1,2020,N4D,13,B,CODR,0.48,18
WPE02,1,2020,N4D,13,B,CODR,0.27,18
WPE02,1,2020,N4D,13,B,CODR,1.1,6
WPE02,1,2020,N4D,13,B,CODR,0.51,6
WPE02,1,2020,N4D,13,B,CODR,0.35,6
WPE02,1,2020,N4D,13,B,RUPE,0.31,6
WPE02,1,2020,N4D,13,B,CODR,0.55,4
WPE02,1,2020,N4D,13,B,CODR,0.15,4
WPE02,1,2020,N4D,13,B,CODR,0.24,4
WPE02,1,2020,N4D,13,B,CODR,0.73,2
WPE02,1,2020,N4D,13,B,CODR,0.6,2
WPE02,1,2020,N4D,13,C,CODR,0.88,22
WPE02,1,2020,N4D,13,C,CODR,1.04,22
WPE02,1,2020,N4D,13,C,CODR,2.65,16
WPE02,1,2020,N4D,13,C,CODR,0.8,12
WPE02,1,2020,N4D,13,C,CODR,0.56,12
WPE02,1,2020,N4D,13,C,RUPE,0.49,10
WPE02,1,2020,N4D,13,C,PRAM,0.27,2
WPE02,1,2020,N4D,14,C,CODR,1.07,22
WPE02,1,2020,N4D,14,C,CODR,0.66,22
WPE02,1,2020,N4D,14,C,CODR,0.38,18
WPE02,1,2020,N4D,14,C,CODR,0.54,18
WPE02,1,2020,N4D,14,C,PRAM,0.61,10
WPE02,1,2020,N4D,14,C,PRAM,0.71,10
WPE02,1,2020,N4D,14,C,PRAM,0.49,10
WPE02,1,2020,N4D,14,C,PRAM,0.4,10
WPE02,1,2020,N4D,14,C,PRAM,0.28,10
WPE02,1,2020,N4D,14,C,CODR,0.46,10
WPE02,1,2020,N4D,14,C,CODR,0.77,10
WPE02,1,2020,N4D,14,C,CODR,1.08,10
WPE02,1,2020,N4D,14,C,CODR,0.84,10
WPE02,1,2020,N4D,14,C,CODR,0.71,2
WPE02,1,2020,N4D,14,C,CODR,2.71,2
WPE02,1,2020,N4D,14,C,CODR,1.44,2
WPE02,1,2020,N4D,14,C,RUPE,0.34,2
WPE02,1,2020,N4D,14,C,PRAM,0.83,2
WPE02,1,2020,N4D,14,C,PRAM,1.21,2
WPE02,1,2020,N4D,14,C,RUPE,0.52,4
WPE02,1,2020,N4D,14,C,PRAM,0.81,4
WPE02,1,2020,N4D,14,C,PRAM,0.58,6
WPE02,1,2020,N4D,14,C,PRAM,0.69,6
WPE02,1,2020,N4D,14,C,PRAM,0.57,6
WPE02,1,2020,N4D,14,C,CODR,0.58,6
WPE02,1,2020,N4D,14,C,CODR,1.14,6
WPE02,1,2020,N4D,14,C,CODR,1.03,8
WPE02,1,2020,N4D,14,C,CODR,1.07,8
WPE02,1,2020,N4D,14,C,PRAM,1.08,8
WPE02,1,2020,N4D,14,C,PRAM,1.05,8
WPE02,1,2020,N4D,14,C,PRAM,0.53,8
WPE02,1,2020,N4D,14,A,CODR,2.01,6
WPE02,1,2020,N4D,14,A,CODR,0.95,6
WPE02,1,2020,N4D,14,A,CODR,1.78,6
WPE02,1,2020,N4D,14,A,CODR,1.95,6
WPE02,1,2020,N4D,14,A,CODR,2.2,6
WPE02,1,2020,N4D,14,A,CODR,0.75,6
WPE02,1,2020,N4D,14,A,CODR,0.28,8
WPE02,1,2020,N4D,14,A,CODR,0.24,8
WPE02,1,2020,N4D,14,A,CODR,0.9,8
WPE02,1,2020,N4D,14,A,CODR,0.21,8
WPE02,1,2020,N4D,14,A,CODR,0.9,8
WPE02,1,2020,N4D,14,A,CODR,0.9,10
WPE02,1,2020,N4D,14,A,CODR,0.63,10
WPE02,1,2020,N4D,14,A,RUPE,0.73,10
WPE02,1,2020,N4D,14,A,CODR,0.17,14
WPE02,1,2020,N4D,14,A,CODR,1.1,14
WPE02,1,2020,N4D,14,A,RUPE,0.56,14
WPE02,1,2020,N4D,14,A,CODR,1.5,18
WPE02,1,2020,N4D,14,A,ZAAM,0.58,18
WPE02,1,2020,N4D,14,A,ZAAM,1.66,18
WPE02,1,2020,N4D,14,A,CODR,2.5,20
WPE02,1,2020,N4D,14,A,ZAAM,0.37,20
WPE02,1,2020,N4D,14,A,CODR,1.76,22
WPE02,1,2020,N4D,14,A,CODR,0.23,22
WPE02,1,2020,N4D,14,A,ZAAM,0.55,22
WPE02,1,2020,N4D,14,A,CODR,3.4,4
WPE02,1,2020,N4D,14,A,CODR,1.7,4
WPE02,1,2020,N4D,14,A,CODR,1.01,2
WPE02,1,2020,N4D,14,A,CODR,0.83,2
WPE02,1,2020,N4D,14,A,CODR,0.65,2
WPE02,1,2020,N4D,14,A,CODR,0.49,2
WPE02,1,2020,N4D,14,A,CODR,1.18,2
WPE02,1,2020,N4D,14,A,RUPE,0.42,2
WPE02,1,2020,N4D,14,A,PRAM,0.81,2
WPE02,1,2020,N4D,14,B,CODR,0.48,2
WPE02,1,2020,N4D,14,B,CODR,0.39,2
WPE02,1,2020,N4D,14,B,CODR,0.93,4
WPE02,1,2020,N4D,14,B,CODR,1.02,4
WPE02,1,2020,N4D,14,B,PRAM,0.5,6
WPE02,1,2020,N4D,14,B,RUPE,0.24,6
WPE02,1,2020,N4D,14,B,PRAM,4.4,8
WPE02,1,2020,N4D,14,B,PRAM,2.64,10
WPE02,1,2020,N4D,14,B,PRAM,5.2,10
WPE02,1,2020,N4D,14,B,PRAM,4.09,10
WPE02,1,2020,N4D,14,B,PRAM,0.21,10
WPE02,1,2020,N4D,14,B,PRAM,3.57,12
WPE02,1,2020,N4D,14,B,PRAM,0.8,16
WPE02,1,2020,N4D,14,B,RIMI,0.57,16
WPE02,1,2020,N4D,14,B,CODR,1.25,18
WPE02,1,2020,N4D,14,B,PRAM,4.54,20
WPE02,1,2020,N4D,14,B,CODR,1,20
WPE02,1,2020,N4D,14,B,RUPE,0.33,22
WPE02,1,2020,N4D,14,B,CODR,0.78,22
WPE02,1,2020,N4D,15,A,CODR,0.1,18
WPE02,1,2020,N4D,15,B,CODR,0.3,20
WPE02,1,2020,N4D,15,B,CODR,0.33,20
WPE02,1,2020,N4D,15,B,CODR,0.16,20
WPE02,1,2020,N4D,15,B,CODR,0.2,20
WPE02,1,2020,N4D,15,B,CODR,0.14,20
WPE02,1,2020,N4D,15,B,CODR,0.2,20
WPE02,1,2020,N4D,15,B,CODR,0.17,20
WPE02,1,2020,N4D,15,B,CODR,2.03,14
WPE02,1,2020,N4D,15,B,CODR,1.11,14
WPE02,1,2020,N4D,15,B,CODR,1.54,12
WPE02,1,2020,N4D,15,B,CODR,1.23,12
WPE02,1,2020,N4D,15,B,CODR,1.18,12
WPE02,1,2020,N4D,15,B,CODR,1.1,12
WPE02,1,2020,N4D,15,B,CODR,0.98,12
WPE02,1,2020,N4D,15,B,CODR,0.54,12
WPE02,1,2020,N4D,15,B,CODR,0.52,10
WPE02,1,2020,N4D,15,C,CODR,0.81,14
WPE02,1,2020,N4D,15,C,CODR,0.97,10
WPE02,1,2020,N4D,15,C,CODR,1.33,10
WPE02,1,2020,N4D,15,C,CODR,0.68,8
WPE02,1,2020,N4D,15,C,CODR,1.3,8
WPE02,1,2020,N4D,15,C,CODR,0.85,8
WPE02,1,2020,N4D,15,C,CODR,1.13,8
WPE02,1,2020,N4D,15,C,CODR,0.55,8
WPE02,1,2020,N4D,15,C,CODR,0.6,8
WPE02,1,2020,N4D,15,C,CODR,0.92,8
WPE02,1,2020,N4D,15,C,CODR,0.76,8
WPE02,1,2020,N4D,15,C,CODR,0.52,6
WPE02,1,2020,N4D,15,C,CODR,0.7,4
WPE02,1,2020,N4D,15,C,CODR,0.34,4
WPE02,1,2020,N4D,15,C,CODR,0.45,4
WPE02,1,2020,N4D,15,C,CODR,0.26,4
WPE02,1,2020,N4D,15,C,CODR,0.44,2
WPE02,1,2020,N4D,15,C,CODR,0.41,2
WPE02,1,2020,N4D,16,C,CEOC,1.17,22
WPE02,1,2020,N4D,16,C,CEOC,0.71,22
WPE02,1,2020,N4D,16,C,CODR,0.62,18
WPE02,1,2020,N4D,16,C,ZAAM,0.17,18
WPE02,1,2020,N4D,16,C,CEOC,0.65,18
WPE02,1,2020,N4D,17,A,PRAN,0.81,12
WPE02,1,2020,N4D,17,A,PRAN,0.46,12
WPE02,1,2020,N4D,17,A,PRAN,0.32,12
WPE02,1,2020,N4D,17,A,ZAAM,0.72,12
WPE02,1,2020,N4D,17,A,PRAN,0.65,10
WPE02,1,2020,N4D,17,A,PRAN,0.74,10
WPE02,1,2020,N4D,17,A,PRAN,0.63,10
WPE02,1,2020,N4D,17,A,PRAN,0.65,10
WPE02,1,2020,N4D,17,A,ZAAM,0.79,10
WPE02,1,2020,N4D,18,A,CODR,1.11,8
WPE02,1,2020,N4D,18,A,CODR,1.64,8
WPE02,1,2020,N4D,18,A,CODR,1.48,8
WPE02,1,2020,N4D,18,A,CODR,1.71,8
WPE02,1,2020,N4D,18,C,RHGL,0.94,22
WPE02,1,2020,N4D,18,C,CODR,0.54,14
WPE02,1,2020,N4D,18,C,CODR,0.51,14
WPE02,1,2020,N4D,18,C,CODR,1.3,10
WPE02,1,2020,N4D,18,C,CODR,1.16,10
WPE02,1,2020,N4D,18,C,CODR,1.1,10
WPE02,1,2020,N4D,18,C,SEMA,0.31,6
WPE02,1,2020,N4D,18,C,CODR,0.87,6
WPE02,1,2020,N4D,18,C,RHGL,0.57,6
WPE02,1,2020,N4D,18,C,RHGL,0.99,6
WPE02,1,2020,N4D,18,C,RHGL,0.77,6
WPE02,1,2020,N4D,18,C,CODR,0.48,4
WPE02,1,2020,N4D,18,C,CODR,0.5,4
WPE02,1,2020,N4D,18,C,RHAR,1.32,2
WPE02,1,2020,N4D,18,C,RHAR,0.75,2
WPE02,1,2020,N4D,18,C,RHAR,0.63,2
WPE02,1,2020,N4D,18,C,CODR,0.11,2
WPE02,1,2020,N4D,18,C,CODR,0.11,2
WPE02,1,2020,N4D,19,A,RHGL,0.63,8
WPE02,1,2020,N4D,19,A,RHGL,0.79,8
WPE02,1,2020,N4D,19,A,CODR,0.44,8
WPE02,1,2020,N4D,19,A,CODR,0.23,8
WPE02,1,2020,N4D,19,A,RHGL,0.73,10
WPE02,1,2020,N4D,19,A,RHGL,0.51,10
WPE02,1,2020,N4D,19,A,RHGL,0.4,12
WPE02,1,2020,N4D,19,A,RHGL,0.68,12
WPE02,1,2020,N4D,19,A,RHGL,0.68,12
WPE02,1,2020,N4D,19,A,RHGL,0.93,20
WPE02,1,2020,N4D,19,A,RHGL,0.89,22
WPE02,1,2020,N4D,19,B,CODR,0.27,18
WPE02,1,2020,N4D,19,B,RHGL,0.87,16
WPE02,1,2020,N4D,19,B,RHGL,0.58,16
WPE02,1,2020,N4D,19,B,CODR,1.28,12
WPE02,1,2020,N4D,19,B,CODR,0.93,12
WPE02,1,2020,N4D,19,B,CODR,1.1,10
WPE02,1,2020,N4D,19,B,CODR,1.12,10
WPE02,1,2020,N4D,19,B,RHAR,0.54,8
WPE02,1,2020,N4D,19,B,RHAR,0.31,8
WPE02,1,2020,N4D,19,B,CODR,1.18,8
WPE02,1,2020,N4D,19,B,CODR,1,8
WPE02,1,2020,N4D,19,B,CODR,0.81,8
WPE02,1,2020,N4D,19,B,CODR,1.05,8
WPE02,1,2020,N4D,19,B,CODR,1.08,8
WPE02,1,2020,N4D,19,B,CODR,0.72,8
WPE02,1,2020,N4D,19,B,CODR,0.42,8
WPE02,1,2020,N4D,19,B,CODR,1.4,8
WPE02,1,2020,N4D,19,B,CODR,1.07,6
WPE02,1,2020,N4D,19,B,CODR,0.68,6
WPE02,1,2020,N4D,19,B,CODR,0.76,6
WPE02,1,2020,N4D,19,B,CODR,0.96,6
WPE02,1,2020,N4D,19,B,CODR,0.42,4
WPE02,1,2020,N4D,19,B,CODR,1.11,4
WPE02,1,2020,N4D,19,B,CODR,0.94,4
WPE02,1,2020,N4D,19,B,CODR,0.42,4
WPE02,1,2020,N4D,20,B,CODR,0.8,4
WPE02,1,2020,N4D,20,B,CODR,0.71,4
WPE02,1,2020,N4D,20,B,CODR,2.09,4
WPE02,1,2020,N4D,20,B,CODR,1.06,2
WPE02,1,2020,N4D,20,B,CODR,0.16,2
WPE02,1,2020,N4D,20,C,CODR,0.73,18
WPE02,1,2020,N4D,20,C,CODR,0.3,18
WPE02,1,2020,N4D,20,C,CODR,0.88,18
WPE02,1,2020,N4D,20,C,CODR,0.13,16
WPE02,1,2020,N4D,20,C,CODR,0.39,16
WPE02,1,2020,N4D,20,C,CODR,1.24,12
WPE02,1,2020,N4D,20,C,CODR,0.9,8
WPE02,1,2020,N4D,20,C,CODR,0.56,6
WPE02,1,2020,N4D,20,C,CODR,0.48,6
WPE02,1,2020,N4D,20,A,CODR,0.65,10
WPE02,1,2020,N4D,20,A,CODR,1.11,8
WPE02,1,2020,N4D,20,A,CODR,0.63,8
WPE02,1,2020,N4D,20,A,CODR,0.31,8
WPE02,1,2020,N4D,20,A,CODR,0.26,8
WPE02,1,2020,N4D,20,B,CODR,1.25,22
WPE02,1,2020,N4D,20,B,CODR,0.74,22
WPE02,1,2020,N4D,20,B,CODR,0.72,22
WPE02,1,2020,N4D,20,B,CODR,1.15,22
WPE02,1,2020,N4D,20,B,CODR,0.43,22
WPE02,1,2020,N4D,20,B,CODR,0.41,22
WPE02,1,2020,N4D,20,B,CODR,1.24,20
WPE02,1,2020,N4D,20,B,CODR,1.47,6
WPE02,1,2020,N4D,21,C,RHGL,1.06,20
WPE02,1,2020,N4D,21,B,PRAM,0.29,4
WPE02,1,2020,N4D,21,B,PRAM,0.89,8
WPE02,1,2020,N4D,21,B,PRAM,1,8
WPE02,1,2020,N4D,21,B,PRAM,1.06,8
WPE02,1,2020,N4D,21,B,PRAM,0.96,8
WPE02,1,2020,N4D,21,B,PRAM,1.27,8
WPE02,1,2020,N4D,21,B,CODR,1.71,8
WPE02,1,2020,N4D,21,B,CODR,0.72,8
WPE02,1,2020,N4D,21,B,PRAM,0.72,10
WPE02,1,2020,N4D,21,B,PRAM,0.77,10
WPE02,1,2020,N4D,21,B,PRAM,0.88,10
WPE02,1,2020,N4D,21,B,PRAM,0.74,10
WPE02,1,2020,N4D,21,B,PRAM,1.1,10
WPE02,1,2020,N4D,21,B,PRAM,1.15,12
WPE02,1,2020,N4D,21,B,PRAM,1.36,1
WPE02,1,2020,N4D,21,B,PRAM,0.71,12
WPE02,1,2020,N4D,21,B,PRAM,1.67,14
WPE02,1,2020,N4D,21,B,PRAM,1.21,14
WPE02,1,2020,N4D,21,B,CODR,0.65,14
WPE02,1,2020,N4D,21,B,PRAM,0.8,16
WPE02,1,2020,N4D,21,B,PRAM,0.62,18
WPE02,1,2020,N4D,21,B,PRAM,2.4,20
WPE02,1,2020,N4D,21,B,PRAM,1.7,20
WPE02,1,2020,N4D,21,B,PRAM,0.78,22
WPE02,1,2020,N4D,21,C,PRAM,0.42,4
WPE02,1,2020,N4D,21,C,PRAM,1.29,6
WPE02,1,2020,N4D,21,C,PRAM,0.6,6
WPE02,1,2020,N4D,21,C,PRAM,1.13,8
WPE02,1,2020,N4D,21,C,PRAM,1.38,8
WPE02,1,2020,N4D,21,C,CODR,0.29,22
WPE02,1,2020,N4D,21,C,PRAM,1.06,16
WPE02,1,2020,N4D,21,C,PRAM,0.97,16
WPE02,1,2020,N4D,21,C,PRAM,0.94,16
WPE02,1,2020,N4D,21,C,PRAM,0.46,14
WPE02,1,2020,N4D,21,C,PRAM,1.03,12
WPE02,1,2020,N4D,21,C,PRAM,1.01,12
WPE02,1,2020,N4D,21,C,PRAM,0.7,12
WPE02,1,2020,N4D,21,C,PRAM,0.85,12
WPE02,1,2020,N4D,21,C,PRAM,1.2,10
WPE02,1,2020,N4D,21,C,PRAM,1.31,10
WPE02,1,2020,N4D,21,C,PRAM,0.61,10
WPE02,1,2020,N4D,21,C,PRAM,0.16,10
WPE02,1,2020,N4D,22,A,CODR,0.9,22
WPE02,1,2020,N4D,22,A,CODR,1.16,22
WPE02,1,2020,N4D,22,A,CODR,1.38,20
WPE02,1,2020,N4D,22,A,CODR,0.55,16
WPE02,1,2020,N4D,22,A,CODR,0.7,16
WPE02,1,2020,N4D,22,A,CODR,0.37,16
WPE02,1,2020,N4D,22,C,PRAM,0.82,6
WPE02,1,2020,N4D,22,C,CODR,0.99,8
WPE02,1,2020,N4D,22,C,CODR,0.46,8
WPE02,1,2020,N4D,22,C,CODR,0.22,8
WPE02,1,2020,N4D,22,C,CODR,0.33,10
WPE02,1,2020,N4D,22,C,CODR,0.36,10
WPE02,1,2020,N4D,22,C,CODR,0.65,12
WPE02,1,2020,N4D,22,C,CODR,0.49,22
WPE02,1,2020,N4D,22,C,CODR,1.09,22
WPE02,1,2020,N4D,22,C,CODR,0.9,20
WPE02,1,2020,N4D,22,C,CODR,0.5,20
WPE02,1,2020,N4D,22,C,CODR,0.5,18
WPE02,1,2020,N4D,22,C,CODR,0.26,18
WPE02,1,2020,N4D,23,A,CODR,1.13,22
WPE02,1,2020,N4D,23,A,CODR,1,20
WPE02,1,2020,N4D,23,A,CODR,0.46,12
WPE02,1,2020,N4D,23,A,CODR,0.68,12
WPE02,1,2020,N4D,23,A,CODR,0.66,12
WPE02,1,2020,N4D,23,A,CODR,0.61,12
WPE02,1,2020,N4D,23,A,CODR,0.49,10
WPE02,1,2020,N4D,23,A,CODR,0.42,10
WPE02,1,2020,N4D,23,A,CODR,0.44,10
WPE02,1,2020,N4D,23,A,CODR,0.77,6
WPE02,1,2020,N4D,23,C,CODR,0.6,14
WPE02,1,2020,N4D,23,C,CODR,0.3,12
WPE02,1,2020,N4D,23,B,CODR,1.36,8
WPE02,1,2020,N4D,23,B,CODR,0.35,6
WPE02,1,2020,N4D,23,B,CODR,0.59,6
WPE02,1,2020,N4D,23,B,CODR,1,2
WPE02,1,2020,N4D,23,B,CODR,0.77,2
WPE02,1,2020,N4D,23,C,CODR,0.65,4
WPE02,1,2020,N4D,23,C,CODR,1.03,6
WPE02,1,2020,N4D,23,C,CODR,0.52,10
WPE02,1,2020,N4D,23,C,CODR,1.42,10
WPE02,1,2020,N4D,24,A,CODR,1.16,18
WPE02,1,2020,N4D,24,A,CODR,0.85,18
WPE02,1,2020,N4D,24,C,CODR,1.7,14
WPE02,1,2020,N4D,24,B,CODR,0.96,22
WPE02,1,2020,N4D,24,B,CODR,1.24,22
WPE02,1,2020,N4D,24,B,CODR,0.88,22
WPE02,1,2020,N4D,24,B,CODR,0.91,6
WPE02,1,2020,N4D,24,B,CODR,0.68,6
WPE02,1,2020,N4D,24,B,CODR,1.16,10
WPE02,1,2020,N4D,24,B,CODR,1,10
WPE02,1,2020,N4D,24,B,CODR,0.95,20
WPE02,1,2020,N4D,24,B,CODR,0.73,20
WPE02,1,2020,N4D,24,B,CODR,0.95,20
WPE02,1,2020,N4D,24,B,CODR,0.63,20
WPE02,1,2020,N4D,24,B,CODR,1.28,16
WPE02,1,2020,N4D,24,B,CODR,0.63,18
WPE02,1,2020,N4D,24,B,CODR,0.92,18
WPE02,1,2020,N4D,24,B,CODR,1.11,18
WPE02,1,2020,N4D,24,B,CODR,0.44,18
WPE02,1,2020,N4D,24,B,CODR,0.75,18
WPE02,1,2022,4B,1,A,PRAM,0.486,2
WPE02,1,2022,4B,1,C,PRAM,0.459,8
WPE02,1,2022,4B,1,C,CODR,0.501,10
WPE02,1,2022,4B,1,C,CODR,0.441,10
WPE02,1,2022,4B,1,C,CODR,0.303,10
WPE02,1,2022,4B,1,C,PRAM,0.553,10
WPE02,1,2022,4B,1,C,PRAM,0.521,10
WPE02,1,2022,4B,1,C,PRAM,0.399,12
WPE02,1,2022,4B,1,C,PRAM,0.311,14
WPE02,1,2022,4B,1,C,CODR,0.215,22
WPE02,1,2022,4B,1,C,CODR,0.495,22
WPE02,1,2022,4B,1,C,CODR,0.579,22
WPE02,1,2022,4B,1,C,CODR,0.35,22
WPE02,1,2022,4B,1,C,CODR,0.281,22
WPE02,1,2022,4B,2,A,CODR,0.386,2
WPE02,1,2022,4B,2,A,CODR,0.384,2
WPE02,1,2022,4B,2,A,CODR,0.302,2
WPE02,1,2022,4B,2,A,CODR,0.566,4
WPE02,1,2022,4B,2,A,CODR,0.59,4
WPE02,1,2022,4B,2,A,PRAM,0.398,4
WPE02,1,2022,4B,2,A,PRAM,0.756,4
WPE02,1,2022,4B,2,A,CODR,0.404,6
WPE02,1,2022,4B,2,A,PRAM,0.866,6
WPE02,1,2022,4B,2,A,CODR,0.517,8
WPE02,1,2022,4B,2,A,PRAM,0.66,8
WPE02,1,2022,4B,2,A,PRAM,0.558,8
WPE02,1,2022,4B,2,A,PRAM,0.479,8
WPE02,1,2022,4B,2,A,CODR,0.697,10
WPE02,1,2022,4B,2,A,PRAM,0.346,10
WPE02,1,2022,4B,2,A,PRAM,0.755,10
WPE02,1,2022,4B,2,A,RHGL,0.907,10
WPE02,1,2022,4B,2,A,RHGL,0.716,10
WPE02,1,2022,4B,2,A,RHGL,0.716,10
WPE02,1,2022,4B,2,A,CODR,0.575,12
WPE02,1,2022,4B,2,A,CODR,0.474,12
WPE02,1,2022,4B,2,A,PRAM,0.483,12
WPE02,1,2022,4B,2,A,RHGL,0.814,12
WPE02,1,2022,4B,2,A,CODR,0.462,14
WPE02,1,2022,4B,2,A,Rubus,0.249,14
WPE02,1,2022,4B,2,A,CODR,0.397,16
WPE02,1,2022,4B,2,A,CODR,0.634,18
WPE02,1,2022,4B,2,A,CODR,0.48,18
WPE02,1,2022,4B,2,A,CODR,0.41,18
WPE02,1,2022,4B,2,A,PRAM,0.498,20
WPE02,1,2022,4B,2,A,PRAM,0.837,20
WPE02,1,2022,4B,2,A,PRAM,0.573,20
WPE02,1,2022,4B,2,A,CODR,0.49,22
WPE02,1,2022,4B,2,A,PRAM,0.403,22
WPE02,1,2022,4B,2,A,PRAM,0.524,22
WPE02,1,2022,4B,2,B,CODR,0.585,2
WPE02,1,2022,4B,2,B,CODR,0.431,2
WPE02,1,2022,4B,2,B,CODR,0.32,2
WPE02,1,2022,4B,2,B,CODR,0.412,4
WPE02,1,2022,4B,2,B,CODR,0.256,4
WPE02,1,2022,4B,2,B,CODR,0.327,6
WPE02,1,2022,4B,2,B,CODR,0.252,6
WPE02,1,2022,4B,2,B,CODR,0.87,6
WPE02,1,2022,4B,2,B,CODR,0.634,6
WPE02,1,2022,4B,2,B,CODR,0.869,6
WPE02,1,2022,4B,2,B,PRAM,0.462,6
WPE02,1,2022,4B,2,B,PRAM,0.406,6
WPE02,1,2022,4B,2,B,PRAM,0.401,6
WPE02,1,2022,4B,2,B,CODR,0.197,8
WPE02,1,2022,4B,2,B,Rubus,0.349,10
WPE02,1,2022,4B,2,B,CODR,0.803,12
WPE02,1,2022,4B,2,B,CODR,0.401,12
WPE02,1,2022,4B,2,B,CODR,0.515,12
WPE02,1,2022,4B,2,B,CODR,0.242,12
WPE02,1,2022,4B,2,B,CODR,0.384,14
WPE02,1,2022,4B,2,B,CODR,0.507,14
WPE02,1,2022,4B,2,B,CODR,0.443,14
WPE02,1,2022,4B,2,B,CODR,0.357,14
WPE02,1,2022,4B,2,B,CODR,0.472,16
WPE02,1,2022,4B,2,B,CODR,0.517,16
WPE02,1,2022,4B,2,B,Rubus,0.444,16
WPE02,1,2022,4B,2,B,Rubus,0.457,16
WPE02,1,2022,4B,2,B,CODR,0.26,18
WPE02,1,2022,4B,2,B,CODR,0.773,20
WPE02,1,2022,4B,2,B,CODR,0.459,20
WPE02,1,2022,4B,2,B,CODR,0.308,20
WPE02,1,2022,4B,2,B,CODR,0.395,20
WPE02,1,2022,4B,2,B,CODR,0.517,22
WPE02,1,2022,4B,2,B,CODR,0.398,22
WPE02,1,2022,4B,2,C,CODR,0.421,2
WPE02,1,2022,4B,2,C,CODR,0.393,2
WPE02,1,2022,4B,2,C,PRAM,0.669,2
WPE02,1,2022,4B,2,C,PRAM,1.02,2
WPE02,1,2022,4B,2,C,PRAM,0.562,2
WPE02,1,2022,4B,2,C,PRAM,0.619,2
WPE02,1,2022,4B,2,C,CODR,0.42,4
WPE02,1,2022,4B,2,C,CODR,0.596,4
WPE02,1,2022,4B,2,C,CODR,0.408,4
WPE02,1,2022,4B,2,C,CODR,0.585,4
WPE02,1,2022,4B,2,C,CODR,0.615,4
WPE02,1,2022,4B,2,C,CODR,0.36,4
WPE02,1,2022,4B,2,C,CODR,0.422,4
WPE02,1,2022,4B,2,C,CODR,0.327,6
WPE02,1,2022,4B,2,C,Rubus,0.359,6
WPE02,1,2022,4B,2,C,Rubus,0.448,6
WPE02,1,2022,4B,2,C,CODR,0.364,8
WPE02,1,2022,4B,2,C,CODR,0.521,8
WPE02,1,2022,4B,2,C,CODR,0.494,8
WPE02,1,2022,4B,2,C,CODR,0.342,8
WPE02,1,2022,4B,2,C,CODR,0.467,8
WPE02,1,2022,4B,2,C,Rubus,0.435,8
WPE02,1,2022,4B,2,C,CODR,0.413,10
WPE02,1,2022,4B,2,C,CODR,0.354,10
WPE02,1,2022,4B,2,C,CODR,0.407,10
WPE02,1,2022,4B,2,C,CODR,0.353,10
WPE02,1,2022,4B,2,C,CODR,0.404,10
WPE02,1,2022,4B,2,C,CODR,0.295,10
WPE02,1,2022,4B,2,C,CODR,0.572,10
WPE02,1,2022,4B,2,C,CODR,0.565,12
WPE02,1,2022,4B,2,C,CODR,0.481,12
WPE02,1,2022,4B,2,C,CODR,0.787,12
WPE02,1,2022,4B,2,C,CODR,0.623,12
WPE02,1,2022,4B,2,C,PRAM,0.57,12
WPE02,1,2022,4B,2,C,PRAM,0.262,12
WPE02,1,2022,4B,2,C,PRAM,0.274,12
WPE02,1,2022,4B,2,C,CODR,0.899,14
WPE02,1,2022,4B,2,C,CODR,1.018,14
WPE02,1,2022,4B,2,C,CODR,0.592,14
WPE02,1,2022,4B,2,C,CODR,0.718,14
WPE02,1,2022,4B,2,C,PRAM,0.59,14
WPE02,1,2022,4B,2,C,Rubus,0.406,14
WPE02,1,2022,4B,2,C,Rubus,0.208,14
WPE02,1,2022,4B,2,C,Rubus,0.403,14
WPE02,1,2022,4B,2,C,CODR,0.732,16
WPE02,1,2022,4B,2,C,CODR,0.526,16
WPE02,1,2022,4B,2,C,CODR,0.591,16
WPE02,1,2022,4B,2,C,PRAM,0.654,16
WPE02,1,2022,4B,2,C,PRAM,0.532,16
WPE02,1,2022,4B,2,C,Rubus,0.414,16
WPE02,1,2022,4B,2,C,CODR,0.249,18
WPE02,1,2022,4B,2,C,PRAM,0.588,18
WPE02,1,2022,4B,2,C,PRAM,0.361,18
WPE02,1,2022,4B,2,C,PRAM,0.275,18
WPE02,1,2022,4B,2,C,PRAM,0.914,18
WPE02,1,2022,4B,2,C,PRAM,0.546,18
WPE02,1,2022,4B,2,C,PRAM,0.621,20
WPE02,1,2022,4B,2,C,PRAM,0.459,20
WPE02,1,2022,4B,2,C,PRAM,0.801,20
WPE02,1,2022,4B,2,C,PRAM,0.349,20
WPE02,1,2022,4B,2,C,PRAM,0.424,22
WPE02,1,2022,4B,2,C,PRAM,0.38,22
WPE02,1,2022,4B,2,C,Rubus,0.417,22
WPE02,1,2022,4B,2,C,Rubus,0.345,22
WPE02,1,2022,4B,2,C,Rubus,0.442,22
WPE02,1,2022,4B,2,C,Rubus,0.299,22
WPE02,1,2022,4B,3,A,CODR,0.833,2
WPE02,1,2022,4B,3,A,CODR,0.615,2
WPE02,1,2022,4B,3,A,PRAM,0.433,2
WPE02,1,2022,4B,3,A,PRAM,0.65,2
WPE02,1,2022,4B,3,A,PRAM,0.354,2
WPE02,1,2022,4B,3,A,CODR,0.549,4
WPE02,1,2022,4B,3,A,CODR,0.566,4
WPE02,1,2022,4B,3,A,PRAM,0.475,4
WPE02,1,2022,4B,3,A,PRAM,0.422,4
WPE02,1,2022,4B,3,A,PRAM,0.141,4
WPE02,1,2022,4B,3,A,PRAM,0.372,4
WPE02,1,2022,4B,3,A,PRAM,0.365,4
WPE02,1,2022,4B,3,A,CODR,0.569,6
WPE02,1,2022,4B,3,A,CODR,0.422,6
WPE02,1,2022,4B,3,A,CODR,0.368,6
WPE02,1,2022,4B,3,A,PRAM,0.486,6
WPE02,1,2022,4B,3,A,PRAM,0.487,6
WPE02,1,2022,4B,3,A,PRAM,0.315,6
WPE02,1,2022,4B,3,A,PRAM,0.353,6
WPE02,1,2022,4B,3,A,PRAM,0.482,6
WPE02,1,2022,4B,3,A,PRAM,0.661,8
WPE02,1,2022,4B,3,A,PRAM,0.422,8
WPE02,1,2022,4B,3,A,PRAM,0.473,8
WPE02,1,2022,4B,3,A,PRAM,0.351,8
WPE02,1,2022,4B,3,A,PRAM,0.415,8
WPE02,1,2022,4B,3,A,PRAM,0.408,8
WPE02,1,2022,4B,3,A,PRAM,0.432,10
WPE02,1,2022,4B,3,A,PRAM,0.388,10
WPE02,1,2022,4B,3,A,PRAM,0.556,10
WPE02,1,2022,4B,3,A,PRAM,0.627,10
WPE02,1,2022,4B,3,A,PRAM,0.443,12
WPE02,1,2022,4B,3,A,PRAM,0.324,12
WPE02,1,2022,4B,3,A,PRAM,0.593,12
WPE02,1,2022,4B,3,A,PRAM,0.215,12
WPE02,1,2022,4B,3,A,PRAM,0.331,14
WPE02,1,2022,4B,3,A,PRAM,0.431,14
WPE02,1,2022,4B,3,A,PRAM,0.474,14
WPE02,1,2022,4B,3,A,PRAM,0.39,14
WPE02,1,2022,4B,3,A,PRAM,0.527,14
WPE02,1,2022,4B,3,A,PRAM,0.663,14
WPE02,1,2022,4B,3,A,PRAM,0.667,14
WPE02,1,2022,4B,3,A,PRAM,0.262,16
WPE02,1,2022,4B,3,A,PRAM,0.577,16
WPE02,1,2022,4B,3,A,PRAM,0.344,16
WPE02,1,2022,4B,3,A,PRAM,0.482,16
WPE02,1,2022,4B,3,A,PRAM,0.67,18
WPE02,1,2022,4B,3,A,PRAM,0.828,18
WPE02,1,2022,4B,3,A,PRAM,0.469,18
WPE02,1,2022,4B,3,A,PRAM,0.615,20
WPE02,1,2022,4B,3,A,PRAM,0.846,20
WPE02,1,2022,4B,3,A,PRAM,0.406,22
WPE02,1,2022,4B,3,A,PRAM,0.193,22
WPE02,1,2022,4B,3,A,PRAM,0.57,22
WPE02,1,2022,4B,3,A,PRAM,0.792,22
WPE02,1,2022,4B,3,A,PRAM,0.19,22
WPE02,1,2022,4B,3,B,CODR,0.389,2
WPE02,1,2022,4B,3,B,PRAM,0.243,4
WPE02,1,2022,4B,3,B,PRAM,0.346,4
WPE02,1,2022,4B,3,B,CODR,0.412,6
WPE02,1,2022,4B,3,B,CODR,0.377,6
WPE02,1,2022,4B,3,B,CODR,0.515,8
WPE02,1,2022,4B,3,B,CODR,0.337,8
WPE02,1,2022,4B,3,B,CODR,0.336,8
WPE02,1,2022,4B,3,B,CODR,0.32,8
WPE02,1,2022,4B,3,B,CODR,0.305,10
WPE02,1,2022,4B,3,B,CODR,0.515,10
WPE02,1,2022,4B,3,B,CODR,0.595,10
WPE02,1,2022,4B,3,B,CODR,0.405,10
WPE02,1,2022,4B,3,B,CODR,0.251,10
WPE02,1,2022,4B,3,B,CODR,0.283,10
WPE02,1,2022,4B,3,B,CODR,0.438,10
WPE02,1,2022,4B,3,B,CODR,0.661,12
WPE02,1,2022,4B,3,B,CODR,0.375,12
WPE02,1,2022,4B,3,B,CODR,0.263,12
WPE02,1,2022,4B,3,B,CODR,0.208,12
WPE02,1,2022,4B,3,B,CODR,0.494,12
WPE02,1,2022,4B,3,B,CODR,0.626,14
WPE02,1,2022,4B,3,B,CODR,0.531,14
WPE02,1,2022,4B,3,B,CODR,0.412,14
WPE02,1,2022,4B,3,B,CODR,0.207,16
WPE02,1,2022,4B,3,B,CODR,0.455,16
WPE02,1,2022,4B,3,B,CODR,0.51,16
WPE02,1,2022,4B,3,B,CODR,0.393,16
WPE02,1,2022,4B,3,B,CODR,0.406,16
WPE02,1,2022,4B,3,B,CODR,0.294,16
WPE02,1,2022,4B,3,B,CODR,0.504,18
WPE02,1,2022,4B,3,B,CODR,0.32,18
WPE02,1,2022,4B,3,B,CODR,0.388,18
WPE02,1,2022,4B,3,C,CODR,0.451,2
WPE02,1,2022,4B,3,C,CODR,0.313,2
WPE02,1,2022,4B,3,C,PRAM,0.342,2
WPE02,1,2022,4B,3,C,PRAM,0.314,2
WPE02,1,2022,4B,3,C,CODR,0.325,8
WPE02,1,2022,4B,3,C,CODR,0.466,10
WPE02,1,2022,4B,3,C,CODR,0.278,10
WPE02,1,2022,4B,3,C,CODR,0.545,10
WPE02,1,2022,4B,3,C,CODR,0.464,12
WPE02,1,2022,4B,3,C,CODR,0.552,14
WPE02,1,2022,4B,3,C,CODR,0.286,14
WPE02,1,2022,4B,3,C,CODR,0.485,18
WPE02,1,2022,4B,3,C,CODR,0.723,20
WPE02,1,2022,4B,3,C,CODR,0.359,22
WPE02,1,2022,4B,3,C,CODR,0.331,22
WPE02,1,2022,4B,3,C,CODR,0.229,22
WPE02,1,2022,4B,3,C,CODR,0.566,22
WPE02,1,2022,4B,3,C,CODR,0.223,22
WPE02,1,2022,4B,3,C,CODR,0.517,22
WPE02,1,2022,4B,3,C,CODR,0.347,22
WPE02,1,2022,4B,4,A,CODR,0.329,2
WPE02,1,2022,4B,4,A,CODR,0.307,2
WPE02,1,2022,4B,4,A,RHGL,0.905,2
WPE02,1,2022,4B,4,A,CODR,0.446,4
WPE02,1,2022,4B,4,A,CODR,0.297,4
WPE02,1,2022,4B,4,A,CODR,0.219,4
WPE02,1,2022,4B,4,A,CODR,0.217,4
WPE02,1,2022,4B,4,A,CODR,0.195,4
WPE02,1,2022,4B,4,A,RHGL,0.922,4
WPE02,1,2022,4B,4,A,CODR,0.329,6
WPE02,1,2022,4B,4,A,CODR,0.298,6
WPE02,1,2022,4B,4,A,CODR,0.281,8
WPE02,1,2022,4B,4,A,CODR,0.3,8
WPE02,1,2022,4B,4,A,CODR,0.158,8
WPE02,1,2022,4B,4,A,CODR,0.177,8
WPE02,1,2022,4B,4,A,CODR,0.197,8
WPE02,1,2022,4B,4,A,CODR,0.179,8
WPE02,1,2022,4B,4,A,CODR,0.203,10
WPE02,1,2022,4B,4,A,CODR,0.397,10
WPE02,1,2022,4B,4,A,CODR,0.279,10
WPE02,1,2022,4B,4,A,CODR,0.373,10
WPE02,1,2022,4B,4,A,CODR,0.479,10
WPE02,1,2022,4B,4,A,CODR,0.436,10
WPE02,1,2022,4B,4,A,CODR,0.447,10
WPE02,1,2022,4B,4,A,CODR,0.561,10
WPE02,1,2022,4B,4,A,CODR,0.59,12
WPE02,1,2022,4B,4,A,CODR,0.331,12
WPE02,1,2022,4B,4,A,CODR,0.431,12
WPE02,1,2022,4B,4,A,CODR,0.262,12
WPE02,1,2022,4B,4,A,CODR,0.418,12
WPE02,1,2022,4B,4,A,CODR,0.247,12
WPE02,1,2022,4B,4,A,CODR,0.17,12
WPE02,1,2022,4B,4,A,CODR,0.177,12
WPE02,1,2022,4B,4,A,CODR,0.284,12
WPE02,1,2022,4B,4,A,CODR,0.511,14
WPE02,1,2022,4B,4,A,CODR,0.215,14
WPE02,1,2022,4B,4,A,CODR,0.2,14
WPE02,1,2022,4B,4,A,CODR,0.376,14
WPE02,1,2022,4B,4,A,CODR,0.197,14
WPE02,1,2022,4B,4,A,CODR,0.658,16
WPE02,1,2022,4B,4,A,CODR,0.674,16
WPE02,1,2022,4B,4,A,CODR,0.758,18
WPE02,1,2022,4B,4,A,CODR,0.433,20
WPE02,1,2022,4B,4,A,CODR,0.44,20
WPE02,1,2022,4B,4,A,CODR,0.316,20
WPE02,1,2022,4B,4,A,CODR,0.472,20
WPE02,1,2022,4B,4,A,CODR,0.366,20
WPE02,1,2022,4B,4,A,CODR,0.459,20
WPE02,1,2022,4B,4,A,CODR,0.458,20
WPE02,1,2022,4B,4,A,CODR,0.631,20
WPE02,1,2022,4B,4,A,CODR,0.635,22
WPE02,1,2022,4B,4,A,CODR,0.711,22
WPE02,1,2022,4B,4,A,CODR,0.681,22
WPE02,1,2022,4B,4,B,CODR,0.372,10
WPE02,1,2022,4B,4,C,RHGL,1.689,2
WPE02,1,2022,4B,4,C,CODR,0.56,6
WPE02,1,2022,4B,4,C,CODR,0.466,6
WPE02,1,2022,4B,4,C,CODR,0.447,8
WPE02,1,2022,4B,4,C,CODR,0.156,8
WPE02,1,2022,4B,4,C,CODR,0.685,10
WPE02,1,2022,4B,4,C,CODR,0.628,10
WPE02,1,2022,4B,4,C,CODR,0.713,10
WPE02,1,2022,4B,4,C,CODR,0.224,10
WPE02,1,2022,4B,4,C,CODR,0.368,10
WPE02,1,2022,4B,4,C,CODR,0.144,12
WPE02,1,2022,4B,4,C,RHGL,0.693,12
WPE02,1,2022,4B,4,C,RHGL,0.733,12
WPE02,1,2022,4B,4,C,RHGL,0.77,12
WPE02,1,2022,4B,4,C,RHGL,0.517,12
WPE02,1,2022,4B,4,C,CODR,0.615,14
WPE02,1,2022,4B,4,C,CODR,0.875,14
WPE02,1,2022,4B,4,C,CODR,0.499,14
WPE02,1,2022,4B,4,C,RHGL,0.833,14
WPE02,1,2022,4B,4,C,CODR,0.653,16
WPE02,1,2022,4B,4,C,CODR,0.34,16
WPE02,1,2022,4B,4,C,RHGL,1.077,16
WPE02,1,2022,4B,4,C,RHGL,0.824,16
WPE02,1,2022,4B,4,C,RHGL,0.585,16
WPE02,1,2022,4B,4,C,CODR,0.572,18
WPE02,1,2022,4B,4,C,CODR,0.448,18
WPE02,1,2022,4B,4,C,CODR,0.604,18
WPE02,1,2022,4B,4,C,CODR,0.636,18
WPE02,1,2022,4B,4,C,CODR,0.529,18
WPE02,1,2022,4B,4,C,CODR,0.367,18
WPE02,1,2022,4B,4,C,CODR,0.661,18
WPE02,1,2022,4B,4,C,CODR,0.451,20
WPE02,1,2022,4B,4,C,CODR,0.651,20
WPE02,1,2022,4B,4,C,RHGL,0.708,20
WPE02,1,2022,4B,4,C,CODR,0.728,22
WPE02,1,2022,4B,4,C,CODR,0.289,22
WPE02,1,2022,4B,4,C,CODR,0.314,22
WPE02,1,2022,4B,5,A,CODR,0.491,2
WPE02,1,2022,4B,5,A,CODR,0.419,10
WPE02,1,2022,4B,5,A,CODR,0.366,12
WPE02,1,2022,4B,5,A,CODR,0.427,14
WPE02,1,2022,4B,5,A,CODR,0.545,14
WPE02,1,2022,4B,5,A,CODR,0.231,14
WPE02,1,2022,4B,5,A,CODR,0.443,14
WPE02,1,2022,4B,5,A,CODR,0.469,14
WPE02,1,2022,4B,5,A,CODR,0.362,16
WPE02,1,2022,4B,5,A,CODR,0.798,16
WPE02,1,2022,4B,5,A,CODR,0.548,16
WPE02,1,2022,4B,5,A,CODR,0.65,16
WPE02,1,2022,4B,5,A,CODR,0.441,16
WPE02,1,2022,4B,5,A,CODR,0.712,16
WPE02,1,2022,4B,5,A,CODR,0.465,18
WPE02,1,2022,4B,5,A,CODR,0.473,18
WPE02,1,2022,4B,5,A,CODR,0.345,18
WPE02,1,2022,4B,5,A,CODR,0.458,18
WPE02,1,2022,4B,5,A,CODR,0.532,18
WPE02,1,2022,4B,5,A,CODR,0.199,18
WPE02,1,2022,4B,5,A,CODR,0.35,20
WPE02,1,2022,4B,5,A,CODR,0.508,20
WPE02,1,2022,4B,5,A,CODR,0.229,20
WPE02,1,2022,4B,5,B,CODR,0.206,2
WPE02,1,2022,4B,5,B,PRAM,0.358,2
WPE02,1,2022,4B,5,B,CODR,0.597,4
WPE02,1,2022,4B,5,B,CODR,0.513,4
WPE02,1,2022,4B,5,B,CODR,0.491,4
WPE02,1,2022,4B,5,B,CODR,0.609,4
WPE02,1,2022,4B,5,B,PRAM,0.344,4
WPE02,1,2022,4B,5,B,PRAM,0.306,4
WPE02,1,2022,4B,5,B,CODR,0.607,6
WPE02,1,2022,4B,5,B,CODR,0.339,6
WPE02,1,2022,4B,5,B,CODR,0.314,6
WPE02,1,2022,4B,5,B,CODR,0.642,6
WPE02,1,2022,4B,5,B,CODR,0.458,6
WPE02,1,2022,4B,5,B,CODR,0.534,6
WPE02,1,2022,4B,5,B,CODR,0.516,6
WPE02,1,2022,4B,5,B,CODR,0.441,6
WPE02,1,2022,4B,5,B,CODR,0.375,8
WPE02,1,2022,4B,5,B,CODR,0.668,8
WPE02,1,2022,4B,5,B,CODR,0.771,8
WPE02,1,2022,4B,5,B,CODR,0.231,8
WPE02,1,2022,4B,5,B,CODR,0.752,8
WPE02,1,2022,4B,5,B,CODR,0.372,8
WPE02,1,2022,4B,5,B,CODR,0.869,10
WPE02,1,2022,4B,5,B,CODR,0.508,10
WPE02,1,2022,4B,5,B,CODR,0.485,10
WPE02,1,2022,4B,5,B,CODR,0.57,10
WPE02,1,2022,4B,5,B,CODR,0.795,10
WPE02,1,2022,4B,5,B,PRAM,0.959,10
WPE02,1,2022,4B,5,B,CODR,0.511,12
WPE02,1,2022,4B,5,B,CODR,0.427,12
WPE02,1,2022,4B,5,B,CODR,0.441,12
WPE02,1,2022,4B,5,B,CODR,0.731,12
WPE02,1,2022,4B,5,B,CODR,0.349,12
WPE02,1,2022,4B,5,B,CODR,0.741,12
WPE02,1,2022,4B,5,B,CODR,0.361,12
WPE02,1,2022,4B,5,B,CODR,0.663,14
WPE02,1,2022,4B,5,B,CODR,0.616,14
WPE02,1,2022,4B,5,B,CODR,0.519,14
WPE02,1,2022,4B,5,B,CODR,0.379,14
WPE02,1,2022,4B,5,B,PRAM,0.36,14
WPE02,1,2022,4B,5,B,CODR,0.201,16
WPE02,1,2022,4B,5,B,CODR,0.199,16
WPE02,1,2022,4B,5,B,CODR,0.367,16
WPE02,1,2022,4B,5,B,CODR,0.726,18
WPE02,1,2022,4B,5,B,CODR,0.507,18
WPE02,1,2022,4B,5,B,CODR,0.444,18
WPE02,1,2022,4B,5,B,CODR,0.427,18
WPE02,1,2022,4B,5,B,CODR,0.46,18
WPE02,1,2022,4B,5,B,CODR,0.41,18
WPE02,1,2022,4B,5,B,PRAM,0.591,18
WPE02,1,2022,4B,5,B,CODR,0.398,22
WPE02,1,2022,4B,5,C,CODR,0.424,6
WPE02,1,2022,4B,5,C,CODR,0.51,6
WPE02,1,2022,4B,5,C,CODR,0.564,6
WPE02,1,2022,4B,5,C,CODR,0.374,8
WPE02,1,2022,4B,5,C,CODR,0.465,8
WPE02,1,2022,4B,5,C,CODR,0.2,10
WPE02,1,2022,4B,5,C,CODR,0.368,10
WPE02,1,2022,4B,5,C,CODR,0.584,10
WPE02,1,2022,4B,5,C,CODR,0.69,12
WPE02,1,2022,4B,5,C,CODR,0.479,12
WPE02,1,2022,4B,5,C,CODR,0.654,12
WPE02,1,2022,4B,5,C,CODR,0.424,12
WPE02,1,2022,4B,5,C,CODR,0.239,12
WPE02,1,2022,4B,5,C,CODR,0.904,12
WPE02,1,2022,4B,5,C,CODR,0.543,14
WPE02,1,2022,4B,5,C,CODR,0.494,14
WPE02,1,2022,4B,5,C,CODR,0.451,14
WPE02,1,2022,4B,5,C,CODR,0.18,14
WPE02,1,2022,4B,5,C,CODR,0.463,14
WPE02,1,2022,4B,5,C,CODR,0.439,16
WPE02,1,2022,4B,5,C,CODR,0.614,16
WPE02,1,2022,4B,5,C,CODR,0.593,16
WPE02,1,2022,4B,5,C,CODR,0.545,16
WPE02,1,2022,4B,5,C,CODR,0.721,16
WPE02,1,2022,4B,5,C,CODR,0.724,16
WPE02,1,2022,4B,5,C,CODR,0.226,16
WPE02,1,2022,4B,5,C,CODR,0.23,16
WPE02,1,2022,4B,5,C,CODR,0.572,16
WPE02,1,2022,4B,5,C,CODR,0.311,18
WPE02,1,2022,4B,5,C,CODR,0.172,18
WPE02,1,2022,4B,5,C,CODR,0.59,18
WPE02,1,2022,4B,5,C,CODR,0.555,18
WPE02,1,2022,4B,5,C,CODR,0.424,18
WPE02,1,2022,4B,5,C,CODR,0.664,18
WPE02,1,2022,4B,5,C,CODR,0.585,18
WPE02,1,2022,4B,5,C,CODR,0.604,20
WPE02,1,2022,4B,5,C,CODR,0.341,20
WPE02,1,2022,4B,5,C,CODR,0.257,20
WPE02,1,2022,4B,5,C,CODR,0.145,20
WPE02,1,2022,4B,5,C,CODR,0.619,20
WPE02,1,2022,4B,5,C,CODR,0.432,20
WPE02,1,2022,4B,5,C,CODR,0.508,20
WPE02,1,2022,4B,5,C,CODR,0.543,22
WPE02,1,2022,4B,5,C,CODR,0.35,22
WPE02,1,2022,4B,5,C,CODR,0.235,22
WPE02,1,2022,4B,5,C,CODR,0.286,22
WPE02,1,2022,4B,5,C,CODR,0.595,22
WPE02,1,2022,4B,5,C,CODR,0.256,22
WPE02,1,2022,4B,5,C,CODR,0.53,22
WPE02,1,2022,4B,5,C,CODR,0.453,22
WPE02,1,2022,4B,5,C,CODR,0.282,22
WPE02,1,2022,4B,6,A,CODR,0.487,2
WPE02,1,2022,4B,6,A,CODR,0.464,2
WPE02,1,2022,4B,6,A,CODR,0.506,2
WPE02,1,2022,4B,6,A,CODR,0.41,2
WPE02,1,2022,4B,6,A,CODR,0.352,2
WPE02,1,2022,4B,6,A,CODR,0.451,2
WPE02,1,2022,4B,6,A,CODR,0.217,2
WPE02,1,2022,4B,6,A,CODR,0.219,2
WPE02,1,2022,4B,6,A,CODR,0.235,4
WPE02,1,2022,4B,6,A,CODR,0.495,4
WPE02,1,2022,4B,6,A,CODR,0.412,4
WPE02,1,2022,4B,6,A,CODR,0.247,4
WPE02,1,2022,4B,6,A,CODR,0.361,4
WPE02,1,2022,4B,6,A,CODR,0.354,6
WPE02,1,2022,4B,6,A,CODR,0.503,6
WPE02,1,2022,4B,6,A,CODR,0.516,6
WPE02,1,2022,4B,6,A,CODR,0.466,6
WPE02,1,2022,4B,6,A,CODR,0.204,6
WPE02,1,2022,4B,6,A,CODR,0.676,8
WPE02,1,2022,4B,6,A,CODR,0.45,8
WPE02,1,2022,4B,6,A,CODR,0.369,8
WPE02,1,2022,4B,6,A,CODR,0.331,8
WPE02,1,2022,4B,6,A,CODR,0.536,8
WPE02,1,2022,4B,6,A,CODR,0.678,10
WPE02,1,2022,4B,6,A,CODR,0.719,10
WPE02,1,2022,4B,6,A,CODR,0.463,10
WPE02,1,2022,4B,6,A,CODR,0.466,10
WPE02,1,2022,4B,6,A,CODR,0.424,10
WPE02,1,2022,4B,6,A,CODR,0.37,12
WPE02,1,2022,4B,6,A,CODR,0.25,12
WPE02,1,2022,4B,6,A,CODR,0.37,12
WPE02,1,2022,4B,6,A,CODR,0.501,12
WPE02,1,2022,4B,6,A,CODR,0.479,12
WPE02,1,2022,4B,6,A,CODR,0.617,12
WPE02,1,2022,4B,6,A,CODR,0.49,12
WPE02,1,2022,4B,6,A,CODR,0.442,14
WPE02,1,2022,4B,6,A,CODR,0.31,14
WPE02,1,2022,4B,6,A,CODR,0.533,16
WPE02,1,2022,4B,6,A,CODR,0.272,16
WPE02,1,2022,4B,6,A,CODR,0.366,16
WPE02,1,2022,4B,6,A,CODR,0.489,16
WPE02,1,2022,4B,6,A,CODR,0.301,16
WPE02,1,2022,4B,6,A,CODR,0.705,16
WPE02,1,2022,4B,6,A,CODR,0.585,16
WPE02,1,2022,4B,6,A,CODR,0.518,18
WPE02,1,2022,4B,6,B,CODR,0.544,2
WPE02,1,2022,4B,6,B,CODR,0.546,2
WPE02,1,2022,4B,6,B,CODR,0.614,2
WPE02,1,2022,4B,6,B,CODR,0.453,2
WPE02,1,2022,4B,6,B,CODR,0.282,2
WPE02,1,2022,4B,6,B,CODR,0.384,4
WPE02,1,2022,4B,6,B,CODR,0.559,4
WPE02,1,2022,4B,6,B,CODR,0.685,4
WPE02,1,2022,4B,6,B,CODR,0.39,4
WPE02,1,2022,4B,6,B,CODR,0.638,6
WPE02,1,2022,4B,6,B,CODR,0.646,6
WPE02,1,2022,4B,6,B,CODR,0.58,6
WPE02,1,2022,4B,6,B,CODR,0.575,6
WPE02,1,2022,4B,6,B,CODR,0.501,6
WPE02,1,2022,4B,6,B,CODR,0.235,6
WPE02,1,2022,4B,6,B,CODR,0.678,10
WPE02,1,2022,4B,6,B,CODR,0.582,10
WPE02,1,2022,4B,6,B,CODR,0.401,10
WPE02,1,2022,4B,6,B,CODR,0.429,10
WPE02,1,2022,4B,6,B,CODR,0.322,10
WPE02,1,2022,4B,6,B,CODR,0.36,12
WPE02,1,2022,4B,6,B,CODR,0.465,12
WPE02,1,2022,4B,6,B,CODR,0.385,12
WPE02,1,2022,4B,6,B,CODR,0.733,12
WPE02,1,2022,4B,6,B,CODR,0.414,14
WPE02,1,2022,4B,6,B,CODR,0.334,14
WPE02,1,2022,4B,6,B,CODR,0.359,14
WPE02,1,2022,4B,6,B,CODR,0.269,14
WPE02,1,2022,4B,6,B,CODR,0.223,14
WPE02,1,2022,4B,6,B,CODR,0.248,14
WPE02,1,2022,4B,6,B,CODR,0.439,14
WPE02,1,2022,4B,6,B,CODR,0.337,14
WPE02,1,2022,4B,6,B,CODR,0.237,14
WPE02,1,2022,4B,6,B,CODR,0.367,14
WPE02,1,2022,4B,6,B,CODR,0.358,16
WPE02,1,2022,4B,6,B,CODR,0.351,16
WPE02,1,2022,4B,6,B,CODR,0.526,16
WPE02,1,2022,4B,6,B,CODR,0.619,16
WPE02,1,2022,4B,6,B,CODR,0.506,16
WPE02,1,2022,4B,6,B,CODR,0.525,16
WPE02,1,2022,4B,6,B,CODR,0.453,16
WPE02,1,2022,4B,6,B,CODR,0.587,18
WPE02,1,2022,4B,6,B,CODR,0.448,18
WPE02,1,2022,4B,6,B,CODR,0.417,18
WPE02,1,2022,4B,6,B,CODR,0.607,18
WPE02,1,2022,4B,6,B,CODR,0.4,18
WPE02,1,2022,4B,6,B,CODR,0.247,18
WPE02,1,2022,4B,6,B,CODR,0.892,20
WPE02,1,2022,4B,6,B,CODR,0.478,20
WPE02,1,2022,4B,6,B,CODR,0.441,20
WPE02,1,2022,4B,6,B,CODR,0.429,22
WPE02,1,2022,4B,6,C,CODR,0.251,2
WPE02,1,2022,4B,6,C,CODR,0.541,2
WPE02,1,2022,4B,6,C,CODR,0.208,2
WPE02,1,2022,4B,6,C,CODR,0.295,2
WPE02,1,2022,4B,6,C,CODR,0.521,4
WPE02,1,2022,4B,6,C,CODR,0.953,4
WPE02,1,2022,4B,6,C,CODR,0.592,4
WPE02,1,2022,4B,6,C,CODR,0.439,4
WPE02,1,2022,4B,6,C,CODR,0.58,6
WPE02,1,2022,4B,6,C,CODR,0.263,6
WPE02,1,2022,4B,6,C,CODR,0.311,6
WPE02,1,2022,4B,6,C,CODR,0.509,8
WPE02,1,2022,4B,6,C,CODR,0.554,8
WPE02,1,2022,4B,6,C,CODR,0.601,8
WPE02,1,2022,4B,6,C,CODR,0.658,8
WPE02,1,2022,4B,6,C,CODR,0.473,10
WPE02,1,2022,4B,6,C,CODR,0.436,10
WPE02,1,2022,4B,6,C,CODR,0.422,10
WPE02,1,2022,4B,6,C,CODR,0.269,10
WPE02,1,2022,4B,6,C,CODR,0.334,12
WPE02,1,2022,4B,6,C,CODR,0.487,12
WPE02,1,2022,4B,6,C,CODR,0.497,12
WPE02,1,2022,4B,6,C,CODR,0.548,12
WPE02,1,2022,4B,6,C,CODR,0.493,12
WPE02,1,2022,4B,6,C,CODR,0.555,14
WPE02,1,2022,4B,6,C,CODR,0.468,14
WPE02,1,2022,4B,6,C,CODR,0.368,14
WPE02,1,2022,4B,6,C,CODR,0.221,14
WPE02,1,2022,4B,6,C,CODR,0.425,14
WPE02,1,2022,4B,6,C,CODR,0.357,14
WPE02,1,2022,4B,6,C,CODR,0.207,14
WPE02,1,2022,4B,6,C,CODR,0.389,14
WPE02,1,2022,4B,6,C,CODR,0.46,14
WPE02,1,2022,4B,6,C,CODR,0.584,14
WPE02,1,2022,4B,6,C,CODR,0.289,16
WPE02,1,2022,4B,6,C,CODR,0.344,16
WPE02,1,2022,4B,6,C,GLTR (honey locust),0.425,16
WPE02,1,2022,4B,6,C,CODR,0.232,18
WPE02,1,2022,4B,6,C,CODR,0.554,20
WPE02,1,2022,4B,6,C,CODR,0.289,20
WPE02,1,2022,4B,6,C,CODR,0.384,20
WPE02,1,2022,4B,6,C,CODR,0.387,22
WPE02,1,2022,4B,6,C,CODR,0.394,22
WPE02,1,2022,4B,6,C,CODR,0.501,22
WPE02,1,2022,4B,6,C,CODR,0.342,22
WPE02,1,2022,4B,6,C,CODR,0.565,22
WPE02,1,2022,4B,7,A,CODR,0.721,18
WPE02,1,2022,4B,7,A,CODR,0.542,18
WPE02,1,2022,4B,7,A,CODR,0.664,18
WPE02,1,2022,4B,7,A,CODR,0.552,18
WPE02,1,2022,4B,7,A,CODR,0.574,18
WPE02,1,2022,4B,7,A,CODR,0.593,18
WPE02,1,2022,4B,7,A,CODR,0.597,20
WPE02,1,2022,4B,7,A,CODR,0.731,20
WPE02,1,2022,4B,7,A,CODR,0.514,20
WPE02,1,2022,4B,7,A,CODR,0.608,20
WPE02,1,2022,4B,7,A,CODR,0.501,20
WPE02,1,2022,4B,7,A,CODR,0.828,20
WPE02,1,2022,4B,7,A,CODR,0.465,22
WPE02,1,2022,4B,7,A,CODR,0.606,22
WPE02,1,2022,4B,7,A,CODR,0.272,22
WPE02,1,2022,4B,7,A,CODR,0.372,22
WPE02,1,2022,4B,7,B,CODR,0.509,16
WPE02,1,2022,4B,7,B,CODR,0.442,16
WPE02,1,2022,4B,7,B,CODR,0.623,16
WPE02,1,2022,4B,7,B,CODR,0.3,16
WPE02,1,2022,4B,7,C,CODR,0.698,4
WPE02,1,2022,4B,7,C,CODR,0.493,4
WPE02,1,2022,4B,7,C,CODR,0.585,4
WPE02,1,2022,4B,7,C,CODR,0.648,4
WPE02,1,2022,4B,7,C,CODR,0.78,6
WPE02,1,2022,4B,7,C,RHGL,0.988,6
WPE02,1,2022,4B,7,C,RHGL,0.862,6
WPE02,1,2022,4B,7,C,CODR,0.646,8
WPE02,1,2022,4B,7,C,CODR,0.676,8
WPE02,1,2022,4B,7,C,CODR,0.465,8
WPE02,1,2022,4B,7,C,CODR,0.391,8
WPE02,1,2022,4B,7,C,RHGL,0.783,8
WPE02,1,2022,4B,7,C,RUPE,0.519,8
WPE02,1,2022,4B,7,C,CODR,0.593,10
WPE02,1,2022,4B,7,C,RHGL,0.655,10
WPE02,1,2022,4B,7,C,RUPE,0.681,10
WPE02,1,2022,4B,7,C,RUPE,0.648,10
WPE02,1,2022,4B,7,C,RHGL,1.031,12
WPE02,1,2022,4B,7,C,RUPE,0.608,12
WPE02,1,2022,4B,7,C,RUPE,0.683,12
WPE02,1,2022,4B,7,C,CODR,0.4,14
WPE02,1,2022,4B,7,C,CODR,0.714,14
WPE02,1,2022,4B,7,C,CODR,0.398,14
WPE02,1,2022,4B,7,C,RHGL,0.746,14
WPE02,1,2022,4B,7,C,CODR,0.797,16
WPE02,1,2022,4B,7,C,CODR,0.782,16
WPE02,1,2022,4B,7,C,CODR,0.518,16
WPE02,1,2022,4B,7,C,CODR,0.433,16
WPE02,1,2022,4B,7,C,RUPE,0.341,16
WPE02,1,2022,4B,7,C,CODR,0.487,18
WPE02,1,2022,4B,7,C,CODR,0.312,18
WPE02,1,2022,4B,7,C,CODR,0.838,18
WPE02,1,2022,4B,7,C,CODR,0.562,18
WPE02,1,2022,4B,7,C,RHGL,0.897,18
WPE02,1,2022,4B,7,C,CODR,0.365,20
WPE02,1,2022,4B,7,C,CODR,0.517,20
WPE02,1,2022,4B,7,C,CODR,0.304,20
WPE02,1,2022,4B,7,C,CODR,0.647,20
WPE02,1,2022,4B,7,C,CODR,0.424,20
WPE02,1,2022,4B,7,C,CODR,0.643,22
WPE02,1,2022,4B,7,C,CODR,0.284,22
WPE02,1,2022,4B,7,C,RHGL,0.848,22
WPE02,1,2022,4B,7,C,RHGL,0.785,22
WPE02,1,2022,4B,8,A,CODR,0.454,6
WPE02,1,2022,4B,8,A,CODR,0.283,10
WPE02,1,2022,4B,8,B,CODR,0.365,2
WPE02,1,2022,4B,8,B,CODR,0.328,8
WPE02,1,2022,4B,8,B,CODR,0.213,8
WPE02,1,2022,4B,8,B,CODR,0.393,10
WPE02,1,2022,4B,8,B,CODR,0.399,10
WPE02,1,2022,4B,8,B,CODR,0.576,10
WPE02,1,2022,4B,8,B,CODR,0.25,10
WPE02,1,2022,4B,8,B,CODR,0.471,14
WPE02,1,2022,4B,8,B,CODR,0.355,14
WPE02,1,2022,4B,8,B,CODR,0.3,14
WPE02,1,2022,4B,8,B,CODR,0.304,14
WPE02,1,2022,4B,8,B,CODR,0.432,22
WPE02,1,2022,4B,8,B,CODR,0.416,22
WPE02,1,2022,4B,8,B,CODR,0.303,22
WPE02,1,2022,4B,8,C,CODR,0.302,16
WPE02,1,2022,4B,8,C,CODR,0.429,18
WPE02,1,2022,4B,8,C,CODR,0.284,18
WPE02,1,2022,4B,8,C,CODR,0.41,18
WPE02,1,2022,4B,8,C,CODR,0.392,18
WPE02,1,2022,4B,8,C,CODR,0.196,18
WPE02,1,2022,4B,8,C,CODR,0.229,18
WPE02,1,2022,4B,8,C,CODR,0.526,22
WPE02,1,2022,4B,8,C,CODR,0.448,22
WPE02,1,2022,4B,9,A,RHGL,0.864,2
WPE02,1,2022,4B,9,A,RHGL,0.925,4
WPE02,1,2022,4B,9,A,RHGL,0.522,6
WPE02,1,2022,4B,9,A,RHGL,0.562,8
WPE02,1,2022,4B,9,A,RHGL,1.061,8
WPE02,1,2022,4B,9,A,RHGL,1.057,10
WPE02,1,2022,4B,9,A,RHGL,1.044,10
WPE02,1,2022,4B,9,A,CODR,0.392,16
WPE02,1,2022,4B,9,A,RHGL,0.802,16
WPE02,1,2022,4B,9,A,CODR,0.366,18
WPE02,1,2022,4B,9,A,CODR,0.401,18
WPE02,1,2022,4B,9,A,CODR,0.727,20
WPE02,1,2022,4B,9,A,RHGL,1.181,20
WPE02,1,2022,4B,9,A,CODR,0.385,22
WPE02,1,2022,4B,9,B,RHGL,1.207,2
WPE02,1,2022,4B,9,B,RHGL,0.764,2
WPE02,1,2022,4B,9,B,RHGL,1.038,4
WPE02,1,2022,4B,9,B,RHGL,0.961,4
WPE02,1,2022,4B,9,B,RHGL,1.363,4
WPE02,1,2022,4B,9,B,RHGL,1.196,16
WPE02,1,2022,4B,9,B,RHGL,0.778,18
WPE02,1,2022,4B,9,B,RHGL,1.157,18
WPE02,1,2022,4B,9,B,RHGL,0.663,18
WPE02,1,2022,4B,9,B,RHGL,1.087,20
WPE02,1,2022,4B,9,B,RHGL,1.147,22
WPE02,1,2022,4B,9,B,RHGL,1.142,22
WPE02,1,2022,4B,9,C,RHGL,1.099,4
WPE02,1,2022,4B,9,C,RHGL,1.106,4
WPE02,1,2022,4B,9,C,RHGL,0.916,6
WPE02,1,2022,4B,9,C,RHGL,0.691,6
WPE02,1,2022,4B,9,C,RHGL,0.911,8
WPE02,1,2022,4B,9,C,RHGL,0.903,10
WPE02,1,2022,4B,9,C,RHGL,1.224,10
WPE02,1,2022,4B,9,C,RHGL,0.858,12
WPE02,1,2022,4B,9,C,RHGL,0.993,12
WPE02,1,2022,4B,9,C,RHGL,0.968,12
WPE02,1,2022,4B,9,C,RHGL,0.983,14
WPE02,1,2022,4B,9,C,RHGL,0.733,14
WPE02,1,2022,4B,9,C,RHGL,1,14
WPE02,1,2022,4B,9,C,RHGL,0.603,14
WPE02,1,2022,4B,9,C,RHGL,1.032,14
WPE02,1,2022,4B,9,C,RHGL,1.083,14
WPE02,1,2022,4B,9,C,RHGL,0.709,18
WPE02,1,2022,4B,9,C,RHGL,0.713,20
WPE02,1,2022,4B,9,C,RHGL,1.216,20
WPE02,1,2022,4B,9,C,RHGL,0.814,22
WPE02,1,2022,4B,9,C,RHGL,0.725,22
WPE02,1,2022,4B,9,C,RHGL,0.459,22
WPE02,1,2022,4B,10,A,CODR,0.463,2
WPE02,1,2022,4B,10,A,CODR,0.357,2
WPE02,1,2022,4B,10,A,RHGL,1.144,2
WPE02,1,2022,4B,10,A,RHGL,1.208,2
WPE02,1,2022,4B,10,A,RHGL,0.65,4
WPE02,1,2022,4B,10,A,RHGL,1.077,4
WPE02,1,2022,4B,10,A,RUPE,0.501,4
WPE02,1,2022,4B,10,A,RUPE,0.333,4
WPE02,1,2022,4B,10,A,CODR,0.374,6
WPE02,1,2022,4B,10,A,CODR,0.434,6
WPE02,1,2022,4B,10,A,CODR,0.454,6
WPE02,1,2022,4B,10,A,RHGL,0.866,6
WPE02,1,2022,4B,10,A,RHGL,0.927,6
WPE02,1,2022,4B,10,A,CODR,0.418,8
WPE02,1,2022,4B,10,A,CODR,0.578,8
WPE02,1,2022,4B,10,A,RHGL,0.692,8
WPE02,1,2022,4B,10,A,RHGL,1.099,8
WPE02,1,2022,4B,10,A,RHGL,1.095,8
WPE02,1,2022,4B,10,A,RHGL,0.553,8
WPE02,1,2022,4B,10,A,CODR,0.655,10
WPE02,1,2022,4B,10,A,CODR,0.312,10
WPE02,1,2022,4B,10,A,CODR,0.513,10
WPE02,1,2022,4B,10,A,CODR,0.376,10
WPE02,1,2022,4B,10,A,CODR,0.377,10
WPE02,1,2022,4B,10,A,RHGL,0.96,10
WPE02,1,2022,4B,10,A,RHGL,1,10
WPE02,1,2022,4B,10,A,RHGL,1.075,10
WPE02,1,2022,4B,10,A,CODR,0.625,12
WPE02,1,2022,4B,10,A,CODR,0.622,12
WPE02,1,2022,4B,10,A,CODR,0.418,12
WPE02,1,2022,4B,10,A,CODR,0.33,12
WPE02,1,2022,4B,10,A,CODR,0.274,12
WPE02,1,2022,4B,10,A,CODR,0.372,12
WPE02,1,2022,4B,10,A,RHGL,1.196,12
WPE02,1,2022,4B,10,A,CODR,0.587,14
WPE02,1,2022,4B,10,A,CODR,0.584,14
WPE02,1,2022,4B,10,A,CODR,0.351,14
WPE02,1,2022,4B,10,A,RHGL,0.842,14
WPE02,1,2022,4B,10,A,RUPE,0.522,14
WPE02,1,2022,4B,10,A,RUPE,0.449,14
WPE02,1,2022,4B,10,A,CODR,0.692,16
WPE02,1,2022,4B,10,A,CODR,0.502,16
WPE02,1,2022,4B,10,A,CODR,0.465,16
WPE02,1,2022,4B,10,A,CODR,0.413,16
WPE02,1,2022,4B,10,A,CODR,0.381,16
WPE02,1,2022,4B,10,A,RHGL,0.91,16
WPE02,1,2022,4B,10,A,RUOC,0.3,16
WPE02,1,2022,4B,10,A,RUOC,0.284,16
WPE02,1,2022,4B,10,A,CODR,0.629,18
WPE02,1,2022,4B,10,A,CODR,0.349,18
WPE02,1,2022,4B,10,A,CODR,0.589,18
WPE02,1,2022,4B,10,A,RHGL,0.653,18
WPE02,1,2022,4B,10,A,RHGL,0.614,18
WPE02,1,2022,4B,10,A,RUPE,0.675,18
WPE02,1,2022,4B,10,A,RUOC,0.321,20
WPE02,1,2022,4B,10,A,RUOC,0.904,20
WPE02,1,2022,4B,10,A,CODR,0.333,22
WPE02,1,2022,4B,10,A,CODR,0.497,22
WPE02,1,2022,4B,10,A,CODR,0.404,22
WPE02,1,2022,4B,10,A,RUPE,0.327,22
WPE02,1,2022,4B,10,A,RUPE,0.158,22
WPE02,1,2022,4B,10,B,CODR,0.52,2
WPE02,1,2022,4B,10,B,CODR,0.446,2
WPE02,1,2022,4B,10,B,CODR,0.575,2
WPE02,1,2022,4B,10,B,CODR,0.618,2
WPE02,1,2022,4B,10,B,RHGL,0.437,2
WPE02,1,2022,4B,10,B,RHGL,0.272,2
WPE02,1,2022,4B,10,B,CODR,0.386,4
WPE02,1,2022,4B,10,B,CODR,0.526,4
WPE02,1,2022,4B,10,B,CODR,0.454,4
WPE02,1,2022,4B,10,B,CODR,0.167,6
WPE02,1,2022,4B,10,B,CODR,0.222,6
WPE02,1,2022,4B,10,B,CODR,0.393,8
WPE02,1,2022,4B,10,B,CODR,0.273,8
WPE02,1,2022,4B,10,B,CODR,0.554,10
WPE02,1,2022,4B,10,B,CODR,0.208,10
WPE02,1,2022,4B,10,B,CODR,0.28,12
WPE02,1,2022,4B,10,B,CODR,0.231,12
WPE02,1,2022,4B,10,B,CODR,0.289,12
WPE02,1,2022,4B,10,B,RHGL,0.472,14
WPE02,1,2022,4B,10,B,RHGL,0.809,18
WPE02,1,2022,4B,10,B,RHGL,0.491,18
WPE02,1,2022,4B,10,B,RHGL,0.782,22
WPE02,1,2022,4B,10,B,RHGL,1.144,22
WPE02,1,2022,4B,10,C,CODR,0.516,2
WPE02,1,2022,4B,10,C,CODR,0.585,2
WPE02,1,2022,4B,10,C,CODR,0.264,2
WPE02,1,2022,4B,10,C,RUPE,0.468,2
WPE02,1,2022,4B,10,C,CODR,0.649,4
WPE02,1,2022,4B,10,C,CODR,0.864,4
WPE02,1,2022,4B,10,C,RUPE,0.677,4
WPE02,1,2022,4B,10,C,RUPE,0.918,4
WPE02,1,2022,4B,10,C,CODR,0.76,6
WPE02,1,2022,4B,10,C,CODR,0.437,6
WPE02,1,2022,4B,10,C,CODR,0.657,6
WPE02,1,2022,4B,10,C,RUOC,0.323,6
WPE02,1,2022,4B,10,C,CODR,0.568,8
WPE02,1,2022,4B,10,C,CODR,0.733,8
WPE02,1,2022,4B,10,C,CODR,0.827,8
WPE02,1,2022,4B,10,C,RHGL,0.545,8
WPE02,1,2022,4B,10,C,CODR,0.894,10
WPE02,1,2022,4B,10,C,CODR,0.705,10
WPE02,1,2022,4B,10,C,CODR,0.891,10
WPE02,1,2022,4B,10,C,CODR,0.421,10
WPE02,1,2022,4B,10,C,RUPE,0.526,10
WPE02,1,2022,4B,10,C,CODR,0.661,12
WPE02,1,2022,4B,10,C,CODR,0.765,12
WPE02,1,2022,4B,10,C,CODR,0.601,12
WPE02,1,2022,4B,10,C,CODR,0.645,12
WPE02,1,2022,4B,10,C,CODR,0.781,12
WPE02,1,2022,4B,10,C,CODR,0.681,14
WPE02,1,2022,4B,10,C,CODR,0.545,14
WPE02,1,2022,4B,10,C,CODR,0.505,14
WPE02,1,2022,4B,10,C,CODR,0.835,14
WPE02,1,2022,4B,10,C,RUPE,0.266,14
WPE02,1,2022,4B,10,C,RUPE,0.504,16
WPE02,1,2022,4B,10,C,CODR,0.753,18
WPE02,1,2022,4B,10,C,CODR,0.479,18
WPE02,1,2022,4B,10,C,CODR,0.418,18
WPE02,1,2022,4B,10,C,CODR,0.584,18
WPE02,1,2022,4B,10,C,RUOC,0.375,18
WPE02,1,2022,4B,10,C,CODR,0.6,20
WPE02,1,2022,4B,10,C,CODR,0.664,20
WPE02,1,2022,4B,10,C,CODR,0.554,20
WPE02,1,2022,4B,10,C,CODR,0.516,20
WPE02,1,2022,4B,10,C,CODR,0.684,20
WPE02,1,2022,4B,10,C,CODR,0.795,22
WPE02,1,2022,4B,10,C,CODR,0.645,22
WPE02,1,2022,4B,10,C,CODR,0.336,22
WPE02,1,2022,4B,10,C,CODR,0.744,22
WPE02,1,2022,4B,10,C,CODR,0.306,22
WPE02,1,2022,4B,10,C,RUPE,0.657,22
WPE02,1,2022,4B,11,A,CODR,0.395,2
WPE02,1,2022,4B,11,A,CODR,0.378,2
WPE02,1,2022,4B,11,A,CODR,0.259,2
WPE02,1,2022,4B,11,A,CODR,0.331,2
WPE02,1,2022,4B,11,A,CODR,0.419,2
WPE02,1,2022,4B,11,A,RHGL,0.776,4
WPE02,1,2022,4B,11,A,RHGL,0.514,8
WPE02,1,2022,4B,11,A,CODR,0.375,14
WPE02,1,2022,4B,11,A,CODR,0.273,14
WPE02,1,2022,4B,11,A,CODR,0.518,14
WPE02,1,2022,4B,11,A,RHGL,0.965,14
WPE02,1,2022,4B,11,A,CODR,0.241,16
WPE02,1,2022,4B,11,A,RHGL,0.651,16
WPE02,1,2022,4B,11,A,CODR,0.342,18
WPE02,1,2022,4B,11,A,CODR,0.276,18
WPE02,1,2022,4B,11,A,CODR,0.408,18
WPE02,1,2022,4B,11,A,CODR,0.426,18
WPE02,1,2022,4B,11,A,CODR,0.455,18
WPE02,1,2022,4B,11,A,CODR,0.413,18
WPE02,1,2022,4B,11,A,RHGL,0.512,18
WPE02,1,2022,4B,11,A,RHGL,0.952,18
WPE02,1,2022,4B,11,A,CODR,0.345,20
WPE02,1,2022,4B,11,A,CODR,0.244,20
WPE02,1,2022,4B,11,A,CODR,0.436,20
WPE02,1,2022,4B,11,A,CODR,0.371,20
WPE02,1,2022,4B,11,A,CODR,0.398,22
WPE02,1,2022,4B,11,A,CODR,0.58,22
WPE02,1,2022,4B,11,A,CODR,0.279,22
WPE02,1,2022,4B,11,A,CODR,0.589,22
WPE02,1,2022,4B,11,A,CODR,0.5,22
WPE02,1,2022,4B,11,A,CODR,0.387,22
WPE02,1,2022,4B,11,A,Rubus,0.278,22
WPE02,1,2022,4B,11,B,CODR,0.565,2
WPE02,1,2022,4B,11,B,CODR,0.623,2
WPE02,1,2022,4B,11,B,CODR,0.384,2
WPE02,1,2022,4B,11,B,CODR,0.415,4
WPE02,1,2022,4B,11,B,CODR,0.459,4
WPE02,1,2022,4B,11,B,CODR,0.314,4
WPE02,1,2022,4B,11,B,CODR,0.36,4
WPE02,1,2022,4B,11,B,CODR,0.406,4
WPE02,1,2022,4B,11,B,CODR,0.319,6
WPE02,1,2022,4B,11,B,CODR,0.612,6
WPE02,1,2022,4B,11,B,PRAM,0.94,6
WPE02,1,2022,4B,11,B,CODR,0.522,8
WPE02,1,2022,4B,11,B,CODR,0.326,8
WPE02,1,2022,4B,11,B,RHGL,0.618,8
WPE02,1,2022,4B,11,B,CODR,0.55,10
WPE02,1,2022,4B,11,B,CODR,0.45,10
WPE02,1,2022,4B,11,B,PRAM,0.408,10
WPE02,1,2022,4B,11,B,PRAM,0.582,10
WPE02,1,2022,4B,11,B,RHGL,0.781,10
WPE02,1,2022,4B,11,B,CODR,0.384,12
WPE02,1,2022,4B,11,B,PRAM,0.416,12
WPE02,1,2022,4B,11,B,RHGL,0.97,12
WPE02,1,2022,4B,11,B,RHGL,1.285,12
WPE02,1,2022,4B,11,B,RHGL,0.886,12
WPE02,1,2022,4B,11,B,PRAM,0.341,14
WPE02,1,2022,4B,11,B,PRAM,0.338,14
WPE02,1,2022,4B,11,B,PRAM,0.571,14
WPE02,1,2022,4B,11,B,PRAM,0.975,14
WPE02,1,2022,4B,11,B,PRAM,0.577,14
WPE02,1,2022,4B,11,B,RHGL,0.717,14
WPE02,1,2022,4B,11,B,PRAM,0.444,16
WPE02,1,2022,4B,11,B,PRAM,0.397,16
WPE02,1,2022,4B,11,B,PRAM,0.498,16
WPE02,1,2022,4B,11,B,PRAM,0.478,16
WPE02,1,2022,4B,11,B,RHGL,1.018,16
WPE02,1,2022,4B,11,B,CODR,0.39,18
WPE02,1,2022,4B,11,B,PRAM,0.45,18
WPE02,1,2022,4B,11,B,PRAM,0.508,18
WPE02,1,2022,4B,11,B,PRAM,0.581,18
WPE02,1,2022,4B,11,B,PRAM,0.4,18
WPE02,1,2022,4B,11,B,PRAM,0.51,18
WPE02,1,2022,4B,11,B,CODR,0.557,20
WPE02,1,2022,4B,11,B,CODR,0.415,20
WPE02,1,2022,4B,11,B,CODR,0.43,20
WPE02,1,2022,4B,11,B,RHGL,1.015,20
WPE02,1,2022,4B,12,A,CODR,0.331,4
WPE02,1,2022,4B,12,A,CODR,0.374,4
WPE02,1,2022,4B,12,A,CODR,0.281,6
WPE02,1,2022,4B,12,A,CODR,0.411,6
WPE02,1,2022,4B,12,A,CODR,0.318,6
WPE02,1,2022,4B,12,A,CODR,0.396,8
WPE02,1,2022,4B,12,B,CODR,0.423,2
WPE02,1,2022,4B,12,B,CODR,0.315,2
WPE02,1,2022,4B,12,B,CODR,0.32,2
WPE02,1,2022,4B,12,B,CODR,0.299,2
WPE02,1,2022,4B,12,B,CODR,0.332,4
WPE02,1,2022,4B,12,B,CODR,0.602,4
WPE02,1,2022,4B,12,B,CODR,0.486,4
WPE02,1,2022,4B,12,B,CODR,0.518,4
WPE02,1,2022,4B,12,B,CODR,0.178,4
WPE02,1,2022,4B,12,B,CODR,0.328,6
WPE02,1,2022,4B,12,B,CODR,0.344,6
WPE02,1,2022,4B,12,B,CODR,0.397,6
WPE02,1,2022,4B,12,B,CODR,0.851,6
WPE02,1,2022,4B,12,B,CODR,0.256,6
WPE02,1,2022,4B,12,B,CODR,0.477,6
WPE02,1,2022,4B,12,B,CODR,0.624,8
WPE02,1,2022,4B,12,B,CODR,0.489,8
WPE02,1,2022,4B,12,B,CODR,0.626,8
WPE02,1,2022,4B,12,B,CODR,0.283,8
WPE02,1,2022,4B,12,B,CODR,0.232,8
WPE02,1,2022,4B,12,B,CODR,0.211,8
WPE02,1,2022,4B,12,B,CODR,0.244,8
WPE02,1,2022,4B,12,B,CODR,0.657,10
WPE02,1,2022,4B,12,B,CODR,0.224,10
WPE02,1,2022,4B,12,B,CODR,0.252,10
WPE02,1,2022,4B,12,B,CODR,0.372,10
WPE02,1,2022,4B,12,B,CODR,0.586,10
WPE02,1,2022,4B,12,B,CODR,0.403,10
WPE02,1,2022,4B,12,B,CODR,0.437,10
WPE02,1,2022,4B,12,B,CODR,0.485,10
WPE02,1,2022,4B,12,B,CODR,0.341,10
WPE02,1,2022,4B,12,B,CODR,0.447,10
WPE02,1,2022,4B,12,B,CODR,0.457,10
WPE02,1,2022,4B,12,B,CODR,0.504,12
WPE02,1,2022,4B,12,B,CODR,0.56,12
WPE02,1,2022,4B,12,B,CODR,0.281,12
WPE02,1,2022,4B,12,B,CODR,0.688,12
WPE02,1,2022,4B,12,B,CODR,0.273,12
WPE02,1,2022,4B,12,B,CODR,0.289,12
WPE02,1,2022,4B,12,B,CODR,0.696,12
WPE02,1,2022,4B,12,B,CODR,0.384,14
WPE02,1,2022,4B,12,B,CODR,0.58,14
WPE02,1,2022,4B,12,B,CODR,0.532,14
WPE02,1,2022,4B,12,B,CODR,0.224,16
WPE02,1,2022,4B,12,B,CODR,0.483,16
WPE02,1,2022,4B,12,B,CODR,0.668,16
WPE02,1,2022,4B,12,B,CODR,0.718,16
WPE02,1,2022,4B,12,B,CODR,0.243,16
WPE02,1,2022,4B,12,B,CODR,0.489,16
WPE02,1,2022,4B,12,B,CODR,0.28,16
WPE02,1,2022,4B,12,B,CODR,0.376,18
WPE02,1,2022,4B,12,B,CODR,0.256,18
WPE02,1,2022,4B,12,B,CODR,0.504,18
WPE02,1,2022,4B,12,B,Rubus,0.475,18
WPE02,1,2022,4B,12,B,Rubus,0.398,20
WPE02,1,2022,4B,12,B,CODR,0.583,22
WPE02,1,2022,4B,12,B,CODR,0.349,22
WPE02,1,2022,4B,12,B,CODR,0.488,22
WPE02,1,2022,4B,12,B,CODR,0.617,22
WPE02,1,2022,4B,12,B,CODR,0.49,22
WPE02,1,2022,4B,12,B,CODR,0.582,22
WPE02,1,2022,4B,12,C,CODR,0.473,6
WPE02,1,2022,4B,12,C,CODR,0.11,10
WPE02,1,2022,4B,12,C,CODR,0.352,10
WPE02,1,2022,4B,12,C,CODR,0.21,10
WPE02,1,2022,4B,12,C,CODR,0.109,10
WPE02,1,2022,4B,12,C,CODR,0.08,10
WPE02,1,2022,4B,12,C,CODR,0.255,12
WPE02,1,2022,4B,12,C,CODR,0.111,12
WPE02,1,2022,4B,12,C,CODR,0.262,12
WPE02,1,2022,4B,12,C,CODR,0.208,14
WPE02,1,2022,4B,12,C,CODR,0.238,14
WPE02,1,2022,4B,12,C,CODR,0.138,14
WPE02,1,2022,4B,12,C,CODR,0.133,14
WPE02,1,2022,4B,12,C,PRAM,0.243,14
WPE02,1,2022,4B,12,C,CODR,0.497,16
WPE02,1,2022,4B,12,C,CODR,0.44,16
WPE02,1,2022,4B,12,C,PRAM,0.279,16
WPE02,1,2022,4B,12,C,PRAM,0.408,16
WPE02,1,2022,4B,12,C,PRAM,0.244,18
WPE02,1,2022,4B,12,C,PRAM,0.41,18
WPE02,1,2022,4B,12,C,PRAM,0.246,18
WPE02,1,2022,4B,12,C,PRAM,0.343,18
WPE02,1,2022,4B,12,C,PRAM,0.47,18
WPE02,1,2022,4B,12,C,PRAM,0.494,18
WPE02,1,2022,4B,12,C,PRAM,0.229,18
WPE02,1,2022,4B,12,C,PRAM,0.359,18
WPE02,1,2022,4B,12,C,RHGL,0.428,18
WPE02,1,2022,4B,12,C,PRAM,0.413,20
WPE02,1,2022,4B,12,C,PRAM,0.36,20
WPE02,1,2022,4B,12,C,PRAM,0.474,20
WPE02,1,2022,4B,12,C,PRAM,0.274,20
WPE02,1,2022,4B,12,C,PRAM,0.253,20
WPE02,1,2022,4B,12,C,PRAM,0.385,20
WPE02,1,2022,4B,12,C,RHGL,0.695,20
WPE02,1,2022,4B,12,C,RHGL,0.662,20
WPE02,1,2022,4B,12,C,PRAM,0.298,22
WPE02,1,2022,4B,12,C,PRAM,0.261,22
WPE02,1,2022,4B,12,C,PRAM,0.364,22
WPE02,1,2022,4B,12,C,PRAM,0.329,22
WPE02,1,2022,4B,12,C,PRAM,0.378,22
WPE02,1,2022,K4A,1,A,CODR,0.317,2
WPE02,1,2022,K4A,1,A,CODR,0.258,2
WPE02,1,2022,K4A,1,B,CODR,0.458,4
WPE02,1,2022,K4A,1,B,CODR,0.288,4
WPE02,1,2022,K4A,1,B,CODR,0.679,4
WPE02,1,2022,K4A,1,B,CODR,0.567,4
WPE02,1,2022,K4A,1,B,CODR,1.028,6
WPE02,1,2022,K4A,1,B,CODR,0.836,6
WPE02,1,2022,K4A,1,B,CODR,0.414,6
WPE02,1,2022,K4A,1,B,CODR,0.293,6
WPE02,1,2022,K4A,1,B,CODR,0.763,8
WPE02,1,2022,K4A,1,B,CODR,0.486,8
WPE02,1,2022,K4A,1,B,CODR,0.396,8
WPE02,1,2022,K4A,1,B,CODR,0.337,8
WPE02,1,2022,K4A,1,B,CODR,0.507,8
WPE02,1,2022,K4A,1,B,CODR,0.403,8
WPE02,1,2022,K4A,1,B,CODR,0.628,10
WPE02,1,2022,K4A,1,B,CODR,0.259,10
WPE02,1,2022,K4A,1,B,CODR,0.25,10
WPE02,1,2022,K4A,1,B,CODR,0.714,10
WPE02,1,2022,K4A,1,B,CODR,0.584,10
WPE02,1,2022,K4A,1,B,CODR,0.605,10
WPE02,1,2022,K4A,1,B,CODR,0.377,12
WPE02,1,2022,K4A,1,C,CODR,0.205,2
WPE02,1,2022,K4A,1,C,CODR,0.291,2
WPE02,1,2022,K4A,1,C,CODR,0.389,6
WPE02,1,2022,K4A,1,C,CODR,0.454,6
WPE02,1,2022,K4A,1,C,CODR,0.375,8
WPE02,1,2022,K4A,1,C,CODR,0.307,8
WPE02,1,2022,K4A,1,C,CODR,0.198,8
WPE02,1,2022,K4A,1,C,CODR,0.569,8
WPE02,1,2022,K4A,1,C,CODR,0.357,8
WPE02,1,2022,K4A,1,C,CODR,0.521,10
WPE02,1,2022,K4A,1,C,CODR,0.469,10
WPE02,1,2022,K4A,1,C,CODR,0.229,10
WPE02,1,2022,K4A,1,C,CODR,0.277,10
WPE02,1,2022,K4A,1,C,CODR,0.242,10
WPE02,1,2022,K4A,2,A,CODR,2.064,2
WPE02,1,2022,K4A,2,A,CODR,1.464,2
WPE02,1,2022,K4A,2,A,CODR,1.475,2
WPE02,1,2022,K4A,2,A,CODR,0.463,4
WPE02,1,2022,K4A,2,A,CODR,0.372,4
WPE02,1,2022,K4A,2,A,CODR,0.375,6
WPE02,1,2022,K4A,2,A,CODR,0.597,10
WPE02,1,2022,K4A,2,A,CODR,0.51,10
WPE02,1,2022,K4A,2,A,CODR,0.395,10
WPE02,1,2022,K4A,2,A,CODR,0.352,10
WPE02,1,2022,K4A,2,A,CODR,0.725,10
WPE02,1,2022,K4A,2,A,CODR,0.49,10
WPE02,1,2022,K4A,2,A,CODR,0.385,12
WPE02,1,2022,K4A,2,A,CODR,0.623,12
WPE02,1,2022,K4A,2,A,CODR,0.181,12
WPE02,1,2022,K4A,2,A,CODR,0.264,14
WPE02,1,2022,K4A,2,B,CODR,0.254,2
WPE02,1,2022,K4A,2,B,CODR,0.398,2
WPE02,1,2022,K4A,2,B,CODR,0.361,2
WPE02,1,2022,K4A,2,B,CODR,0.522,2
WPE02,1,2022,K4A,2,B,CODR,0.437,4
WPE02,1,2022,K4A,2,B,CODR,0.386,4
WPE02,1,2022,K4A,2,B,CODR,0.36,4
WPE02,1,2022,K4A,2,B,CODR,0.346,4
WPE02,1,2022,K4A,2,B,CODR,0.375,6
WPE02,1,2022,K4A,2,B,RHAR,0.348,6
WPE02,1,2022,K4A,2,B,RHAR,0.838,10
WPE02,1,2022,K4A,2,B,RHAR,0.7,10
WPE02,1,2022,K4A,2,B,RHAR,0.901,10
WPE02,1,2022,K4A,2,B,RHAR,0.892,10
WPE02,1,2022,K4A,2,B,RHAR,0.478,10
WPE02,1,2022,K4A,2,B,RHAR,0.589,10
WPE02,1,2022,K4A,2,B,RHAR,0.749,10
WPE02,1,2022,K4A,2,B,RHAR,0.458,10
WPE02,1,2022,K4A,2,B,RHAR,0.746,10
WPE02,1,2022,K4A,2,B,RHAR,0.433,10
WPE02,1,2022,K4A,2,B,RHAR,0.894,10
WPE02,1,2022,K4A,2,B,RHAR,0.777,10
WPE02,1,2022,K4A,2,B,RHAR,0.785,10
WPE02,1,2022,K4A,2,B,RHAR,0.37,10
WPE02,1,2022,K4A,2,B,RHAR,0.264,10
WPE02,1,2022,K4A,2,B,RHAR,0.559,10
WPE02,1,2022,K4A,2,B,RHAR,0.306,10
WPE02,1,2022,K4A,2,B,RHAR,0.883,10
WPE02,1,2022,K4A,2,B,RHAR,0.725,10
WPE02,1,2022,K4A,2,B,RHAR,0.572,10
WPE02,1,2022,K4A,2,B,RHAR,0.549,10
WPE02,1,2022,K4A,2,C,CODR,0.9,2
WPE02,1,2022,K4A,2,C,CODR,1.211,2
WPE02,1,2022,K4A,2,C,CODR,0.78,2
WPE02,1,2022,K4A,2,C,CODR,0.981,2
WPE02,1,2022,K4A,2,C,CODR,1.217,2
WPE02,1,2022,K4A,2,C,CODR,1.201,4
WPE02,1,2022,K4A,2,C,CODR,1.174,4
WPE02,1,2022,K4A,2,C,CODR,0.463,6
WPE02,1,2022,K4A,2,C,CODR,0.533,6
WPE02,1,2022,K4A,2,C,CODR,0.903,6
WPE02,1,2022,K4A,2,C,CODR,0.527,6
WPE02,1,2022,K4A,2,C,CODR,0.511,8
WPE02,1,2022,K4A,2,C,CODR,0.622,10
WPE02,1,2022,K4A,2,C,RHAR,0.416,12
WPE02,1,2022,K4A,2,C,RHAR,0.696,12
WPE02,1,2022,K4A,2,C,RHAR,0.486,12
WPE02,1,2022,K4A,2,C,RHAR,0.378,12
WPE02,1,2022,K4A,2,C,RHAR,0.572,12
WPE02,1,2022,K4A,2,C,RHAR,0.273,12
WPE02,1,2022,K4A,2,C,RHAR,0.428,12
WPE02,1,2022,K4A,2,C,RHAR,0.362,12
WPE02,1,2022,K4A,2,C,PRAM,0.617,14
WPE02,1,2022,K4A,2,C,PRAM,0.789,14
WPE02,1,2022,K4A,2,C,PRAM,0.435,14
WPE02,1,2022,K4A,2,C,PRAM,0.314,14
WPE02,1,2022,K4A,2,C,PRAM,0.512,14
WPE02,1,2022,K4A,2,C,PRAM,0.761,14
WPE02,1,2022,K4A,2,C,CODR,0.705,16
WPE02,1,2022,K4A,2,C,PRAM,0.361,16
WPE02,1,2022,K4A,2,C,PRAM,0.469,16
WPE02,1,2022,K4A,2,C,PRAM,0.263,16
WPE02,1,2022,K4A,2,C,PRAM,0.543,18
WPE02,1,2022,K4A,2,C,PRAM,0.36,18
WPE02,1,2022,K4A,2,C,PRAM,0.292,18
WPE02,1,2022,K4A,2,C,PRAM,0.503,18
WPE02,1,2022,K4A,2,C,PRAM,0.376,20
WPE02,1,2022,K4A,3,A,CODR,0.354,2
WPE02,1,2022,K4A,3,A,CODR,0.581,2
WPE02,1,2022,K4A,3,A,CODR,0.498,2
WPE02,1,2022,K4A,3,A,CODR,0.565,2
WPE02,1,2022,K4A,3,A,CODR,0.415,2
WPE02,1,2022,K4A,3,A,CODR,0.281,4
WPE02,1,2022,K4A,3,A,CODR,0.716,4
WPE02,1,2022,K4A,3,A,CODR,0.205,6
WPE02,1,2022,K4A,3,A,CODR,0.405,8
WPE02,1,2022,K4A,3,A,CODR,0.331,8
WPE02,1,2022,K4A,3,A,CODR,0.441,8
WPE02,1,2022,K4A,3,A,CODR,0.233,10
WPE02,1,2022,K4A,3,A,CODR,0.46,12
WPE02,1,2022,K4A,3,A,CODR,0.828,12
WPE02,1,2022,K4A,3,A,CODR,0.217,12
WPE02,1,2022,K4A,3,A,CODR,0.191,12
WPE02,1,2022,K4A,3,A,CODR,0.493,12
WPE02,1,2022,K4A,3,A,CODR,0.196,14
WPE02,1,2022,K4A,3,A,CODR,1.515,14
WPE02,1,2022,K4A,3,A,RHGL,0.503,14
WPE02,1,2022,K4A,3,A,CODR,0.224,16
WPE02,1,2022,K4A,3,A,CODR,0.259,16
WPE02,1,2022,K4A,3,A,CODR,0.584,18
WPE02,1,2022,K4A,3,A,CODR,0.33,18
WPE02,1,2022,K4A,3,A,CODR,0.525,18
WPE02,1,2022,K4A,3,A,CODR,0.277,20
WPE02,1,2022,K4A,3,A,CODR,0.245,20
WPE02,1,2022,K4A,3,A,CODR,2.825,20
WPE02,1,2022,K4A,3,A,CODR,0.206,22
WPE02,1,2022,K4A,3,A,CODR,0.576,22
WPE02,1,2022,K4A,3,A,CODR,0.565,22
WPE02,1,2022,K4A,3,A,CODR,0.745,22
WPE02,1,2022,K4A,3,A,CODR,0.528,22
WPE02,1,2022,K4A,3,B,CODR,0.606,2
WPE02,1,2022,K4A,3,B,CODR,0.579,2
WPE02,1,2022,K4A,3,B,CODR,0.6,2
WPE02,1,2022,K4A,3,B,CODR,1.614,2
WPE02,1,2022,K4A,3,B,CODR,1.131,2
WPE02,1,2022,K4A,3,B,CODR,1.196,2
WPE02,1,2022,K4A,3,B,CODR,0.401,2
WPE02,1,2022,K4A,3,B,CODR,0.659,4
WPE02,1,2022,K4A,3,B,CODR,0.801,4
WPE02,1,2022,K4A,3,B,CODR,0.609,4
WPE02,1,2022,K4A,3,B,CODR,0.966,4
WPE02,1,2022,K4A,3,B,CODR,0.34,4
WPE02,1,2022,K4A,3,B,CODR,0.338,4
WPE02,1,2022,K4A,3,B,CODR,0.392,4
WPE02,1,2022,K4A,3,B,CODR,0.329,4
WPE02,1,2022,K4A,3,B,CODR,1.141,4
WPE02,1,2022,K4A,3,B,CODR,1.062,6
WPE02,1,2022,K4A,3,B,CODR,1.528,6
WPE02,1,2022,K4A,3,B,CODR,0.516,6
WPE02,1,2022,K4A,3,B,CODR,0.274,8
WPE02,1,2022,K4A,3,B,CODR,0.643,8
WPE02,1,2022,K4A,3,B,CODR,0.342,8
WPE02,1,2022,K4A,3,B,CODR,0.235,8
WPE02,1,2022,K4A,3,B,CODR,0.454,8
WPE02,1,2022,K4A,3,B,CODR,0.321,8
WPE02,1,2022,K4A,3,B,CODR,0.37,8
WPE02,1,2022,K4A,3,B,CODR,0.475,10
WPE02,1,2022,K4A,3,B,CODR,0.826,10
WPE02,1,2022,K4A,3,B,CODR,2.138,10
WPE02,1,2022,K4A,3,B,CODR,0.577,10
WPE02,1,2022,K4A,3,B,CODR,0.607,10
WPE02,1,2022,K4A,3,B,CODR,0.194,10
WPE02,1,2022,K4A,3,B,CODR,2.412,12
WPE02,1,2022,K4A,3,B,CODR,2.055,12
WPE02,1,2022,K4A,3,B,CODR,1.246,12
WPE02,1,2022,K4A,3,B,CODR,1.065,14
WPE02,1,2022,K4A,3,B,CODR,0.452,14
WPE02,1,2022,K4A,3,B,PRAM,0.421,16
WPE02,1,2022,K4A,3,B,PRAM,0.263,18
WPE02,1,2022,K4A,3,B,PRAM,0.296,18
WPE02,1,2022,K4A,3,B,CODR,0.299,20
WPE02,1,2022,K4A,3,B,PRAM,0.548,20
WPE02,1,2022,K4A,3,B,PRAM,0.492,20
WPE02,1,2022,K4A,3,B,CODR,1.043,22
WPE02,1,2022,K4A,3,B,CODR,1.247,22
WPE02,1,2022,K4A,3,B,CODR,1.04,22
WPE02,1,2022,K4A,3,B,CODR,1.752,22
WPE02,1,2022,K4A,3,B,CODR,1.767,22
WPE02,1,2022,K4A,3,C,CODR,0.913,2
WPE02,1,2022,K4A,3,C,CODR,0.363,2
WPE02,1,2022,K4A,3,C,CODR,0.88,2
WPE02,1,2022,K4A,3,C,CODR,0.447,2
WPE02,1,2022,K4A,3,C,CODR,2.591,4
WPE02,1,2022,K4A,3,C,CODR,1.31,4
WPE02,1,2022,K4A,3,C,CODR,1.009,4
WPE02,1,2022,K4A,3,C,CODR,0.463,6
WPE02,1,2022,K4A,3,C,CODR,0.493,6
WPE02,1,2022,K4A,3,C,CODR,1.095,6
WPE02,1,2022,K4A,3,C,CODR,2.911,6
WPE02,1,2022,K4A,3,C,CODR,0.523,6
WPE02,1,2022,K4A,3,C,CODR,0.663,6
WPE02,1,2022,K4A,3,C,CODR,0.516,6
WPE02,1,2022,K4A,3,C,CODR,1.543,12
WPE02,1,2022,K4A,3,C,CODR,0.366,12
WPE02,1,2022,K4A,3,C,CODR,1.526,12
WPE02,1,2022,K4A,3,C,CODR,1.293,12
WPE02,1,2022,K4A,3,C,CODR,0.339,14
WPE02,1,2022,K4A,3,C,CODR,1.525,14
WPE02,1,2022,K4A,3,C,RUOC,0.312,14
WPE02,1,2022,K4A,3,C,RUOC,0.427,16
WPE02,1,2022,K4A,3,C,RUOC,0.503,16
WPE02,1,2022,K4A,3,C,RUOC,0.45,16
WPE02,1,2022,K4A,3,C,CODR,1.453,18
WPE02,1,2022,K4A,3,C,CODR,1.241,18
WPE02,1,2022,K4A,3,C,CODR,0.643,18
WPE02,1,2022,K4A,3,C,CODR,4.868,18
WPE02,1,2022,K4A,3,C,CODR,5.364,22
WPE02,1,2022,K4A,3,C,CODR,2.585,22
WPE02,1,2022,K4A,3,C,CODR,2.529,22
WPE02,1,2022,K4A,4,A,CODR,0.471,4
WPE02,1,2022,K4A,4,A,PRAM,0.211,4
WPE02,1,2022,K4A,4,A,PRAM,0.573,4
WPE02,1,2022,K4A,4,A,PRAM,0.525,4
WPE02,1,2022,K4A,4,A,CODR,0.563,6
WPE02,1,2022,K4A,4,A,CODR,0.327,6
WPE02,1,2022,K4A,4,A,CODR,0.721,8
WPE02,1,2022,K4A,4,A,CODR,0.458,8
WPE02,1,2022,K4A,4,A,CODR,0.339,8
WPE02,1,2022,K4A,4,A,CODR,0.603,10
WPE02,1,2022,K4A,4,A,CODR,0.506,10
WPE02,1,2022,K4A,4,A,PRAM,0.353,10
WPE02,1,2022,K4A,4,A,PRAM,0.46,10
WPE02,1,2022,K4A,4,A,CODR,0.616,12
WPE02,1,2022,K4A,4,A,CODR,0.469,12
WPE02,1,2022,K4A,4,A,PRAM,0.477,12
WPE02,1,2022,K4A,4,A,PRAM,0.482,12
WPE02,1,2022,K4A,4,A,PRAM,0.263,12
WPE02,1,2022,K4A,4,A,CODR,0.557,14
WPE02,1,2022,K4A,4,A,CODR,0.909,14
WPE02,1,2022,K4A,4,A,CODR,0.639,14
WPE02,1,2022,K4A,4,A,CODR,0.635,14
WPE02,1,2022,K4A,4,A,CODR,0.306,16
WPE02,1,2022,K4A,4,A,CODR,0.417,16
WPE02,1,2022,K4A,4,A,CODR,0.665,16
WPE02,1,2022,K4A,4,A,CODR,0.705,16
WPE02,1,2022,K4A,4,A,PRAM,0.341,16
WPE02,1,2022,K4A,4,A,CODR,0.918,18
WPE02,1,2022,K4A,4,A,CODR,1.107,18
WPE02,1,2022,K4A,4,A,CODR,0.583,18
WPE02,1,2022,K4A,4,A,CODR,0.372,20
WPE02,1,2022,K4A,4,A,CODR,0.285,20
WPE02,1,2022,K4A,4,A,CODR,0.446,20
WPE02,1,2022,K4A,4,A,CODR,0.528,20
WPE02,1,2022,K4A,4,A,CODR,0.585,22
WPE02,1,2022,K4A,4,B,CODR,0.34,20
WPE02,1,2022,K4A,4,B,CODR,0.347,22
WPE02,1,2022,K4A,4,B,PRAM,0.45,22
WPE02,1,2022,K4A,4,B,RHGL,0.72,22
WPE02,1,2022,K4A,4,C,PRAM,0.376,4
WPE02,1,2022,K4A,4,C,CODR,0.77,10
WPE02,1,2022,K4A,4,C,CODR,0.57,10
WPE02,1,2022,K4A,4,C,PRAM,0.467,10
WPE02,1,2022,K4A,4,C,CODR,0.523,12
WPE02,1,2022,K4A,4,C,CODR,0.352,12
WPE02,1,2022,K4A,4,C,CODR,0.964,12
WPE02,1,2022,K4A,4,C,PRAM,0.376,14
WPE02,1,2022,K4A,5,A,CODR,0.436,2
WPE02,1,2022,K4A,5,A,CODR,0.344,2
WPE02,1,2022,K4A,5,A,CODR,0.441,2
WPE02,1,2022,K4A,5,A,CODR,0.734,2
WPE02,1,2022,K4A,5,A,CODR,0.415,2
WPE02,1,2022,K4A,5,A,CODR,0.601,2
WPE02,1,2022,K4A,5,A,CODR,0.546,2
WPE02,1,2022,K4A,5,A,CODR,0.628,4
WPE02,1,2022,K4A,5,A,CODR,0.321,4
WPE02,1,2022,K4A,5,A,CODR,0.238,4
WPE02,1,2022,K4A,5,A,CODR,0.198,4
WPE02,1,2022,K4A,5,A,CODR,0.69,6
WPE02,1,2022,K4A,5,A,CODR,0.368,6
WPE02,1,2022,K4A,5,A,CODR,0.478,6
WPE02,1,2022,K4A,5,A,CODR,0.79,6
WPE02,1,2022,K4A,5,A,CODR,0.311,6
WPE02,1,2022,K4A,5,A,CODR,0.334,6
WPE02,1,2022,K4A,5,A,CODR,0.664,6
WPE02,1,2022,K4A,5,A,CODR,0.273,6
WPE02,1,2022,K4A,5,A,CODR,0.528,10
WPE02,1,2022,K4A,5,A,CODR,0.434,10
WPE02,1,2022,K4A,5,A,CODR,0.332,10
WPE02,1,2022,K4A,5,A,CODR,0.41,10
WPE02,1,2022,K4A,5,A,CODR,0.494,10
WPE02,1,2022,K4A,5,B,CODR,0.513,2
WPE02,1,2022,K4A,5,B,CODR,0.196,2
WPE02,1,2022,K4A,5,B,CODR,0.424,2
WPE02,1,2022,K4A,5,B,CODR,0.6,2
WPE02,1,2022,K4A,5,B,CODR,0.383,2
WPE02,1,2022,K4A,5,B,CODR,0.534,2
WPE02,1,2022,K4A,5,B,CODR,0.469,2
WPE02,1,2022,K4A,5,B,CODR,0.387,2
WPE02,1,2022,K4A,5,B,CODR,0.59,2
WPE02,1,2022,K4A,5,B,CODR,0.543,4
WPE02,1,2022,K4A,5,B,CODR,0.385,4
WPE02,1,2022,K4A,5,B,CODR,0.364,4
WPE02,1,2022,K4A,5,B,CODR,0.349,4
WPE02,1,2022,K4A,5,B,CODR,0.67,4
WPE02,1,2022,K4A,5,B,CODR,0.2,4
WPE02,1,2022,K4A,5,B,CODR,0.453,4
WPE02,1,2022,K4A,5,B,CODR,0.437,4
WPE02,1,2022,K4A,5,B,CODR,0.453,4
WPE02,1,2022,K4A,5,B,CODR,0.457,6
WPE02,1,2022,K4A,5,B,CODR,0.248,6
WPE02,1,2022,K4A,5,B,CODR,0.277,8
WPE02,1,2022,K4A,5,B,CODR,0.357,10
WPE02,1,2022,K4A,5,B,CODR,0.463,10
WPE02,1,2022,K4A,5,B,CODR,0.739,12
WPE02,1,2022,K4A,5,B,CODR,0.459,12
WPE02,1,2022,K4A,5,B,CODR,0.656,12
WPE02,1,2022,K4A,5,B,CODR,0.415,12
WPE02,1,2022,K4A,5,B,CODR,0.525,14
WPE02,1,2022,K4A,5,B,CODR,0.421,14
WPE02,1,2022,K4A,5,B,CODR,0.44,14
WPE02,1,2022,K4A,5,B,CODR,0.645,14
WPE02,1,2022,K4A,5,B,CODR,0.406,18
WPE02,1,2022,K4A,5,B,CODR,0.458,18
WPE02,1,2022,K4A,5,B,CODR,0.336,18
WPE02,1,2022,K4A,5,C,CODR,0.282,2
WPE02,1,2022,K4A,5,C,CODR,0.447,2
WPE02,1,2022,K4A,6,A,CODR,0.723,2
WPE02,1,2022,K4A,6,A,CODR,1.111,2
WPE02,1,2022,K4A,6,A,CODR,0.674,2
WPE02,1,2022,K4A,6,A,CODR,0.619,2
WPE02,1,2022,K4A,6,A,CODR,1.479,4
WPE02,1,2022,K4A,6,A,CODR,0.498,4
WPE02,1,2022,K4A,6,A,CODR,0.618,4
WPE02,1,2022,K4A,6,A,RHGL,1.444,4
WPE02,1,2022,K4A,6,A,CODR,0.85,6
WPE02,1,2022,K4A,6,A,CODR,0.923,6
WPE02,1,2022,K4A,6,A,CODR,0.645,6
WPE02,1,2022,K4A,6,A,CODR,0.929,6
WPE02,1,2022,K4A,6,A,CODR,0.602,6
WPE02,1,2022,K4A,6,A,RHGL,1.189,6
WPE02,1,2022,K4A,6,A,CODR,0.497,8
WPE02,1,2022,K4A,6,A,CODR,0.307,8
WPE02,1,2022,K4A,6,A,CODR,0.589,8
WPE02,1,2022,K4A,6,A,RHGL,0.878,8
WPE02,1,2022,K4A,6,A,RHGL,0.595,12
WPE02,1,2022,K4A,6,A,RHGL,0.473,14
WPE02,1,2022,K4A,6,A,RHGL,0.761,16
WPE02,1,2022,K4A,6,A,RHGL,0.704,16
WPE02,1,2022,K4A,6,A,CODR,0.469,18
WPE02,1,2022,K4A,6,A,RHGL,0.428,22
WPE02,1,2022,K4A,6,B,CODR,0.231,2
WPE02,1,2022,K4A,6,B,CODR,0.408,2
WPE02,1,2022,K4A,6,B,CODR,0.253,2
WPE02,1,2022,K4A,6,B,CODR,0.253,2
WPE02,1,2022,K4A,6,B,CODR,0.213,2
WPE02,1,2022,K4A,6,B,CODR,0.375,2
WPE02,1,2022,K4A,6,B,CODR,0.263,2
WPE02,1,2022,K4A,6,B,RHGL,0.818,2
WPE02,1,2022,K4A,6,B,CODR,0.344,4
WPE02,1,2022,K4A,6,B,CODR,0.194,4
WPE02,1,2022,K4A,6,B,CODR,0.343,4
WPE02,1,2022,K4A,6,B,CODR,0.419,4
WPE02,1,2022,K4A,6,B,CODR,0.455,4
WPE02,1,2022,K4A,6,B,CODR,0.279,4
WPE02,1,2022,K4A,6,B,CODR,0.234,4
WPE02,1,2022,K4A,6,B,CODR,0.452,6
WPE02,1,2022,K4A,6,B,CODR,0.471,6
WPE02,1,2022,K4A,6,B,CODR,0.459,6
WPE02,1,2022,K4A,6,B,CODR,0.308,6
WPE02,1,2022,K4A,6,B,CODR,0.605,6
WPE02,1,2022,K4A,6,B,CODR,0.24,8
WPE02,1,2022,K4A,6,B,CODR,0.516,8
WPE02,1,2022,K4A,6,B,CODR,0.338,8
WPE02,1,2022,K4A,6,B,CODR,0.535,8
WPE02,1,2022,K4A,6,B,CODR,0.344,8
WPE02,1,2022,K4A,6,B,CODR,0.554,8
WPE02,1,2022,K4A,6,B,CODR,0.638,10
WPE02,1,2022,K4A,6,B,CODR,0.367,10
WPE02,1,2022,K4A,6,B,CODR,0.579,10
WPE02,1,2022,K4A,6,B,CODR,0.192,10
WPE02,1,2022,K4A,6,B,CODR,0.303,10
WPE02,1,2022,K4A,6,B,CODR,0.233,10
WPE02,1,2022,K4A,6,B,CODR,0.568,12
WPE02,1,2022,K4A,6,B,CODR,0.686,12
WPE02,1,2022,K4A,6,B,CODR,1.029,12
WPE02,1,2022,K4A,6,B,CODR,1.066,12
WPE02,1,2022,K4A,6,B,CODR,0.454,12
WPE02,1,2022,K4A,6,B,CODR,0.622,12
WPE02,1,2022,K4A,6,B,CODR,0.249,12
WPE02,1,2022,K4A,6,B,CODR,1.154,14
WPE02,1,2022,K4A,6,B,CODR,1.093,14
WPE02,1,2022,K4A,6,B,RHGL,0.99,14
WPE02,1,2022,K4A,6,B,CODR,0.965,16
WPE02,1,2022,K4A,6,B,CODR,1.091,16
WPE02,1,2022,K4A,6,B,CODR,1.129,16
WPE02,1,2022,K4A,6,B,CODR,1.393,18
WPE02,1,2022,K4A,6,B,CODR,2.275,18
WPE02,1,2022,K4A,6,B,CODR,1.141,20
WPE02,1,2022,K4A,6,B,CODR,0.88,20
WPE02,1,2022,K4A,6,B,CODR,1.113,20
WPE02,1,2022,K4A,6,B,RHAR,1.456,20
WPE02,1,2022,K4A,6,B,RHAR,1.355,20
WPE02,1,2022,K4A,6,B,RHAR,1.131,20
WPE02,1,2022,K4A,6,B,CODR,0.859,22
WPE02,1,2022,K4A,6,C,CODR,0.281,2
WPE02,1,2022,K4A,6,C,CODR,0.315,2
WPE02,1,2022,K4A,6,C,RHGL,0.458,2
WPE02,1,2022,K4A,6,C,CODR,0.662,4
WPE02,1,2022,K4A,6,C,CODR,0.698,4
WPE02,1,2022,K4A,6,C,CODR,0.602,6
WPE02,1,2022,K4A,6,C,RHGL,0.889,6
WPE02,1,2022,K4A,6,C,CODR,0.576,8
WPE02,1,2022,K4A,6,C,CODR,0.455,8
WPE02,1,2022,K4A,6,C,CODR,0.391,8
WPE02,1,2022,K4A,6,C,CODR,0.73,10
WPE02,1,2022,K4A,6,C,CODR,0.659,10
WPE02,1,2022,K4A,6,C,CODR,0.462,10
WPE02,1,2022,K4A,6,C,RHGL,0.499,10
WPE02,1,2022,K4A,6,C,CODR,0.73,12
WPE02,1,2022,K4A,6,C,RHGL,0.76,12
WPE02,1,2022,K4A,6,C,CODR,0.795,14
WPE02,1,2022,K4A,6,C,RHGL,0.645,14
WPE02,1,2022,K4A,6,C,CODR,0.203,16
WPE02,1,2022,K4A,6,C,CODR,1.07,18
WPE02,1,2022,K4A,6,C,CODR,0.966,18
WPE02,1,2022,K4A,6,C,CODR,1.087,18
WPE02,1,2022,K4A,6,C,CODR,1.378,18
WPE02,1,2022,K4A,6,C,CODR,0.337,20
WPE02,1,2022,K4A,6,C,CODR,0.557,20
WPE02,1,2022,K4A,6,C,CODR,0.538,20
WPE02,1,2022,K4A,6,C,CODR,0.327,20
WPE02,1,2022,K4A,6,C,CODR,0.881,22
WPE02,1,2022,K4A,6,C,CODR,0.716,22
WPE02,1,2022,K4A,6,C,CODR,0.713,22
WPE02,1,2022,K4A,6,C,CODR,0.371,22
WPE02,1,2022,K4A,7,A,CODR,0.397,2
WPE02,1,2022,K4A,7,A,CODR,0.468,2
WPE02,1,2022,K4A,7,A,CODR,0.439,2
WPE02,1,2022,K4A,7,A,CODR,0.517,2
WPE02,1,2022,K4A,7,A,CODR,0.446,2
WPE02,1,2022,K4A,7,A,CODR,0.417,2
WPE02,1,2022,K4A,7,A,RHGL,0.917,2
WPE02,1,2022,K4A,7,A,RHGL,0.952,2
WPE02,1,2022,K4A,7,A,CODR,0.387,4
WPE02,1,2022,K4A,7,A,CODR,0.285,4
WPE02,1,2022,K4A,7,A,CODR,0.216,4
WPE02,1,2022,K4A,7,A,CODR,0.501,6
WPE02,1,2022,K4A,7,A,CODR,0.397,6
WPE02,1,2022,K4A,7,A,CODR,0.807,6
WPE02,1,2022,K4A,7,A,CODR,0.588,6
WPE02,1,2022,K4A,7,A,CODR,0.455,6
WPE02,1,2022,K4A,7,A,CODR,0.474,6
WPE02,1,2022,K4A,7,A,CODR,0.496,6
WPE02,1,2022,K4A,7,A,CODR,0.619,6
WPE02,1,2022,K4A,7,A,CODR,0.558,8
WPE02,1,2022,K4A,7,A,CODR,0.468,8
WPE02,1,2022,K4A,7,A,CODR,0.492,8
WPE02,1,2022,K4A,7,A,CODR,0.558,8
WPE02,1,2022,K4A,7,A,RHGL,1.37,8
WPE02,1,2022,K4A,7,A,RHGL,1.204,8
WPE02,1,2022,K4A,7,A,RHGL,1.201,8
WPE02,1,2022,K4A,7,A,CODR,0.39,10
WPE02,1,2022,K4A,7,A,CODR,0.159,10
WPE02,1,2022,K4A,7,A,RHAR,0.704,10
WPE02,1,2022,K4A,7,A,RHGL,0.797,10
WPE02,1,2022,K4A,7,A,CODR,0.398,12
WPE02,1,2022,K4A,7,A,CODR,0.407,12
WPE02,1,2022,K4A,7,A,RHGL,1.168,12
WPE02,1,2022,K4A,7,A,RHGL,1.084,12
WPE02,1,2022,K4A,7,A,CODR,0.687,14
WPE02,1,2022,K4A,7,A,CODR,0.651,14
WPE02,1,2022,K4A,7,A,CODR,0.248,14
WPE02,1,2022,K4A,7,A,CODR,0.784,14
WPE02,1,2022,K4A,7,A,CODR,0.775,16
WPE02,1,2022,K4A,7,A,CODR,0.665,16
WPE02,1,2022,K4A,7,A,RHGL,0.632,16
WPE02,1,2022,K4A,7,A,CODR,0.477,18
WPE02,1,2022,K4A,7,A,CODR,0.457,18
WPE02,1,2022,K4A,7,A,CODR,1.075,18
WPE02,1,2022,K4A,7,A,CODR,0.664,18
WPE02,1,2022,K4A,7,A,CODR,0.405,18
WPE02,1,2022,K4A,7,A,CODR,0.55,18
WPE02,1,2022,K4A,7,A,CODR,0.517,18
WPE02,1,2022,K4A,7,A,CODR,0.533,20
WPE02,1,2022,K4A,7,A,CODR,0.518,20
WPE02,1,2022,K4A,7,A,CODR,0.509,20
WPE02,1,2022,K4A,7,A,RHGL,0.573,20
WPE02,1,2022,K4A,7,A,CODR,0.402,22
WPE02,1,2022,K4A,7,A,CODR,0.209,22
WPE02,1,2022,K4A,7,B,RHGL,0.634,2
WPE02,1,2022,K4A,7,B,RHGL,0.589,10
WPE02,1,2022,K4A,7,B,RHGL,0.892,12
WPE02,1,2022,K4A,7,B,RHGL,0.968,12
WPE02,1,2022,K4A,7,B,RHGL,0.65,14
WPE02,1,2022,K4A,7,B,CODR,0.557,16
WPE02,1,2022,K4A,7,B,RHGL,0.494,16
WPE02,1,2022,K4A,7,B,RHGL,0.551,20
WPE02,1,2022,K4A,7,C,CODR,0.394,2
WPE02,1,2022,K4A,7,C,CODR,0.203,2
WPE02,1,2022,K4A,7,C,CODR,0.491,2
WPE02,1,2022,K4A,7,C,CODR,0.275,2
WPE02,1,2022,K4A,7,C,RHGL,0.666,2
WPE02,1,2022,K4A,7,C,RHGL,0.558,2
WPE02,1,2022,K4A,7,C,RHGL,1.043,4
WPE02,1,2022,K4A,7,C,RHGL,1.371,4
WPE02,1,2022,K4A,7,C,CODR,0.62,6
WPE02,1,2022,K4A,7,C,CODR,0.675,6
WPE02,1,2022,K4A,7,C,CODR,0.372,6
WPE02,1,2022,K4A,7,C,CODR,0.61,6
WPE02,1,2022,K4A,7,C,CODR,0.715,6
WPE02,1,2022,K4A,7,C,CODR,0.7,8
WPE02,1,2022,K4A,7,C,CODR,0.738,8
WPE02,1,2022,K4A,7,C,CODR,0.646,8
WPE02,1,2022,K4A,7,C,CODR,0.591,8
WPE02,1,2022,K4A,7,C,CODR,1.003,8
WPE02,1,2022,K4A,7,C,CODR,0.613,10
WPE02,1,2022,K4A,7,C,CODR,0.634,10
WPE02,1,2022,K4A,7,C,CODR,0.456,10
WPE02,1,2022,K4A,7,C,CODR,0.197,10
WPE02,1,2022,K4A,7,C,RHGL,1.234,10
WPE02,1,2022,K4A,7,C,CODR,0.473,14
WPE02,1,2022,K4A,7,C,RHAR,0.613,14
WPE02,1,2022,K4A,7,C,RHAR,0.511,14
WPE02,1,2022,K4A,7,C,RHAR,0.701,14
WPE02,1,2022,K4A,7,C,CODR,0.281,18
WPE02,1,2022,K4A,7,C,CODR,0.171,18
WPE02,1,2022,K4A,7,C,CODR,0.13,18
WPE02,1,2022,K4A,7,C,RHGL,0.588,18
WPE02,1,2022,K4A,7,C,CODR,0.503,20
WPE02,1,2022,K4A,7,C,CODR,0.94,22
WPE02,1,2022,K4A,7,C,CODR,1.532,22
WPE02,1,2022,K4A,7,C,CODR,1.476,22
WPE02,1,2022,K4A,7,C,RHGL,0.805,22
WPE02,1,2022,K4A,8,A,CODR,0.269,2
WPE02,1,2022,K4A,8,A,CODR,0.233,2
WPE02,1,2022,K4A,8,A,CODR,0.359,2
WPE02,1,2022,K4A,8,A,CODR,0.325,2
WPE02,1,2022,K4A,8,A,CODR,0.248,2
WPE02,1,2022,K4A,8,A,CODR,0.426,2
WPE02,1,2022,K4A,8,A,CODR,0.25,2
WPE02,1,2022,K4A,8,A,RHGL,0.607,2
WPE02,1,2022,K4A,8,A,CODR,0.292,4
WPE02,1,2022,K4A,8,A,CODR,0.288,4
WPE02,1,2022,K4A,8,A,CODR,0.475,4
WPE02,1,2022,K4A,8,A,CODR,0.288,4
WPE02,1,2022,K4A,8,A,CODR,0.316,4
WPE02,1,2022,K4A,8,A,CODR,0.493,4
WPE02,1,2022,K4A,8,A,RHGL,1.016,4
WPE02,1,2022,K4A,8,A,CODR,0.262,6
WPE02,1,2022,K4A,8,A,CODR,0.407,6
WPE02,1,2022,K4A,8,A,CODR,0.523,6
WPE02,1,2022,K4A,8,A,CODR,0.519,6
WPE02,1,2022,K4A,8,A,RHGL,1.151,6
WPE02,1,2022,K4A,8,A,RHGL,0.608,6
WPE02,1,2022,K4A,8,A,CODR,0.419,8
WPE02,1,2022,K4A,8,A,CODR,0.584,8
WPE02,1,2022,K4A,8,A,CODR,0.577,8
WPE02,1,2022,K4A,8,A,CODR,0.233,10
WPE02,1,2022,K4A,8,A,CODR,0.335,10
WPE02,1,2022,K4A,8,A,CODR,0.279,10
WPE02,1,2022,K4A,8,A,CODR,0.57,10
WPE02,1,2022,K4A,8,A,CODR,0.447,12
WPE02,1,2022,K4A,8,A,CODR,0.399,12
WPE02,1,2022,K4A,8,A,CODR,0.327,12
WPE02,1,2022,K4A,8,A,CODR,0.552,12
WPE02,1,2022,K4A,8,A,CODR,0.363,12
WPE02,1,2022,K4A,8,B,CODR,0.431,2
WPE02,1,2022,K4A,8,B,CODR,0.236,2
WPE02,1,2022,K4A,8,B,CODR,0.171,2
WPE02,1,2022,K4A,8,B,CODR,0.181,2
WPE02,1,2022,K4A,8,B,RHGL,0.857,2
WPE02,1,2022,K4A,8,B,CODR,0.334,4
WPE02,1,2022,K4A,8,B,CODR,0.427,4
WPE02,1,2022,K4A,8,B,CODR,0.218,10
WPE02,1,2022,K4A,8,C,CODR,0.273,2
WPE02,1,2022,K4A,8,C,CODR,0.436,2
WPE02,1,2022,K4A,8,C,CODR,0.189,2
WPE02,1,2022,K4A,8,C,CODR,0.438,2
WPE02,1,2022,K4A,8,C,CODR,0.446,4
WPE02,1,2022,K4A,8,C,RHGL,1.077,4
WPE02,1,2022,K4A,8,C,RHGL,0.624,4
WPE02,1,2022,K4A,8,C,CODR,0.297,6
WPE02,1,2022,K4A,8,C,CODR,0.287,6
WPE02,1,2022,K4A,8,C,CODR,0.457,6
WPE02,1,2022,K4A,8,C,CODR,0.518,6
WPE02,1,2022,K4A,8,C,CODR,0.313,6
WPE02,1,2022,K4A,8,C,CODR,0.294,6
WPE02,1,2022,K4A,8,C,CODR,0.203,6
WPE02,1,2022,K4A,8,C,CODR,0.352,6
WPE02,1,2022,K4A,8,C,CODR,0.551,8
WPE02,1,2022,K4A,8,C,CODR,0.376,8
WPE02,1,2022,K4A,8,C,CODR,0.249,8
WPE02,1,2022,K4A,8,C,CODR,0.464,8
WPE02,1,2022,K4A,8,C,CODR,0.212,8
WPE02,1,2022,K4A,8,C,CODR,0.721,8
WPE02,1,2022,K4A,8,C,CODR,0.367,8
WPE02,1,2022,K4A,8,C,CODR,0.432,8
WPE02,1,2022,K4A,8,C,CODR,0.464,10
WPE02,1,2022,K4A,8,C,CODR,0.357,10
WPE02,1,2022,K4A,8,C,CODR,0.279,10
WPE02,1,2022,K4A,8,C,CODR,0.256,10
WPE02,1,2022,K4A,8,C,CODR,0.496,10
WPE02,1,2022,K4A,9,A,CODR,3.73,2
WPE02,1,2022,K4A,9,A,CODR,4.34,2
WPE02,1,2022,K4A,9,A,CODR,4.15,4
WPE02,1,2022,K4A,9,A,CODR,3.19,4
WPE02,1,2022,K4A,9,A,CODR,3.02,6
WPE02,1,2022,K4A,9,A,CODR,6,8
WPE02,1,2022,K4A,9,A,CODR,4.21,8
WPE02,1,2022,K4A,9,A,CODR,3.38,12
WPE02,1,2022,K4A,9,A,CODR,6.36,14
WPE02,1,2022,K4A,9,A,CODR,3.49,14
WPE02,1,2022,K4A,9,A,CODR,3.31,14
WPE02,1,2022,K4A,9,A,CODR,1.6,14
WPE02,1,2022,K4A,9,A,CODR,3.09,16
WPE02,1,2022,K4A,9,A,CODR,2.11,16
WPE02,1,2022,K4A,9,B,CODR,6.68,2
WPE02,1,2022,K4A,9,B,CODR,6.82,2
WPE02,1,2022,K4A,9,B,CODR,8.53,2
WPE02,1,2022,K4A,9,B,CODR,3.84,2
WPE02,1,2022,K4A,9,B,CODR,7.08,4
WPE02,1,2022,K4A,9,B,CODR,5.53,4
WPE02,1,2022,K4A,9,B,CODR,5.92,4
WPE02,1,2022,K4A,9,B,CODR,4.6,4
WPE02,1,2022,K4A,9,B,CODR,6.92,4
WPE02,1,2022,K4A,9,B,CODR,5.38,6
WPE02,1,2022,K4A,9,B,CODR,2.33,6
WPE02,1,2022,K4A,9,B,CODR,1.66,6
WPE02,1,2022,K4A,9,C,CODR,4.77,2
WPE02,1,2022,K4A,9,C,CODR,3.86,6
WPE02,1,2022,K4A,9,C,CODR,6.37,6
WPE02,1,2022,K4A,9,C,CODR,3.44,8
WPE02,1,2022,K4A,9,C,CODR,3.39,8
WPE02,1,2022,K4A,9,C,CODR,1.9,8
WPE02,1,2022,K4A,9,C,CODR,3.52,12
WPE02,1,2022,K4A,9,C,CODR,3.26,14
WPE02,1,2022,K4A,9,C,CODR,6.42,18
WPE02,1,2022,K4A,9,C,CODR,5.51,20
WPE02,1,2022,K4A,9,C,CODR,5.18,20
WPE02,1,2022,K4A,10,B,CODR,2.31,8
WPE02,1,2022,K4A,10,B,CODR,3.19,10
WPE02,1,2022,K4A,10,B,CODR,2.26,10
WPE02,1,2022,K4A,11,C,CODR,4.16,14
WPE02,1,2022,K4A,11,C,CODR,3.08,14
WPE02,1,2022,K4A,11,C,CODR,7.05,14
WPE02,1,2022,K4A,11,C,CODR,2.94,14
WPE02,1,2022,K4A,11,C,CODR,2.69,14
WPE02,1,2022,K4A,11,C,CODR,4.57,14
WPE02,1,2022,K4A,11,C,CODR,5.08,14
WPE02,1,2022,K4A,12,A,CODR,3.26,18
WPE02,1,2022,K4A,12,A,CODR,7.13,20
WPE02,1,2022,K4A,12,A,CODR,4.68,20
WPE02,1,2022,K4A,12,A,CODR,5.81,22
WPE02,1,2022,K4A,12,A,CODR,5.57,22
WPE02,1,2022,K4A,12,C,CODR,4.42,4
WPE02,1,2022,K4A,12,C,CODR,3.08,4
WPE02,1,2022,K4A,12,C,CODR,1.72,4
WPE02,1,2022,K4A,12,C,CODR,2.3,6
WPE02,1,2022,K4A,12,C,CODR,5.03,6
WPE02,1,2022,K4A,12,C,CODR,4.57,6
WPE02,1,2023,4B,1,C,PRAM,0.421,6
WPE02,1,2023,4B,1,C,PRAM,0.334,10
WPE02,1,2023,4B,1,C,CODR,0.581,12
WPE02,1,2023,4B,1,C,CODR,0.494,12
WPE02,1,2023,4B,1,C,PRAM,0.379,12
WPE02,1,2023,4B,1,C,CODR,0.498,14
WPE02,1,2023,4B,1,C,CODR,0.373,14
WPE02,1,2023,4B,1,C,CODR,0.44,14
WPE02,1,2023,4B,1,C,CODR,0.51,16
WPE02,1,2023,4B,1,C,CODR,0.449,16
WPE02,1,2023,4B,1,C,CODR,0.403,16
WPE02,1,2023,4B,1,C,CODR,0.43,16
WPE02,1,2023,4B,1,C,CODR,0.331,16
WPE02,1,2023,4B,1,C,CODR,0.587,16
WPE02,1,2023,4B,1,C,CODR,0.281,16
WPE02,1,2023,4B,1,C,CODR,0.385,18
WPE02,1,2023,4B,1,C,CODR,0.389,20
WPE02,1,2023,4B,1,C,CODR,0.309,20
WPE02,1,2023,4B,1,C,CODR,0.565,20
WPE02,1,2023,4B,1,C,CODR,0.588,20
WPE02,1,2023,4B,1,C,CODR,0.553,22
WPE02,1,2023,4B,1,C,CODR,0.532,22
WPE02,1,2023,4B,2,A,CODR,0.673,2
WPE02,1,2023,4B,2,A,CODR,0.46,2
WPE02,1,2023,4B,2,A,CODR,0.567,2
WPE02,1,2023,4B,2,A,CODR,0.704,2
WPE02,1,2023,4B,2,A,CODR,0.579,4
WPE02,1,2023,4B,2,A,CODR,0.422,4
WPE02,1,2023,4B,2,A,CODR,0.449,4
WPE02,1,2023,4B,2,A,CODR,0.646,4
WPE02,1,2023,4B,2,A,PRAM,0.56,4
WPE02,1,2023,4B,2,A,CODR,0.822,6
WPE02,1,2023,4B,2,A,CODR,0.508,6
WPE02,1,2023,4B,2,A,CODR,0.545,6
WPE02,1,2023,4B,2,A,PRAM,1.222,6
WPE02,1,2023,4B,2,A,PRAM,0.851,6
WPE02,1,2023,4B,2,A,CODR,0.377,6
WPE02,1,2023,4B,2,A,CODR,0.601,8
WPE02,1,2023,4B,2,A,CODR,0.818,8
WPE02,1,2023,4B,2,A,RHGL,0.662,8
WPE02,1,2023,4B,2,A,PRAM,0.913,10
WPE02,1,2023,4B,2,A,CODR,0.641,10
WPE02,1,2023,4B,2,A,CODR,0.718,10
WPE02,1,2023,4B,2,A,CODR,0.473,12
WPE02,1,2023,4B,2,A,PRAM,0.373,12
WPE02,1,2023,4B,2,A,PRAM,0.661,12
WPE02,1,2023,4B,2,A,PRAM,0.859,12
WPE02,1,2023,4B,2,A,PRAM,0.731,12
WPE02,1,2023,4B,2,A,PRAM,0.398,12
WPE02,1,2023,4B,2,A,CODR,0.563,14
WPE02,1,2023,4B,2,A,CODR,0.736,14
WPE02,1,2023,4B,2,A,CODR,0.833,14
WPE02,1,2023,4B,2,A,CODR,0.342,16
WPE02,1,2023,4B,2,A,CODR,1.142,16
WPE02,1,2023,4B,2,A,CODR,0.174,16
WPE02,1,2023,4B,2,A,CODR,0.517,16
WPE02,1,2023,4B,2,A,CODR,0.261,16
WPE02,1,2023,4B,2,A,CODR,0.561,18
WPE02,1,2023,4B,2,A,CODR,0.855,18
WPE02,1,2023,4B,2,A,CODR,0.455,18
WPE02,1,2023,4B,2,A,CODR,0.738,18
WPE02,1,2023,4B,2,A,CODR,0.68,18
WPE02,1,2023,4B,2,A,CODR,0.502,18
WPE02,1,2023,4B,2,A,CODR,0.335,18
WPE02,1,2023,4B,2,A,CODR,0.349,20
WPE02,1,2023,4B,2,A,CODR,0.561,20
WPE02,1,2023,4B,2,A,CODR,0.293,20
WPE02,1,2023,4B,2,A,PRAM,0.609,20
WPE02,1,2023,4B,2,A,PRAM,0.759,20
WPE02,1,2023,4B,2,A,CODR,0.733,22
WPE02,1,2023,4B,2,A,CODR,0.731,22
WPE02,1,2023,4B,2,A,CODR,0.431,22
WPE02,1,2023,4B,2,A,CODR,0.872,22
WPE02,1,2023,4B,2,B,CODR,0.644,2
WPE02,1,2023,4B,2,B,CODR,0.399,2
WPE02,1,2023,4B,2,B,CODR,0.547,2
WPE02,1,2023,4B,2,B,CODR,0.38,2
WPE02,1,2023,4B,2,B,CODR,0.524,2
WPE02,1,2023,4B,2,B,CODR,0.289,2
WPE02,1,2023,4B,2,B,CODR,0.489,4
WPE02,1,2023,4B,2,B,CODR,0.379,4
WPE02,1,2023,4B,2,B,CODR,0.397,4
WPE02,1,2023,4B,2,B,CODR,0.314,4
WPE02,1,2023,4B,2,B,CODR,0.308,4
WPE02,1,2023,4B,2,B,CODR,0.346,4
WPE02,1,2023,4B,2,B,CODR,0.463,4
WPE02,1,2023,4B,2,B,CODR,0.586,6
WPE02,1,2023,4B,2,B,CODR,0.562,6
WPE02,1,2023,4B,2,B,CODR,0.386,6
WPE02,1,2023,4B,2,B,CODR,0.33,6
WPE02,1,2023,4B,2,B,CODR,0.81,6
WPE02,1,2023,4B,2,B,CODR,0.47,8
WPE02,1,2023,4B,2,B,CODR,0.281,8
WPE02,1,2023,4B,2,B,CODR,0.472,8
WPE02,1,2023,4B,2,B,CODR,0.342,8
WPE02,1,2023,4B,2,B,CODR,0.372,8
WPE02,1,2023,4B,2,B,CODR,0.258,8
WPE02,1,2023,4B,2,B,PRAM,0.627,8
WPE02,1,2023,4B,2,B,CODR,0.568,10
WPE02,1,2023,4B,2,B,CODR,0.456,12
WPE02,1,2023,4B,2,B,CODR,0.413,12
WPE02,1,2023,4B,2,B,CODR,0.709,12
WPE02,1,2023,4B,2,B,CODR,1.016,12
WPE02,1,2023,4B,2,B,CODR,0.69,14
WPE02,1,2023,4B,2,B,CODR,0.434,14
WPE02,1,2023,4B,2,B,CODR,0.56,14
WPE02,1,2023,4B,2,B,CODR,0.657,14
WPE02,1,2023,4B,2,B,CODR,0.657,14
WPE02,1,2023,4B,2,B,CODR,0.521,14
WPE02,1,2023,4B,2,B,CODR,0.509,14
WPE02,1,2023,4B,2,B,CODR,0.591,14
WPE02,1,2023,4B,2,B,CODR,0.709,14
WPE02,1,2023,4B,2,B,CODR,0.265,16
WPE02,1,2023,4B,2,B,CODR,0.381,16
WPE02,1,2023,4B,2,B,CODR,0.639,18
WPE02,1,2023,4B,2,B,CODR,0.504,18
WPE02,1,2023,4B,2,B,CODR,0.356,18
WPE02,1,2023,4B,2,B,CODR,0.415,18
WPE02,1,2023,4B,2,B,CODR,0.77,20
WPE02,1,2023,4B,2,B,CODR,1.064,20
WPE02,1,2023,4B,2,B,CODR,0.814,20
WPE02,1,2023,4B,2,B,PRAM,0.54,22
WPE02,1,2023,4B,2,B,CODR,0.482,22
WPE02,1,2023,4B,2,C,PRAM,0.81,2
WPE02,1,2023,4B,2,C,PRAM,0.618,2
WPE02,1,2023,4B,2,C,PRAM,0.227,2
WPE02,1,2023,4B,2,C,CODR,0.701,2
WPE02,1,2023,4B,2,C,CODR,0.265,2
WPE02,1,2023,4B,2,C,CODR,0.43,2
WPE02,1,2023,4B,2,C,CODR,0.363,4
WPE02,1,2023,4B,2,C,CODR,0.553,4
WPE02,1,2023,4B,2,C,CODR,0.467,4
WPE02,1,2023,4B,2,C,CODR,0.211,4
WPE02,1,2023,4B,2,C,PRAM,0.714,6
WPE02,1,2023,4B,2,C,CODR,0.66,6
WPE02,1,2023,4B,2,C,CODR,0.47,6
WPE02,1,2023,4B,2,C,CODR,0.46,8
WPE02,1,2023,4B,2,C,CODR,0.748,8
WPE02,1,2023,4B,2,C,CODR,0.462,8
WPE02,1,2023,4B,2,C,CODR,0.47,8
WPE02,1,2023,4B,2,C,CODR,0.772,8
WPE02,1,2023,4B,2,C,CODR,0.505,8
WPE02,1,2023,4B,2,C,CODR,0.523,10
WPE02,1,2023,4B,2,C,CODR,0.82,10
WPE02,1,2023,4B,2,C,CODR,0.714,10
WPE02,1,2023,4B,2,C,CODR,1.005,10
WPE02,1,2023,4B,2,C,PRAM,0.389,12
WPE02,1,2023,4B,2,C,PRAM,0.703,12
WPE02,1,2023,4B,2,C,CODR,0.789,12
WPE02,1,2023,4B,2,C,CODR,1.037,12
WPE02,1,2023,4B,2,C,CODR,1.06,12
WPE02,1,2023,4B,2,C,CODR,0.994,12
WPE02,1,2023,4B,2,C,CODR,0.912,12
WPE02,1,2023,4B,2,C,CODR,1.093,14
WPE02,1,2023,4B,2,C,CODR,0.445,14
WPE02,1,2023,4B,2,C,CODR,0.539,14
WPE02,1,2023,4B,2,C,RHGL,0.65,14
WPE02,1,2023,4B,2,C,PRAM,0.716,14
WPE02,1,2023,4B,2,C,PRAM,0.488,14
WPE02,1,2023,4B,2,C,CODR,0.756,16
WPE02,1,2023,4B,2,C,CODR,0.399,16
WPE02,1,2023,4B,2,C,CODR,0.445,16
WPE02,1,2023,4B,2,C,CODR,0.404,16
WPE02,1,2023,4B,2,C,PRAM,0.739,18
WPE02,1,2023,4B,2,C,PRAM,0.838,18
WPE02,1,2023,4B,2,C,PRAM,0.849,18
WPE02,1,2023,4B,2,C,PRAM,1.171,20
WPE02,1,2023,4B,2,C,PRAM,0.603,20
WPE02,1,2023,4B,2,C,PRAM,0.371,20
WPE02,1,2023,4B,2,C,PRAM,0.58,20
WPE02,1,2023,4B,2,C,PRAM,0.647,22
WPE02,1,2023,4B,2,C,PRAM,0.661,22
WPE02,1,2023,4B,2,C,PRAM,0.535,22
WPE02,1,2023,4B,2,C,PRAM,0.773,22
WPE02,1,2023,4B,2,C,PRAM,0.694,22
WPE02,1,2023,4B,2,C,PRAM,0.757,22
WPE02,1,2023,4B,2,C,PRAM,1.232,22
WPE02,1,2023,4B,3,A,PRAM,0.615,2
WPE02,1,2023,4B,3,A,PRAM,0.353,2
WPE02,1,2023,4B,3,A,CODR,1.074,2
WPE02,1,2023,4B,3,A,PRAM,0.593,4
WPE02,1,2023,4B,3,A,PRAM,0.402,4
WPE02,1,2023,4B,3,A,PRAM,0.233,4
WPE02,1,2023,4B,3,A,CODR,0.742,4
WPE02,1,2023,4B,3,A,CODR,0.318,4
WPE02,1,2023,4B,3,A,CODR,0.299,4
WPE02,1,2023,4B,3,A,CODR,0.652,6
WPE02,1,2023,4B,3,A,CODR,0.509,6
WPE02,1,2023,4B,3,A,CODR,0.559,6
WPE02,1,2023,4B,3,A,PRAM,0.502,6
WPE02,1,2023,4B,3,A,PRAM,0.333,6
WPE02,1,2023,4B,3,A,PRAM,0.428,6
WPE02,1,2023,4B,3,A,PRAM,0.592,6
WPE02,1,2023,4B,3,A,PRAM,0.718,8
WPE02,1,2023,4B,3,A,PRAM,0.375,8
WPE02,1,2023,4B,3,A,PRAM,0.562,8
WPE02,1,2023,4B,3,A,PRAM,0.652,8
WPE02,1,2023,4B,3,A,PRAM,0.704,10
WPE02,1,2023,4B,3,A,PRAM,0.757,10
WPE02,1,2023,4B,3,A,PRAM,0.586,10
WPE02,1,2023,4B,3,A,PRAM,0.693,10
WPE02,1,2023,4B,3,A,PRAM,0.816,10
WPE02,1,2023,4B,3,A,PRAM,0.497,12
WPE02,1,2023,4B,3,A,PRAM,0.628,12
WPE02,1,2023,4B,3,A,PRAM,0.527,12
WPE02,1,2023,4B,3,A,PRAM,0.432,14
WPE02,1,2023,4B,3,A,PRAM,0.715,14
WPE02,1,2023,4B,3,A,PRAM,1.013,16
WPE02,1,2023,4B,3,A,PRAM,0.8,16
WPE02,1,2023,4B,3,A,PRAM,0.42,16
WPE02,1,2023,4B,3,A,PRAM,1.05,20
WPE02,1,2023,4B,3,A,PRAM,0.776,20
WPE02,1,2023,4B,3,A,PRAM,0.797,22
WPE02,1,2023,4B,3,B,CODR,0.669,2
WPE02,1,2023,4B,3,B,CODR,0.463,2
WPE02,1,2023,4B,3,B,CODR,0.716,4
WPE02,1,2023,4B,3,B,CODR,0.652,6
WPE02,1,2023,4B,3,B,CODR,0.557,6
WPE02,1,2023,4B,3,B,CODR,0.344,10
WPE02,1,2023,4B,3,B,CODR,0.346,10
WPE02,1,2023,4B,3,B,CODR,0.527,10
WPE02,1,2023,4B,3,B,CODR,0.491,10
WPE02,1,2023,4B,3,B,CODR,0.839,10
WPE02,1,2023,4B,3,B,CODR,0.531,12
WPE02,1,2023,4B,3,B,CODR,0.315,14
WPE02,1,2023,4B,3,B,CODR,0.378,14
WPE02,1,2023,4B,3,B,CODR,0.516,14
WPE02,1,2023,4B,3,B,CODR,0.261,14
WPE02,1,2023,4B,3,B,CODR,0.305,14
WPE02,1,2023,4B,3,B,CODR,0.409,14
WPE02,1,2023,4B,3,B,CODR,0.497,14
WPE02,1,2023,4B,3,B,CODR,0.393,14
WPE02,1,2023,4B,3,B,CODR,0.647,16
WPE02,1,2023,4B,3,B,CODR,0.658,16
WPE02,1,2023,4B,3,B,CODR,0.606,16
WPE02,1,2023,4B,3,B,CODR,0.558,16
WPE02,1,2023,4B,3,B,CODR,0.469,18
WPE02,1,2023,4B,3,B,CODR,0.475,18
WPE02,1,2023,4B,3,C,PRAM,0.535,2
WPE02,1,2023,4B,3,C,CODR,0.46,2
WPE02,1,2023,4B,3,C,CODR,0.439,2
WPE02,1,2023,4B,3,C,PRAM,0.524,2
WPE02,1,2023,4B,3,C,PRAM,0.232,2
WPE02,1,2023,4B,3,C,CODR,0.887,10
WPE02,1,2023,4B,3,C,CODR,0.372,10
WPE02,1,2023,4B,3,C,CODR,0.366,12
WPE02,1,2023,4B,3,C,CODR,0.467,12
WPE02,1,2023,4B,3,C,CODR,0.671,18
WPE02,1,2023,4B,3,C,CODR,0.508,22
WPE02,1,2023,4B,4,A,CODR,0.499,2
WPE02,1,2023,4B,4,A,CODR,0.54,2
WPE02,1,2023,4B,4,A,CODR,0.477,2
WPE02,1,2023,4B,4,A,CODR,0.813,2
WPE02,1,2023,4B,4,A,RHGL,0.887,2
WPE02,1,2023,4B,4,A,RHGL,1.333,4
WPE02,1,2023,4B,4,A,RHGL,1.173,4
WPE02,1,2023,4B,4,A,CODR,0.683,4
WPE02,1,2023,4B,4,A,CODR,0.249,4
WPE02,1,2023,4B,4,A,CODR,0.677,4
WPE02,1,2023,4B,4,A,CODR,0.347,6
WPE02,1,2023,4B,4,A,CODR,0.496,6
WPE02,1,2023,4B,4,A,CODR,0.506,6
WPE02,1,2023,4B,4,A,CODR,0.454,6
WPE02,1,2023,4B,4,A,CODR,0.483,8
WPE02,1,2023,4B,4,A,CODR,0.243,8
WPE02,1,2023,4B,4,A,CODR,0.342,8
WPE02,1,2023,4B,4,A,CODR,0.347,8
WPE02,1,2023,4B,4,A,CODR,0.313,8
WPE02,1,2023,4B,4,A,CODR,0.302,8
WPE02,1,2023,4B,4,A,CODR,0.438,8
WPE02,1,2023,4B,4,A,CODR,0.275,8
WPE02,1,2023,4B,4,A,CODR,0.056,8
WPE02,1,2023,4B,4,A,CODR,0.26,8
WPE02,1,2023,4B,4,A,CODR,0.491,8
WPE02,1,2023,4B,4,A,CODR,0.351,10
WPE02,1,2023,4B,4,A,CODR,0.897,10
WPE02,1,2023,4B,4,A,CODR,0.255,10
WPE02,1,2023,4B,4,A,CODR,0.505,10
WPE02,1,2023,4B,4,A,CODR,0.763,10
WPE02,1,2023,4B,4,A,CODR,0.549,10
WPE02,1,2023,4B,4,A,CODR,0.768,12
WPE02,1,2023,4B,4,A,CODR,0.464,12
WPE02,1,2023,4B,4,A,CODR,0.7,12
WPE02,1,2023,4B,4,A,CODR,0.628,12
WPE02,1,2023,4B,4,A,CODR,0.58,12
WPE02,1,2023,4B,4,A,CODR,0.743,12
WPE02,1,2023,4B,4,A,CODR,0.567,12
WPE02,1,2023,4B,4,A,CODR,0.395,12
WPE02,1,2023,4B,4,A,CODR,0.304,12
WPE02,1,2023,4B,4,A,CODR,0.38,12
WPE02,1,2023,4B,4,A,CODR,0.735,12
WPE02,1,2023,4B,4,A,CODR,0.255,12
WPE02,1,2023,4B,4,A,CODR,0.318,12
WPE02,1,2023,4B,4,A,CODR,0.5,14
WPE02,1,2023,4B,4,A,CODR,0.563,14
WPE02,1,2023,4B,4,A,CODR,0.395,14
WPE02,1,2023,4B,4,A,CODR,0.691,14
WPE02,1,2023,4B,4,A,CODR,0.295,14
WPE02,1,2023,4B,4,A,CODR,0.43,14
WPE02,1,2023,4B,4,A,CODR,0.837,16
WPE02,1,2023,4B,4,A,CODR,0.304,16
WPE02,1,2023,4B,4,A,CODR,0.313,16
WPE02,1,2023,4B,4,A,CODR,0.822,16
WPE02,1,2023,4B,4,A,CODR,0.781,16
WPE02,1,2023,4B,4,A,CODR,0.66,16
WPE02,1,2023,4B,4,A,CODR,0.958,16
WPE02,1,2023,4B,4,A,CODR,0.58,16
WPE02,1,2023,4B,4,A,CODR,0.653,18
WPE02,1,2023,4B,4,A,CODR,0.634,18
WPE02,1,2023,4B,4,A,CODR,0.751,18
WPE02,1,2023,4B,4,A,CODR,0.653,18
WPE02,1,2023,4B,4,A,CODR,0.653,18
WPE02,1,2023,4B,4,A,CODR,0.644,18
WPE02,1,2023,4B,4,A,CODR,0.629,18
WPE02,1,2023,4B,4,A,CODR,0.672,20
WPE02,1,2023,4B,4,A,CODR,0.926,20
WPE02,1,2023,4B,4,A,CODR,0.748,20
WPE02,1,2023,4B,4,A,CODR,0.846,20
WPE02,1,2023,4B,4,A,CODR,0.613,20
WPE02,1,2023,4B,4,A,CODR,0.798,20
WPE02,1,2023,4B,4,A,CODR,0.589,22
WPE02,1,2023,4B,4,A,CODR,0.99,22
WPE02,1,2023,4B,4,A,CODR,0.531,22
WPE02,1,2023,4B,4,A,CODR,0.941,22
WPE02,1,2023,4B,4,B,RHGL,0.569,6
WPE02,1,2023,4B,4,B,RHGL,0.582,6
WPE02,1,2023,4B,4,B,RHGL,0.427,8
WPE02,1,2023,4B,4,B,PRAM,0.765,14
WPE02,1,2023,4B,4,B,PRAM,0.791,14
WPE02,1,2023,4B,4,B,PRAM,0.342,16
WPE02,1,2023,4B,4,C,RHGL,2.017,2
WPE02,1,2023,4B,4,C,CODR,0.656,6
WPE02,1,2023,4B,4,C,CODR,0.933,6
WPE02,1,2023,4B,4,C,CODR,0.68,6
WPE02,1,2023,4B,4,C,RHGL,0.695,6
WPE02,1,2023,4B,4,C,CODR,0.759,8
WPE02,1,2023,4B,4,C,CODR,0.516,8
WPE02,1,2023,4B,4,C,RHGL,1.242,8
WPE02,1,2023,4B,4,C,RHGL,1.344,8
WPE02,1,2023,4B,4,C,CODR,0.346,10
WPE02,1,2023,4B,4,C,CODR,0.536,10
WPE02,1,2023,4B,4,C,CODR,0.863,10
WPE02,1,2023,4B,4,C,CODR,0.389,10
WPE02,1,2023,4B,4,C,CODR,0.915,10
WPE02,1,2023,4B,4,C,CODR,0.747,10
WPE02,1,2023,4B,4,C,CODR,1.235,10
WPE02,1,2023,4B,4,C,RHGL,0.976,10
WPE02,1,2023,4B,4,C,RHGL,1.076,10
WPE02,1,2023,4B,4,C,CODR,0.966,12
WPE02,1,2023,4B,4,C,CODR,0.83,12
WPE02,1,2023,4B,4,C,CODR,0.864,12
WPE02,1,2023,4B,4,C,CODR,0.53,12
WPE02,1,2023,4B,4,C,CODR,0.677,14
WPE02,1,2023,4B,4,C,CODR,0.276,14
WPE02,1,2023,4B,4,C,CODR,0.876,14
WPE02,1,2023,4B,4,C,CODR,0.658,14
WPE02,1,2023,4B,4,C,RHGL,1.094,14
WPE02,1,2023,4B,4,C,RHGL,1.034,14
WPE02,1,2023,4B,4,C,RHGL,1.183,14
WPE02,1,2023,4B,4,C,RHGL,1.34,16
WPE02,1,2023,4B,4,C,RHGL,1.174,16
WPE02,1,2023,4B,4,C,RHGL,1.043,16
WPE02,1,2023,4B,4,C,RHGL,1.546,16
WPE02,1,2023,4B,4,C,CODR,0.374,18
WPE02,1,2023,4B,4,C,CODR,0.942,18
WPE02,1,2023,4B,4,C,CODR,0.613,18
WPE02,1,2023,4B,4,C,CODR,0.911,18
WPE02,1,2023,4B,4,C,CODR,0.74,18
WPE02,1,2023,4B,4,C,CODR,1.273,20
WPE02,1,2023,4B,4,C,CODR,0.621,20
WPE02,1,2023,4B,4,C,CODR,1,20
WPE02,1,2023,4B,4,C,CODR,0.805,20
WPE02,1,2023,4B,4,C,CODR,0.87,22
WPE02,1,2023,4B,5,A,CODR,0.726,10
WPE02,1,2023,4B,5,A,CODR,0.236,10
WPE02,1,2023,4B,5,A,CODR,0.678,12
WPE02,1,2023,4B,5,A,CODR,0.474,12
WPE02,1,2023,4B,5,A,CODR,0.459,12
WPE02,1,2023,4B,5,A,CODR,0.976,12
WPE02,1,2023,4B,5,A,CODR,0.453,12
WPE02,1,2023,4B,5,A,CODR,0.41,12
WPE02,1,2023,4B,5,A,CODR,0.828,12
WPE02,1,2023,4B,5,A,CODR,0.583,12
WPE02,1,2023,4B,5,A,CODR,0.496,14
WPE02,1,2023,4B,5,A,CODR,0.328,14
WPE02,1,2023,4B,5,A,CODR,0.595,14
WPE02,1,2023,4B,5,A,CODR,0.495,14
WPE02,1,2023,4B,5,A,CODR,0.234,14
WPE02,1,2023,4B,5,A,CODR,0.216,14
WPE02,1,2023,4B,5,A,CODR,0.443,14
WPE02,1,2023,4B,5,A,CODR,0.417,14
WPE02,1,2023,4B,5,A,CODR,0.255,16
WPE02,1,2023,4B,5,A,CODR,0.349,16
WPE02,1,2023,4B,5,A,CODR,0.623,16
WPE02,1,2023,4B,5,A,CODR,0.31,16
WPE02,1,2023,4B,5,A,CODR,0.775,16
WPE02,1,2023,4B,5,A,CODR,0.743,16
WPE02,1,2023,4B,5,A,CODR,0.817,16
WPE02,1,2023,4B,5,A,CODR,0.609,16
WPE02,1,2023,4B,5,A,CODR,0.641,18
WPE02,1,2023,4B,5,A,CODR,0.552,18
WPE02,1,2023,4B,5,A,CODR,0.695,18
WPE02,1,2023,4B,5,A,CODR,0.566,18
WPE02,1,2023,4B,5,A,CODR,0.725,18
WPE02,1,2023,4B,5,A,CODR,0.313,18
WPE02,1,2023,4B,5,A,CODR,0.252,20
WPE02,1,2023,4B,5,A,CODR,0.251,22
WPE02,1,2023,4B,5,B,CODR,0.574,2
WPE02,1,2023,4B,5,B,CODR,0.567,2
WPE02,1,2023,4B,5,B,CODR,0.584,2
WPE02,1,2023,4B,5,B,CODR,0.47,4
WPE02,1,2023,4B,5,B,CODR,0.667,4
WPE02,1,2023,4B,5,B,CODR,0.664,4
WPE02,1,2023,4B,5,B,CODR,0.651,4
WPE02,1,2023,4B,5,B,CODR,0.377,6
WPE02,1,2023,4B,5,B,CODR,0.367,6
WPE02,1,2023,4B,5,B,CODR,0.405,6
WPE02,1,2023,4B,5,B,CODR,0.392,6
WPE02,1,2023,4B,5,B,CODR,0.37,6
WPE02,1,2023,4B,5,B,CODR,0.235,6
WPE02,1,2023,4B,5,B,CODR,0.396,6
WPE02,1,2023,4B,5,B,CODR,0.432,6
WPE02,1,2023,4B,5,B,PRAM,0.562,6
WPE02,1,2023,4B,5,B,CODR,0.544,8
WPE02,1,2023,4B,5,B,CODR,0.944,8
WPE02,1,2023,4B,5,B,CODR,0.452,8
WPE02,1,2023,4B,5,B,CODR,0.832,8
WPE02,1,2023,4B,5,B,CODR,0.38,8
WPE02,1,2023,4B,5,B,CODR,0.274,8
WPE02,1,2023,4B,5,B,CODR,0.604,8
WPE02,1,2023,4B,5,B,CODR,1.116,8
WPE02,1,2023,4B,5,B,CODR,0.497,8
WPE02,1,2023,4B,5,B,CODR,0.817,8
WPE02,1,2023,4B,5,B,CODR,0.824,8
WPE02,1,2023,4B,5,B,PRAM,0.428,8
WPE02,1,2023,4B,5,B,PRAM,1.15,8
WPE02,1,2023,4B,5,B,CODR,0.722,10
WPE02,1,2023,4B,5,B,CODR,0.378,10
WPE02,1,2023,4B,5,B,CODR,0.462,10
WPE02,1,2023,4B,5,B,CODR,0.347,12
WPE02,1,2023,4B,5,B,CODR,0.512,12
WPE02,1,2023,4B,5,B,CODR,0.334,12
WPE02,1,2023,4B,5,B,CODR,0.755,12
WPE02,1,2023,4B,5,B,CODR,0.852,12
WPE02,1,2023,4B,5,B,CODR,0.831,12
WPE02,1,2023,4B,5,B,CODR,0.91,12
WPE02,1,2023,4B,5,B,CODR,0.341,12
WPE02,1,2023,4B,5,B,CODR,0.749,12
WPE02,1,2023,4B,5,B,PRAM,0.483,12
WPE02,1,2023,4B,5,B,CODR,0.466,14
WPE02,1,2023,4B,5,B,CODR,0.947,14
WPE02,1,2023,4B,5,B,CODR,0.288,14
WPE02,1,2023,4B,5,B,CODR,0.599,14
WPE02,1,2023,4B,5,B,CODR,0.589,14
WPE02,1,2023,4B,5,B,CODR,0.458,14
WPE02,1,2023,4B,5,B,CODR,0.692,14
WPE02,1,2023,4B,5,B,CODR,0.659,14
WPE02,1,2023,4B,5,B,PRAM,0.815,14
WPE02,1,2023,4B,5,B,CODR,0.676,16
WPE02,1,2023,4B,5,B,CODR,0.793,16
WPE02,1,2023,4B,5,B,CODR,0.751,16
WPE02,1,2023,4B,5,B,CODR,0.57,16
WPE02,1,2023,4B,5,B,CODR,0.626,16
WPE02,1,2023,4B,5,B,CODR,0.686,16
WPE02,1,2023,4B,5,B,CODR,0.411,16
WPE02,1,2023,4B,5,B,CODR,0.324,16
WPE02,1,2023,4B,5,B,CODR,0.478,16
WPE02,1,2023,4B,5,B,CODR,0.539,18
WPE02,1,2023,4B,5,B,CODR,0.628,18
WPE02,1,2023,4B,5,B,CODR,0.382,18
WPE02,1,2023,4B,5,B,CODR,0.324,18
WPE02,1,2023,4B,5,B,CODR,0.493,22
WPE02,1,2023,4B,5,B,CODR,0.449,22
WPE02,1,2023,4B,5,B,CODR,0.362,22
WPE02,1,2023,4B,5,C,CODR,0.435,6
WPE02,1,2023,4B,5,C,CODR,0.505,6
WPE02,1,2023,4B,5,C,CODR,0.248,6
WPE02,1,2023,4B,5,C,CODR,0.597,6
WPE02,1,2023,4B,5,C,CODR,0.636,8
WPE02,1,2023,4B,5,C,CODR,0.335,8
WPE02,1,2023,4B,5,C,CODR,0.491,8
WPE02,1,2023,4B,5,C,CODR,1.134,8
WPE02,1,2023,4B,5,C,CODR,0.84,8
WPE02,1,2023,4B,5,C,CODR,0.626,8
WPE02,1,2023,4B,5,C,CODR,1.124,10
WPE02,1,2023,4B,5,C,CODR,0.934,10
WPE02,1,2023,4B,5,C,CODR,1.254,10
WPE02,1,2023,4B,5,C,CODR,0.721,10
WPE02,1,2023,4B,5,C,CODR,1.29,10
WPE02,1,2023,4B,5,C,CODR,0.974,10
WPE02,1,2023,4B,5,C,CODR,0.817,10
WPE02,1,2023,4B,5,C,CODR,1.003,12
WPE02,1,2023,4B,5,C,CODR,0.798,12
WPE02,1,2023,4B,5,C,CODR,0.476,12
WPE02,1,2023,4B,5,C,CODR,0.835,12
WPE02,1,2023,4B,5,C,CODR,0.868,12
WPE02,1,2023,4B,5,C,CODR,0.887,12
WPE02,1,2023,4B,5,C,CODR,1.012,12
WPE02,1,2023,4B,5,C,CODR,1.14,14
WPE02,1,2023,4B,5,C,CODR,1.003,14
WPE02,1,2023,4B,5,C,CODR,0.567,14
WPE02,1,2023,4B,5,C,CODR,0.624,14
WPE02,1,2023,4B,5,C,CODR,0.359,14
WPE02,1,2023,4B,5,C,CODR,1.285,16
WPE02,1,2023,4B,5,C,CODR,0.461,16
WPE02,1,2023,4B,5,C,CODR,0.325,16
WPE02,1,2023,4B,5,C,CODR,0.366,16
WPE02,1,2023,4B,5,C,CODR,0.866,16
WPE02,1,2023,4B,5,C,CODR,1.127,16
WPE02,1,2023,4B,5,C,CODR,0.872,16
WPE02,1,2023,4B,5,C,CODR,1.035,16
WPE02,1,2023,4B,5,C,CODR,0.506,16
WPE02,1,2023,4B,5,C,CODR,0.829,16
WPE02,1,2023,4B,5,C,CODR,0.612,18
WPE02,1,2023,4B,5,C,CODR,0.605,18
WPE02,1,2023,4B,5,C,CODR,0.503,18
WPE02,1,2023,4B,5,C,CODR,1.204,18
WPE02,1,2023,4B,5,C,CODR,1.329,18
WPE02,1,2023,4B,5,C,CODR,1.17,18
WPE02,1,2023,4B,5,C,CODR,1.346,20
WPE02,1,2023,4B,5,C,CODR,0.291,20
WPE02,1,2023,4B,5,C,CODR,0.835,20
WPE02,1,2023,4B,5,C,CODR,1.241,20
WPE02,1,2023,4B,5,C,CODR,1.048,20
WPE02,1,2023,4B,5,C,CODR,0.758,20
WPE02,1,2023,4B,5,C,CODR,0.748,20
WPE02,1,2023,4B,5,C,CODR,0.742,22
WPE02,1,2023,4B,5,C,CODR,0.732,22
WPE02,1,2023,4B,5,C,CODR,1.046,22
WPE02,1,2023,4B,6,A,CODR,0.796,2
WPE02,1,2023,4B,6,A,CODR,0.603,2
WPE02,1,2023,4B,6,A,CODR,0.57,2
WPE02,1,2023,4B,6,A,CODR,0.447,2
WPE02,1,2023,4B,6,A,CODR,0.577,2
WPE02,1,2023,4B,6,A,CODR,0.553,2
WPE02,1,2023,4B,6,A,CODR,0.469,2
WPE02,1,2023,4B,6,A,CODR,0.887,4
WPE02,1,2023,4B,6,A,CODR,0.599,4
WPE02,1,2023,4B,6,A,CODR,0.629,4
WPE02,1,2023,4B,6,A,CODR,0.619,4
WPE02,1,2023,4B,6,A,CODR,0.655,6
WPE02,1,2023,4B,6,A,CODR,0.569,6
WPE02,1,2023,4B,6,A,CODR,0.743,6
WPE02,1,2023,4B,6,A,CODR,0.499,6
WPE02,1,2023,4B,6,A,CODR,0.92,6
WPE02,1,2023,4B,6,A,CODR,0.564,6
WPE02,1,2023,4B,6,A,CODR,0.967,8
WPE02,1,2023,4B,6,A,CODR,0.639,8
WPE02,1,2023,4B,6,A,CODR,0.655,8
WPE02,1,2023,4B,6,A,CODR,0.878,8
WPE02,1,2023,4B,6,A,CODR,0.962,8
WPE02,1,2023,4B,6,A,CODR,0.643,8
WPE02,1,2023,4B,6,A,CODR,1.093,8
WPE02,1,2023,4B,6,A,CODR,0.59,10
WPE02,1,2023,4B,6,A,CODR,0.526,10
WPE02,1,2023,4B,6,A,CODR,0.793,10
WPE02,1,2023,4B,6,A,CODR,0.865,10
WPE02,1,2023,4B,6,A,CODR,0.736,10
WPE02,1,2023,4B,6,A,CODR,0.567,10
WPE02,1,2023,4B,6,A,CODR,0.341,12
WPE02,1,2023,4B,6,A,CODR,0.349,12
WPE02,1,2023,4B,6,A,CODR,0.673,12
WPE02,1,2023,4B,6,A,CODR,0.802,12
WPE02,1,2023,4B,6,A,CODR,0.559,12
WPE02,1,2023,4B,6,A,CODR,0.221,12
WPE02,1,2023,4B,6,A,CODR,0.409,12
WPE02,1,2023,4B,6,A,CODR,0.66,14
WPE02,1,2023,4B,6,A,CODR,0.439,14
WPE02,1,2023,4B,6,A,CODR,0.428,14
WPE02,1,2023,4B,6,A,CODR,0.832,16
WPE02,1,2023,4B,6,A,CODR,0.314,16
WPE02,1,2023,4B,6,A,CODR,0.621,16
WPE02,1,2023,4B,6,A,CODR,0.819,16
WPE02,1,2023,4B,6,A,CODR,0.741,16
WPE02,1,2023,4B,6,A,CODR,0.42,16
WPE02,1,2023,4B,6,A,CODR,0.538,16
WPE02,1,2023,4B,6,A,CODR,0.433,18
WPE02,1,2023,4B,6,A,CODR,0.57,18
WPE02,1,2023,4B,6,A,CODR,0.699,18
WPE02,1,2023,4B,6,A,CODR,0.735,18
WPE02,1,2023,4B,6,A,CODR,0.345,18
WPE02,1,2023,4B,6,A,CODR,0.67,18
WPE02,1,2023,4B,6,A,CODR,0.807,18
WPE02,1,2023,4B,6,A,CODR,0.901,20
WPE02,1,2023,4B,6,A,CODR,0.373,20
WPE02,1,2023,4B,6,A,CODR,0.897,20
WPE02,1,2023,4B,6,A,CODR,0.776,20
WPE02,1,2023,4B,6,A,CODR,1.23,20
WPE02,1,2023,4B,6,A,CODR,0.325,22
WPE02,1,2023,4B,6,A,CODR,0.476,22
WPE02,1,2023,4B,6,A,CODR,0.469,22
WPE02,1,2023,4B,6,A,CODR,0.701,22
WPE02,1,2023,4B,6,A,CODR,0.499,22
WPE02,1,2023,4B,6,A,CODR,0.6,22
WPE02,1,2023,4B,6,A,CODR,0.46,22
WPE02,1,2023,4B,6,A,CODR,0.631,22
WPE02,1,2023,4B,6,B,CODR,0.794,2
WPE02,1,2023,4B,6,B,CODR,0.645,2
WPE02,1,2023,4B,6,B,CODR,0.697,2
WPE02,1,2023,4B,6,B,CODR,0.662,2
WPE02,1,2023,4B,6,B,CODR,0.863,4
WPE02,1,2023,4B,6,B,CODR,0.429,4
WPE02,1,2023,4B,6,B,CODR,0.888,6
WPE02,1,2023,4B,6,B,CODR,0.627,6
WPE02,1,2023,4B,6,B,CODR,0.784,6
WPE02,1,2023,4B,6,B,CODR,0.623,6
WPE02,1,2023,4B,6,B,CODR,0.835,8
WPE02,1,2023,4B,6,B,CODR,0.901,10
WPE02,1,2023,4B,6,B,CODR,0.954,10
WPE02,1,2023,4B,6,B,CODR,0.747,10
WPE02,1,2023,4B,6,B,CODR,0.763,10
WPE02,1,2023,4B,6,B,CODR,0.891,10
WPE02,1,2023,4B,6,B,CODR,0.448,10
WPE02,1,2023,4B,6,B,CODR,0.721,10
WPE02,1,2023,4B,6,B,CODR,0.861,12
WPE02,1,2023,4B,6,B,CODR,0.871,12
WPE02,1,2023,4B,6,B,CODR,0.682,12
WPE02,1,2023,4B,6,B,CODR,0.905,12
WPE02,1,2023,4B,6,B,CODR,0.858,14
WPE02,1,2023,4B,6,B,CODR,1.045,14
WPE02,1,2023,4B,6,B,CODR,0.691,14
WPE02,1,2023,4B,6,B,RHGL,0.481,14
WPE02,1,2023,4B,6,B,RHGL,0.806,14
WPE02,1,2023,4B,6,B,CODR,0.58,16
WPE02,1,2023,4B,6,B,CODR,0.265,16
WPE02,1,2023,4B,6,B,CODR,0.355,16
WPE02,1,2023,4B,6,B,CODR,0.631,16
WPE02,1,2023,4B,6,B,CODR,0.466,16
WPE02,1,2023,4B,6,B,CODR,0.434,16
WPE02,1,2023,4B,6,B,CODR,0.552,16
WPE02,1,2023,4B,6,B,CODR,0.552,18
WPE02,1,2023,4B,6,B,CODR,0.604,18
WPE02,1,2023,4B,6,B,CODR,0.557,18
WPE02,1,2023,4B,6,B,CODR,0.498,18
WPE02,1,2023,4B,6,B,CODR,0.535,18
WPE02,1,2023,4B,6,B,CODR,0.344,18
WPE02,1,2023,4B,6,B,CODR,0.508,18
WPE02,1,2023,4B,6,B,CODR,0.688,18
WPE02,1,2023,4B,6,B,CODR,0.287,20
WPE02,1,2023,4B,6,C,CODR,0.368,2
WPE02,1,2023,4B,6,C,CODR,0.568,2
WPE02,1,2023,4B,6,C,CODR,0.407,2
WPE02,1,2023,4B,6,C,CODR,0.255,2
WPE02,1,2023,4B,6,C,CODR,0.225,2
WPE02,1,2023,4B,6,C,CODR,0.405,2
WPE02,1,2023,4B,6,C,CODR,0.309,2
WPE02,1,2023,4B,6,C,CODR,0.275,4
WPE02,1,2023,4B,6,C,CODR,0.658,4
WPE02,1,2023,4B,6,C,CODR,0.542,4
WPE02,1,2023,4B,6,C,CODR,0.539,4
WPE02,1,2023,4B,6,C,CODR,0.62,4
WPE02,1,2023,4B,6,C,CODR,0.441,4
WPE02,1,2023,4B,6,C,CODR,0.484,4
WPE02,1,2023,4B,6,C,CODR,0.76,6
WPE02,1,2023,4B,6,C,CODR,0.721,6
WPE02,1,2023,4B,6,C,CODR,0.981,6
WPE02,1,2023,4B,6,C,CODR,0.478,6
WPE02,1,2023,4B,6,C,CODR,0.699,8
WPE02,1,2023,4B,6,C,CODR,0.622,8
WPE02,1,2023,4B,6,C,CODR,0.691,8
WPE02,1,2023,4B,6,C,CODR,0.749,8
WPE02,1,2023,4B,6,C,CODR,0.386,8
WPE02,1,2023,4B,6,C,CODR,0.644,8
WPE02,1,2023,4B,6,C,PRAM,0.757,8
WPE02,1,2023,4B,6,C,CODR,0.647,10
WPE02,1,2023,4B,6,C,CODR,0.374,10
WPE02,1,2023,4B,6,C,CODR,0.781,10
WPE02,1,2023,4B,6,C,CODR,0.635,10
WPE02,1,2023,4B,6,C,CODR,0.404,10
WPE02,1,2023,4B,6,C,CODR,0.968,10
WPE02,1,2023,4B,6,C,CODR,0.884,10
WPE02,1,2023,4B,6,C,CODR,0.803,12
WPE02,1,2023,4B,6,C,CODR,0.483,12
WPE02,1,2023,4B,6,C,CODR,0.751,12
WPE02,1,2023,4B,6,C,CODR,0.941,12
WPE02,1,2023,4B,6,C,CODR,1.21,12
WPE02,1,2023,4B,6,C,PRAM,0.834,14
WPE02,1,2023,4B,6,C,PRAM,0.696,14
WPE02,1,2023,4B,6,C,PRAM,0.875,14
WPE02,1,2023,4B,6,C,CODR,0.704,14
WPE02,1,2023,4B,6,C,CODR,0.649,14
WPE02,1,2023,4B,6,C,CODR,0.597,14
WPE02,1,2023,4B,6,C,CODR,1.031,14
WPE02,1,2023,4B,6,C,CODR,0.785,14
WPE02,1,2023,4B,6,C,CODR,0.567,16
WPE02,1,2023,4B,6,C,CODR,0.412,16
WPE02,1,2023,4B,6,C,CODR,0.62,16
WPE02,1,2023,4B,6,C,CODR,0.429,16
WPE02,1,2023,4B,6,C,CODR,0.284,16
WPE02,1,2023,4B,6,C,CODR,0.563,16
WPE02,1,2023,4B,6,C,CODR,0.738,18
WPE02,1,2023,4B,6,C,CODR,0.326,18
WPE02,1,2023,4B,6,C,CODR,0.707,18
WPE02,1,2023,4B,6,C,CODR,0.873,20
WPE02,1,2023,4B,6,C,CODR,0.603,20
WPE02,1,2023,4B,7,B,CODR,0.454,18
WPE02,1,2023,4B,7,B,CODR,0.411,18
WPE02,1,2023,4B,7,B,CODR,0.892,18
WPE02,1,2023,4B,7,B,CODR,0.247,18
WPE02,1,2023,4B,7,B,CODR,0.264,18
WPE02,1,2023,4B,7,B,CODR,0.987,18
WPE02,1,2023,4B,7,B,CODR,0.852,18
WPE02,1,2023,4B,7,B,CODR,0.807,18
WPE02,1,2023,4B,7,B,CODR,0.908,20
WPE02,1,2023,4B,7,B,CODR,0.82,20
WPE02,1,2023,4B,7,B,CODR,0.948,20
WPE02,1,2023,4B,7,B,CODR,0.858,20
WPE02,1,2023,4B,7,B,CODR,0.882,20
WPE02,1,2023,4B,7,B,CODR,0.554,20
WPE02,1,2023,4B,7,B,CODR,0.458,22
WPE02,1,2023,4B,7,C,CODR,0.734,4
WPE02,1,2023,4B,7,C,CODR,0.921,4
WPE02,1,2023,4B,7,C,CODR,0.787,4
WPE02,1,2023,4B,7,C,CODR,0.672,4
WPE02,1,2023,4B,7,C,CODR,1.03,4
WPE02,1,2023,4B,7,C,RHGL,0.925,6
WPE02,1,2023,4B,7,C,CODR,0.429,6
WPE02,1,2023,4B,7,C,CODR,0.691,6
WPE02,1,2023,4B,7,C,CODR,0.916,6
WPE02,1,2023,4B,7,C,CODR,0.62,6
WPE02,1,2023,4B,7,C,CODR,1.039,8
WPE02,1,2023,4B,7,C,RHGL,1.105,8
WPE02,1,2023,4B,7,C,RHGL,1.255,10
WPE02,1,2023,4B,7,C,CODR,0.408,10
WPE02,1,2023,4B,7,C,CODR,0.59,10
WPE02,1,2023,4B,7,C,CODR,1.003,10
WPE02,1,2023,4B,7,C,CODR,0.741,10
WPE02,1,2023,4B,7,C,CODR,0.611,12
WPE02,1,2023,4B,7,C,CODR,0.716,12
WPE02,1,2023,4B,7,C,CODR,0.75,12
WPE02,1,2023,4B,7,C,RHGL,1.237,12
WPE02,1,2023,4B,7,C,CODR,0.878,14
WPE02,1,2023,4B,7,C,CODR,0.761,14
WPE02,1,2023,4B,7,C,CODR,0.428,14
WPE02,1,2023,4B,7,C,CODR,0.388,14
WPE02,1,2023,4B,7,C,CODR,0.817,14
WPE02,1,2023,4B,7,C,CODR,0.68,16
WPE02,1,2023,4B,7,C,CODR,0.403,16
WPE02,1,2023,4B,7,C,CODR,0.373,16
WPE02,1,2023,4B,7,C,CODR,0.338,16
WPE02,1,2023,4B,7,C,CODR,0.461,16
WPE02,1,2023,4B,7,C,CODR,0.237,16
WPE02,1,2023,4B,7,C,CODR,0.459,16
WPE02,1,2023,4B,7,C,CODR,1.417,16
WPE02,1,2023,4B,7,C,CODR,0.632,18
WPE02,1,2023,4B,7,C,CODR,0.481,18
WPE02,1,2023,4B,7,C,RHGL,1.204,18
WPE02,1,2023,4B,7,C,RHGL,1.052,18
WPE02,1,2023,4B,7,C,CODR,0.853,20
WPE02,1,2023,4B,7,C,CODR,0.692,20
WPE02,1,2023,4B,7,C,RHGL,0.794,20
WPE02,1,2023,4B,7,C,RHGL,1.065,22
WPE02,1,2023,4B,7,C,RHGL,1.352,22
WPE02,1,2023,4B,8,A,ZAAM,0.448,8
WPE02,1,2023,4B,8,A,CODR,0.292,10
WPE02,1,2023,4B,8,B,CODR,0.618,8
WPE02,1,2023,4B,8,B,CODR,0.27,8
WPE02,1,2023,4B,8,B,CODR,0.227,8
WPE02,1,2023,4B,8,C,CODR,0.737,6
WPE02,1,2023,4B,8,C,CODR,0.623,18
WPE02,1,2023,4B,8,C,CODR,0.521,18
WPE02,1,2023,4B,8,C,CODR,0.4,18
WPE02,1,2023,4B,8,C,CODR,0.434,18
WPE02,1,2023,4B,8,C,CODR,0.827,20
WPE02,1,2023,4B,8,C,CODR,0.758,20
WPE02,1,2023,4B,8,C,CODR,0.201,20
WPE02,1,2023,4B,8,C,CODR,0.43,20
WPE02,1,2023,4B,8,C,CODR,0.567,20
WPE02,1,2023,4B,8,C,CODR,0.444,22
WPE02,1,2023,4B,8,C,CODR,0.453,22
WPE02,1,2023,4B,8,C,CODR,0.448,22
WPE02,1,2023,4B,8,C,CODR,0.475,22
WPE02,1,2023,4B,9,A,RHGL,1.069,4
WPE02,1,2023,4B,9,A,RHGL,0.935,6
WPE02,1,2023,4B,9,A,CODR,0.477,8
WPE02,1,2023,4B,9,A,CODR,0.638,8
WPE02,1,2023,4B,9,A,RHGL,0.702,10
WPE02,1,2023,4B,9,A,RHGL,0.978,10
WPE02,1,2023,4B,9,A,RHGL,0.551,12
WPE02,1,2023,4B,9,A,RHGL,0.569,14
WPE02,1,2023,4B,9,A,CODR,0.672,16
WPE02,1,2023,4B,9,A,CODR,0.391,16
WPE02,1,2023,4B,9,A,RHGL,0.788,16
WPE02,1,2023,4B,9,A,CODR,0.507,18
WPE02,1,2023,4B,9,A,CODR,0.552,18
WPE02,1,2023,4B,9,A,CODR,0.524,22
WPE02,1,2023,4B,9,A,CODR,0.314,22
WPE02,1,2023,4B,9,B,RHGL,1.075,6
WPE02,1,2023,4B,9,B,RHGL,0.789,18
WPE02,1,2023,4B,9,B,RHGL,0.873,20
WPE02,1,2023,4B,9,C,RHGL,1.283,4
WPE02,1,2023,4B,9,C,RHGL,1.357,4
WPE02,1,2023,4B,9,C,RHGL,0.855,6
WPE02,1,2023,4B,9,C,RHGL,1.075,8
WPE02,1,2023,4B,9,C,RHGL,1.273,10
WPE02,1,2023,4B,9,C,RHGL,1.027,12
WPE02,1,2023,4B,9,C,RHGL,1.208,12
WPE02,1,2023,4B,9,C,RHGL,1.214,12
WPE02,1,2023,4B,9,C,RHGL,1.283,14
WPE02,1,2023,4B,9,C,RHGL,0.908,14
WPE02,1,2023,4B,9,C,RHGL,1.146,14
WPE02,1,2023,4B,9,C,RHGL,1.162,14
WPE02,1,2023,4B,9,C,RHGL,1.177,14
WPE02,1,2023,4B,9,C,RHGL,1.33,14
WPE02,1,2023,4B,9,C,RHGL,1.228,14
WPE02,1,2023,4B,9,C,RHGL,0.913,18
WPE02,1,2023,4B,9,C,RHGL,0.988,22
WPE02,1,2023,4B,9,C,RHGL,1.011,22
WPE02,1,2023,4B,10,A,CODR,0.351,2
WPE02,1,2023,4B,10,A,CODR,1.003,2
WPE02,1,2023,4B,10,A,CODR,0.908,2
WPE02,1,2023,4B,10,A,RHGL,0.951,2
WPE02,1,2023,4B,10,A,CODR,0.502,4
WPE02,1,2023,4B,10,A,CODR,0.407,4
WPE02,1,2023,4B,10,A,CODR,0.289,4
WPE02,1,2023,4B,10,A,CODR,0.526,4
WPE02,1,2023,4B,10,A,CODR,0.596,4
WPE02,1,2023,4B,10,A,CODR,0.669,6
WPE02,1,2023,4B,10,A,CODR,0.649,6
WPE02,1,2023,4B,10,A,CODR,0.627,8
WPE02,1,2023,4B,10,A,CODR,0.346,8
WPE02,1,2023,4B,10,A,CODR,0.349,8
WPE02,1,2023,4B,10,A,CODR,0.306,8
WPE02,1,2023,4B,10,A,CODR,0.402,8
WPE02,1,2023,4B,10,A,RHGL,0.774,8
WPE02,1,2023,4B,10,A,RHGL,1.107,8
WPE02,1,2023,4B,10,A,RHGL,0.889,8
WPE02,1,2023,4B,10,A,CODR,0.556,10
WPE02,1,2023,4B,10,A,CODR,0.854,10
WPE02,1,2023,4B,10,A,CODR,0.449,10
WPE02,1,2023,4B,10,A,CODR,0.749,10
WPE02,1,2023,4B,10,A,CODR,0.613,10
WPE02,1,2023,4B,10,A,CODR,0.52,10
WPE02,1,2023,4B,10,A,RHGL,0.926,10
WPE02,1,2023,4B,10,A,RHGL,1.121,10
WPE02,1,2023,4B,10,A,RHGL,0.936,10
WPE02,1,2023,4B,10,A,RHGL,0.57,10
WPE02,1,2023,4B,10,A,RHGL,1.154,10
WPE02,1,2023,4B,10,A,CODR,0.51,12
WPE02,1,2023,4B,10,A,CODR,0.502,12
WPE02,1,2023,4B,10,A,CODR,0.974,12
WPE02,1,2023,4B,10,A,CODR,0.727,12
WPE02,1,2023,4B,10,A,CODR,0.752,12
WPE02,1,2023,4B,10,A,CODR,1.051,12
WPE02,1,2023,4B,10,A,CODR,0.59,14
WPE02,1,2023,4B,10,A,CODR,0.299,14
WPE02,1,2023,4B,10,A,CODR,0.516,14
WPE02,1,2023,4B,10,A,CODR,0.99,14
WPE02,1,2023,4B,10,A,CODR,0.488,14
WPE02,1,2023,4B,10,A,CODR,0.725,16
WPE02,1,2023,4B,10,A,CODR,0.359,16
WPE02,1,2023,4B,10,A,CODR,0.411,16
WPE02,1,2023,4B,10,A,CODR,0.283,16
WPE02,1,2023,4B,10,A,RHGL,0.919,16
WPE02,1,2023,4B,10,A,RHGL,1.154,16
WPE02,1,2023,4B,10,A,CODR,0.612,18
WPE02,1,2023,4B,10,A,CODR,0.691,18
WPE02,1,2023,4B,10,A,CODR,0.629,18
WPE02,1,2023,4B,10,A,CODR,0.936,18
WPE02,1,2023,4B,10,A,RHGL,0.655,20
WPE02,1,2023,4B,10,A,CODR,0.448,22
WPE02,1,2023,4B,10,A,CODR,0.622,22
WPE02,1,2023,4B,10,B,CODR,0.344,2
WPE02,1,2023,4B,10,B,CODR,0.826,2
WPE02,1,2023,4B,10,B,CODR,0.755,2
WPE02,1,2023,4B,10,B,CODR,0.741,2
WPE02,1,2023,4B,10,B,CODR,0.476,4
WPE02,1,2023,4B,10,B,CODR,0.636,4
WPE02,1,2023,4B,10,B,CODR,0.388,6
WPE02,1,2023,4B,10,B,CODR,0.283,8
WPE02,1,2023,4B,10,B,CODR,0.242,8
WPE02,1,2023,4B,10,B,CODR,0.751,10
WPE02,1,2023,4B,10,B,CODR,0.384,10
WPE02,1,2023,4B,10,B,CODR,0.488,10
WPE02,1,2023,4B,10,B,CODR,0.319,10
WPE02,1,2023,4B,10,B,CODR,0.224,12
WPE02,1,2023,4B,10,B,CODR,0.581,14
WPE02,1,2023,4B,10,B,CODR,0.243,14
WPE02,1,2023,4B,10,B,RHGL,0.543,18
WPE02,1,2023,4B,10,B,RHGL,1.021,20
WPE02,1,2023,4B,10,C,CODR,0.608,2
WPE02,1,2023,4B,10,C,CODR,0.47,2
WPE02,1,2023,4B,10,C,CODR,0.31,2
WPE02,1,2023,4B,10,C,CODR,0.76,2
WPE02,1,2023,4B,10,C,CODR,1.077,4
WPE02,1,2023,4B,10,C,CODR,0.824,4
WPE02,1,2023,4B,10,C,CODR,0.745,6
WPE02,1,2023,4B,10,C,CODR,0.87,6
WPE02,1,2023,4B,10,C,CODR,1.217,6
WPE02,1,2023,4B,10,C,CODR,0.372,6
WPE02,1,2023,4B,10,C,CODR,0.857,8
WPE02,1,2023,4B,10,C,CODR,0.395,8
WPE02,1,2023,4B,10,C,CODR,0.379,8
WPE02,1,2023,4B,10,C,CODR,0.699,8
WPE02,1,2023,4B,10,C,CODR,0.56,8
WPE02,1,2023,4B,11,A,CODR,0.458,2
WPE02,1,2023,4B,11,A,CODR,0.853,2
WPE02,1,2023,4B,11,A,CODR,0.955,2
WPE02,1,2023,4B,11,A,CODR,0.489,2
WPE02,1,2023,4B,11,A,RHGL,0.87,4
WPE02,1,2023,4B,11,A,RHGL,0.904,10
WPE02,1,2023,4B,11,A,RHGL,1.06,10
WPE02,1,2023,4B,11,A,RHGL,1.121,10
WPE02,1,2023,4B,11,A,RHGL,0.578,14
WPE02,1,2023,4B,11,A,CODR,0.362,14
WPE02,1,2023,4B,11,A,CODR,0.273,14
WPE02,1,2023,4B,11,A,CODR,0.588,16
WPE02,1,2023,4B,11,A,CODR,0.555,16
WPE02,1,2023,4B,11,A,CODR,0.482,16
WPE02,1,2023,4B,11,A,CODR,0.439,16
WPE02,1,2023,4B,11,A,CODR,0.785,16
WPE02,1,2023,4B,11,A,CODR,0.408,16
WPE02,1,2023,4B,11,A,CODR,0.833,16
WPE02,1,2023,4B,11,A,CODR,0.384,16
WPE02,1,2023,4B,11,A,CODR,0.488,16
WPE02,1,2023,4B,11,A,CODR,0.514,18
WPE02,1,2023,4B,11,A,CODR,0.575,18
WPE02,1,2023,4B,11,A,CODR,0.733,18
WPE02,1,2023,4B,11,A,CODR,0.762,18
WPE02,1,2023,4B,11,A,CODR,0.513,18
WPE02,1,2023,4B,11,A,CODR,0.324,18
WPE02,1,2023,4B,11,A,CODR,0.545,20
WPE02,1,2023,4B,11,A,CODR,0.423,20
WPE02,1,2023,4B,11,A,CODR,0.236,20
WPE02,1,2023,4B,11,A,CODR,0.624,20
WPE02,1,2023,4B,11,A,CODR,0.36,20
WPE02,1,2023,4B,11,A,CODR,0.393,20
WPE02,1,2023,4B,11,A,CODR,0.665,20
WPE02,1,2023,4B,11,A,CODR,0.32,20
WPE02,1,2023,4B,11,A,CODR,0.565,22
WPE02,1,2023,4B,11,A,CODR,0.475,22
WPE02,1,2023,4B,11,A,CODR,0.64,22
WPE02,1,2023,4B,11,B,CODR,0.646,2
WPE02,1,2023,4B,11,B,CODR,0.418,2
WPE02,1,2023,4B,11,B,CODR,0.747,2
WPE02,1,2023,4B,11,B,RHGL,0.596,2
WPE02,1,2023,4B,11,B,CODR,0.516,4
WPE02,1,2023,4B,11,B,CODR,0.677,4
WPE02,1,2023,4B,11,B,CODR,0.584,4
WPE02,1,2023,4B,11,B,PRAM,0.594,4
WPE02,1,2023,4B,11,B,PRAM,0.347,6
WPE02,1,2023,4B,11,B,PRAM,0.298,6
WPE02,1,2023,4B,11,B,CODR,0.69,8
WPE02,1,2023,4B,11,B,CODR,0.39,8
WPE02,1,2023,4B,11,B,CODR,0.738,8
WPE02,1,2023,4B,11,B,PRAM,0.576,10
WPE02,1,2023,4B,11,B,CODR,0.274,10
WPE02,1,2023,4B,11,B,CODR,0.288,10
WPE02,1,2023,4B,11,B,CODR,0.783,10
WPE02,1,2023,4B,11,B,CODR,0.853,10
WPE02,1,2023,4B,11,B,PRAM,0.559,12
WPE02,1,2023,4B,11,B,PRAM,0.407,12
WPE02,1,2023,4B,11,B,PRAM,0.431,12
WPE02,1,2023,4B,11,B,PRAM,0.742,12
WPE02,1,2023,4B,11,B,CODR,0.445,12
WPE02,1,2023,4B,11,B,RHGL,1.017,12
WPE02,1,2023,4B,11,B,PRAM,0.584,14
WPE02,1,2023,4B,11,B,PRAM,0.428,14
WPE02,1,2023,4B,11,B,PRAM,0.45,14
WPE02,1,2023,4B,11,B,PRAM,0.491,14
WPE02,1,2023,4B,11,B,PRAM,0.54,14
WPE02,1,2023,4B,11,B,PRAM,0.579,14
WPE02,1,2023,4B,11,B,PRAM,0.632,14
WPE02,1,2023,4B,11,B,PRAM,0.607,16
WPE02,1,2023,4B,11,B,PRAM,0.655,16
WPE02,1,2023,4B,11,B,PRAM,0.413,16
WPE02,1,2023,4B,11,B,PRAM,0.817,16
WPE02,1,2023,4B,11,B,RHGL,1.156,16
WPE02,1,2023,4B,11,B,CODR,0.458,18
WPE02,1,2023,4B,11,B,CODR,0.548,18
WPE02,1,2023,4B,11,B,CODR,0.511,18
WPE02,1,2023,4B,11,B,PRAM,0.628,18
WPE02,1,2023,4B,11,B,PRAM,0.362,18
WPE02,1,2023,4B,11,B,PRAM,0.59,18
WPE02,1,2023,4B,11,B,PRAM,0.513,18
WPE02,1,2023,4B,11,B,PRAM,0.431,18
WPE02,1,2023,4B,11,B,PRAM,0.643,18
WPE02,1,2023,4B,11,B,PRAM,0.832,18
WPE02,1,2023,4B,11,B,CODR,0.766,18
WPE02,1,2023,4B,11,B,CODR,0.83,20
WPE02,1,2023,4B,11,B,CODR,0.696,20
WPE02,1,2023,4B,11,B,CODR,0.515,20
WPE02,1,2023,4B,11,B,RHGL,0.686,20
WPE02,1,2023,4B,11,B,CODR,0.819,22
WPE02,1,2023,4B,11,B,PRAM,0.477,22
WPE02,1,2023,4B,11,C,PRAM,0.318,16
WPE02,1,2023,4B,11,C,CODR,0.437,18
WPE02,1,2023,4B,11,C,CODR,0.285,18
WPE02,1,2023,4B,11,C,CODR,0.544,18
WPE02,1,2023,4B,11,C,CODR,0.88,20
WPE02,1,2023,4B,11,C,CODR,0.396,20
WPE02,1,2023,4B,11,C,CODR,0.246,20
WPE02,1,2023,4B,11,C,CODR,1.023,20
WPE02,1,2023,4B,11,C,CODR,0.318,20
WPE02,1,2023,4B,11,C,CODR,0.756,20
WPE02,1,2023,4B,11,C,CODR,0.653,20
WPE02,1,2023,4B,11,C,CODR,0.519,20
WPE02,1,2023,4B,11,C,CODR,0.516,20
WPE02,1,2023,4B,11,C,CODR,0.64,20
WPE02,1,2023,4B,11,C,CODR,0.724,20
WPE02,1,2023,4B,11,C,CODR,0.561,22
WPE02,1,2023,4B,11,C,CODR,0.64,22
WPE02,1,2023,4B,11,C,CODR,0.698,22
WPE02,1,2023,4B,11,C,CODR,1.21,22
WPE02,1,2023,4B,12,A,CODR,0.502,4
WPE02,1,2023,4B,12,A,CODR,0.245,4
WPE02,1,2023,4B,12,A,CODR,0.426,4
WPE02,1,2023,4B,12,B,CODR,0.319,2
WPE02,1,2023,4B,12,B,CODR,0.524,2
WPE02,1,2023,4B,12,B,CODR,0.384,2
WPE02,1,2023,4B,12,B,CODR,0.235,2
WPE02,1,2023,4B,12,B,CODR,0.455,2
WPE02,1,2023,4B,12,B,CODR,0.46,2
WPE02,1,2023,4B,12,B,CODR,0.231,2
WPE02,1,2023,4B,12,B,CODR,0.302,2
WPE02,1,2023,4B,12,B,CODR,0.45,4
WPE02,1,2023,4B,12,B,CODR,0.216,4
WPE02,1,2023,4B,12,B,CODR,0.208,4
WPE02,1,2023,4B,12,B,CODR,0.253,4
WPE02,1,2023,4B,12,B,CODR,0.556,4
WPE02,1,2023,4B,12,B,CODR,0.396,4
WPE02,1,2023,4B,12,B,CODR,0.608,4
WPE02,1,2023,4B,12,B,CODR,0.706,4
WPE02,1,2023,4B,12,B,CODR,0.395,4
WPE02,1,2023,4B,12,B,CODR,0.428,6
WPE02,1,2023,4B,12,B,CODR,0.499,6
WPE02,1,2023,4B,12,B,CODR,0.403,6
WPE02,1,2023,4B,12,B,CODR,0.438,8
WPE02,1,2023,4B,12,B,CODR,0.838,8
WPE02,1,2023,4B,12,B,CODR,1.038,8
WPE02,1,2023,4B,12,B,CODR,0.353,8
WPE02,1,2023,4B,12,B,CODR,0.332,8
WPE02,1,2023,4B,12,B,CODR,0.197,8
WPE02,1,2023,4B,12,B,CODR,0.451,10
WPE02,1,2023,4B,12,B,CODR,0.727,10
WPE02,1,2023,4B,12,B,CODR,0.678,10
WPE02,1,2023,4B,12,B,CODR,0.333,10
WPE02,1,2023,4B,12,B,CODR,0.55,10
WPE02,1,2023,4B,12,B,CODR,0.654,10
WPE02,1,2023,4B,12,B,CODR,0.583,10
WPE02,1,2023,4B,12,B,CODR,0.616,10
WPE02,1,2023,4B,12,B,CODR,0.557,10
WPE02,1,2023,4B,12,B,CODR,0.465,12
WPE02,1,2023,4B,12,B,CODR,0.366,12
WPE02,1,2023,4B,12,B,CODR,0.78,12
WPE02,1,2023,4B,12,B,CODR,0.862,12
WPE02,1,2023,4B,12,B,CODR,0.854,12
WPE02,1,2023,4B,12,B,CODR,0.366,12
WPE02,1,2023,4B,12,B,CODR,0.8,14
WPE02,1,2023,4B,12,B,CODR,0.374,14
WPE02,1,2023,4B,12,B,CODR,0.687,14
WPE02,1,2023,4B,12,B,CODR,0.967,14
WPE02,1,2023,4B,12,B,CODR,0.345,14
WPE02,1,2023,4B,12,B,CODR,0.849,16
WPE02,1,2023,4B,12,B,CODR,0.437,18
WPE02,1,2023,4B,12,B,CODR,0.741,18
WPE02,1,2023,4B,12,B,CODR,0.409,18
WPE02,1,2023,4B,12,B,CODR,0.212,18
WPE02,1,2023,4B,12,B,CODR,0.162,18
WPE02,1,2023,4B,12,B,CODR,0.534,18
WPE02,1,2023,4B,12,B,CODR,0.501,20
WPE02,1,2023,4B,12,B,CODR,0.564,22
WPE02,1,2023,4B,12,B,CODR,0.675,22
WPE02,1,2023,4B,12,B,CODR,0.98,22
WPE02,1,2023,4B,12,B,CODR,0.357,22
WPE02,1,2023,4B,12,B,CODR,0.31,22
WPE02,1,2023,4B,12,B,CODR,0.855,22
WPE02,1,2023,4B,12,B,CODR,0.91,22
WPE02,1,2023,4B,12,B,CODR,0.588,22
WPE02,1,2023,4B,12,B,CODR,0.712,22
WPE02,1,2023,4B,12,C,CODR,0.762,6
WPE02,1,2023,4B,12,C,CODR,0.741,8
WPE02,1,2023,4B,12,C,CODR,0.394,10
WPE02,1,2023,4B,12,C,CODR,0.311,12
WPE02,1,2023,4B,12,C,CODR,0.572,14
WPE02,1,2023,4B,12,C,CODR,0.564,14
WPE02,1,2023,4B,12,C,CODR,0.8,14
WPE02,1,2023,4B,12,C,CODR,0.401,14
WPE02,1,2023,4B,12,C,PRAM,0.44,14
WPE02,1,2023,4B,12,C,CODR,0.511,16
WPE02,1,2023,4B,12,C,CODR,0.255,16
WPE02,1,2023,4B,12,C,CODR,0.767,16
WPE02,1,2023,4B,12,C,PRAM,0.532,16
WPE02,1,2023,4B,12,C,PRAM,0.344,16
WPE02,1,2023,4B,12,C,CODR,0.484,18
WPE02,1,2023,4B,12,C,CODR,0.308,18
WPE02,1,2023,4B,12,C,PRAM,0.438,18
WPE02,1,2023,4B,12,C,PRAM,0.552,18
WPE02,1,2023,4B,12,C,PRAM,0.307,18
WPE02,1,2023,4B,12,C,PRAM,0.632,18
WPE02,1,2023,4B,12,C,CODR,0.635,18
WPE02,1,2023,4B,12,C,CODR,0.521,18
WPE02,1,2023,4B,12,C,CODR,0.667,18
WPE02,1,2023,4B,12,C,PRAM,0.569,20
WPE02,1,2023,4B,12,C,PRAM,0.477,20
WPE02,1,2023,4B,12,C,PRAM,0.781,20
WPE02,1,2023,4B,12,C,PRAM,0.393,20
WPE02,1,2023,4B,12,C,PRAM,0.441,20
WPE02,1,2023,4B,12,C,CODR,0.598,20
WPE02,1,2023,4B,12,C,PRAM,0.57,22
WPE02,1,2023,4B,12,C,PRAM,0.549,22
WPE02,1,2023,4B,12,C,PRAM,0.446,22
WPE02,1,2023,4B,12,C,PRAM,1.016,22
WPE02,1,2023,4B,12,C,PRAM,0.641,22
WPE02,1,2023,4B,12,C,PRAM,0.712,22
WPE02,1,2023,4B,12,C,PRAM,0.328,22
WPE02,1,2023,K4A,1,A,CODR,0.452,2
WPE02,1,2023,K4A,1,A,CODR,0.318,8
WPE02,1,2023,K4A,1,B,CODR,0.603,4
WPE02,1,2023,K4A,1,B,CODR,0.405,4
WPE02,1,2023,K4A,1,B,CODR,0.695,4
WPE02,1,2023,K4A,1,B,CODR,0.543,4
WPE02,1,2023,K4A,1,B,CODR,1.058,6
WPE02,1,2023,K4A,1,B,CODR,0.555,8
WPE02,1,2023,K4A,1,B,CODR,0.509,8
WPE02,1,2023,K4A,1,B,CODR,0.728,8
WPE02,1,2023,K4A,1,B,CODR,0.288,8
WPE02,1,2023,K4A,1,B,CODR,0.839,8
WPE02,1,2023,K4A,1,B,CODR,0.701,8
WPE02,1,2023,K4A,1,B,CODR,0.835,10
WPE02,1,2023,K4A,1,B,CODR,0.625,10
WPE02,1,2023,K4A,1,B,CODR,0.789,10
WPE02,1,2023,K4A,1,B,CODR,0.273,10
WPE02,1,2023,K4A,1,B,CODR,0.432,10
WPE02,1,2023,K4A,1,B,CODR,0.699,10
WPE02,1,2023,K4A,1,B,CODR,0.473,10
WPE02,1,2023,K4A,1,B,CODR,0.65,12
WPE02,1,2023,K4A,1,C,CODR,0.368,2
WPE02,1,2023,K4A,1,C,CODR,0.199,2
WPE02,1,2023,K4A,1,C,CODR,0.334,4
WPE02,1,2023,K4A,1,C,CODR,0.629,4
WPE02,1,2023,K4A,1,C,CODR,0.445,6
WPE02,1,2023,K4A,1,C,CODR,0.691,6
WPE02,1,2023,K4A,1,C,CODR,0.541,8
WPE02,1,2023,K4A,1,C,CODR,0.507,8
WPE02,1,2023,K4A,1,C,CODR,0.766,8
WPE02,1,2023,K4A,1,C,CODR,0.241,8
WPE02,1,2023,K4A,1,C,CODR,0.53,10
WPE02,1,2023,K4A,1,C,CODR,0.621,10
WPE02,1,2023,K4A,1,C,CODR,0.309,10
WPE02,1,2023,K4A,1,C,CODR,0.61,10
WPE02,1,2023,K4A,1,C,CODR,0.543,10
WPE02,1,2023,K4A,1,C,CODR,0.558,10
WPE02,1,2023,K4A,2,A,CODR,0.296,2
WPE02,1,2023,K4A,2,A,CODR,0.796,2
WPE02,1,2023,K4A,2,A,CODR,2.099,2
WPE02,1,2023,K4A,2,A,CODR,0.462,4
WPE02,1,2023,K4A,2,A,CODR,0.263,4
WPE02,1,2023,K4A,2,A,CODR,0.441,4
WPE02,1,2023,K4A,2,A,CODR,0.477,4
WPE02,1,2023,K4A,2,A,CODR,1.127,6
WPE02,1,2023,K4A,2,A,CODR,0.669,6
WPE02,1,2023,K4A,2,A,CODR,0.346,6
WPE02,1,2023,K4A,2,A,CODR,0.594,6
WPE02,1,2023,K4A,2,A,CODR,0.53,8
WPE02,1,2023,K4A,2,A,CODR,0.567,10
WPE02,1,2023,K4A,2,A,CODR,0.774,10
WPE02,1,2023,K4A,2,A,CODR,0.919,10
WPE02,1,2023,K4A,2,A,CODR,0.887,10
WPE02,1,2023,K4A,2,A,CODR,0.643,12
WPE02,1,2023,K4A,2,A,CODR,0.504,12
WPE02,1,2023,K4A,2,A,CODR,0.434,12
WPE02,1,2023,K4A,2,A,CODR,0.731,14
WPE02,1,2023,K4A,2,A,CODR,0.587,14
WPE02,1,2023,K4A,2,B,CODR,2.612,2
WPE02,1,2023,K4A,2,B,CODR,0.573,2
WPE02,1,2023,K4A,2,B,CODR,0.825,4
WPE02,1,2023,K4A,2,B,CODR,0.653,4
WPE02,1,2023,K4A,2,B,CODR,0.839,6
WPE02,1,2023,K4A,2,B,CODR,0.651,6
WPE02,1,2023,K4A,2,B,RHAR,0.928,10
WPE02,1,2023,K4A,2,B,RHAR,1.32,10
WPE02,1,2023,K4A,2,B,RHAR,1.019,10
WPE02,1,2023,K4A,2,B,RHAR,0.852,10
WPE02,1,2023,K4A,2,B,RHAR,0.881,10
WPE02,1,2023,K4A,2,B,RHAR,1.097,10
WPE02,1,2023,K4A,2,B,RHAR,1.305,10
WPE02,1,2023,K4A,2,B,RHAR,1.724,10
WPE02,1,2023,K4A,2,C,CODR,1.186,2
WPE02,1,2023,K4A,2,C,CODR,0.755,2
WPE02,1,2023,K4A,2,C,CODR,1.37,2
WPE02,1,2023,K4A,2,C,CODR,1.149,2
WPE02,1,2023,K4A,2,C,CODR,1.887,4
WPE02,1,2023,K4A,2,C,CODR,0.736,4
WPE02,1,2023,K4A,2,C,CODR,1.832,4
WPE02,1,2023,K4A,2,C,CODR,0.806,6
WPE02,1,2023,K4A,2,C,CODR,1.157,6
WPE02,1,2023,K4A,2,C,CODR,0.695,6
WPE02,1,2023,K4A,2,C,CODR,0.886,6
WPE02,1,2023,K4A,2,C,CODR,0.698,6
WPE02,1,2023,K4A,2,C,CODR,0.908,10
WPE02,1,2023,K4A,2,C,CODR,0.944,10
WPE02,1,2023,K4A,2,C,CODR,0.649,10
WPE02,1,2023,K4A,2,C,RHAR,0.797,12
WPE02,1,2023,K4A,2,C,RHAR,1.052,12
WPE02,1,2023,K4A,2,C,RHAR,0.46,12
WPE02,1,2023,K4A,2,C,CODR,0.687,12
WPE02,1,2023,K4A,2,C,PRAM,0.845,14
WPE02,1,2023,K4A,2,C,PRAM,0.435,14
WPE02,1,2023,K4A,2,C,PRAM,1.053,14
WPE02,1,2023,K4A,2,C,PRAM,0.485,16
WPE02,1,2023,K4A,2,C,PRAM,0.93,18
WPE02,1,2023,K4A,2,C,PRAM,0.804,18
WPE02,1,2023,K4A,2,C,PRAM,0.86,18
WPE02,1,2023,K4A,2,C,PRAM,1.119,18
WPE02,1,2023,K4A,2,C,PRAM,1.035,18
WPE02,1,2023,K4A,2,C,PRAM,0.787,18
WPE02,1,2023,K4A,2,C,PRAM,0.642,18
WPE02,1,2023,K4A,2,C,PRAM,0.748,18
WPE02,1,2023,K4A,2,C,PRAM,0.949,18
WPE02,1,2023,K4A,2,C,PRAM,0.919,18
WPE02,1,2023,K4A,2,C,PRAM,1.316,18
WPE02,1,2023,K4A,2,C,PRAM,0.86,18
WPE02,1,2023,K4A,2,C,PRAM,0.778,18
WPE02,1,2023,K4A,2,C,RHAR,1.033,20
WPE02,1,2023,K4A,2,C,RHAR,1.072,20
WPE02,1,2023,K4A,2,C,RHAR,1.256,20
WPE02,1,2023,K4A,3,A,CODR,0.523,2
WPE02,1,2023,K4A,3,A,CODR,0.748,2
WPE02,1,2023,K4A,3,A,CODR,0.723,2
WPE02,1,2023,K4A,3,A,CODR,0.778,2
WPE02,1,2023,K4A,3,A,CODR,0.694,2
WPE02,1,2023,K4A,3,A,CODR,0.564,2
WPE02,1,2023,K4A,3,A,CODR,0.747,2
WPE02,1,2023,K4A,3,A,CODR,1.094,2
WPE02,1,2023,K4A,3,A,CODR,1.059,2
WPE02,1,2023,K4A,3,A,CODR,0.521,4
WPE02,1,2023,K4A,3,A,CODR,0.457,4
WPE02,1,2023,K4A,3,A,CODR,0.511,4
WPE02,1,2023,K4A,3,A,CODR,0.412,4
WPE02,1,2023,K4A,3,A,CODR,0.807,6
WPE02,1,2023,K4A,3,A,CODR,1.068,6
WPE02,1,2023,K4A,3,A,CODR,1.231,6
WPE02,1,2023,K4A,3,A,CODR,1.253,6
WPE02,1,2023,K4A,3,A,CODR,0.738,6
WPE02,1,2023,K4A,3,A,CODR,0.75,8
WPE02,1,2023,K4A,3,A,CODR,1.086,8
WPE02,1,2023,K4A,3,A,CODR,0.444,10
WPE02,1,2023,K4A,3,A,CODR,0.985,10
WPE02,1,2023,K4A,3,A,CODR,0.354,14
WPE02,1,2023,K4A,3,A,CODR,0.285,14
WPE02,1,2023,K4A,3,A,CODR,0.441,16
WPE02,1,2023,K4A,3,A,CODR,0.535,16
WPE02,1,2023,K4A,3,A,CODR,0.508,16
WPE02,1,2023,K4A,3,A,CODR,0.736,16
WPE02,1,2023,K4A,3,A,CODR,0.228,16
WPE02,1,2023,K4A,3,A,CODR,0.185,16
WPE02,1,2023,K4A,3,A,CODR,0.908,16
WPE02,1,2023,K4A,3,A,CODR,0.799,16
WPE02,1,2023,K4A,3,A,CODR,0.713,16
WPE02,1,2023,K4A,3,A,CODR,0.3,18
WPE02,1,2023,K4A,3,A,CODR,0.364,18
WPE02,1,2023,K4A,3,A,CODR,0.552,18
WPE02,1,2023,K4A,3,A,CODR,0.633,18
WPE02,1,2023,K4A,3,A,CODR,0.328,18
WPE02,1,2023,K4A,3,A,CODR,0.392,18
WPE02,1,2023,K4A,3,A,CODR,0.508,18
WPE02,1,2023,K4A,3,A,CODR,0.501,18
WPE02,1,2023,K4A,3,A,CODR,0.417,18
WPE02,1,2023,K4A,3,A,CODR,0.232,20
WPE02,1,2023,K4A,3,A,CODR,0.411,20
WPE02,1,2023,K4A,3,A,CODR,0.533,22
WPE02,1,2023,K4A,3,A,CODR,0.727,22
WPE02,1,2023,K4A,3,A,CODR,0.473,22
WPE02,1,2023,K4A,3,A,CODR,1.241,22
WPE02,1,2023,K4A,3,A,CODR,0.548,22
WPE02,1,2023,K4A,3,B,CODR,0.672,2
WPE02,1,2023,K4A,3,B,CODR,0.832,2
WPE02,1,2023,K4A,3,B,CODR,1.792,2
WPE02,1,2023,K4A,3,B,CODR,0.569,4
WPE02,1,2023,K4A,3,B,CODR,0.986,4
WPE02,1,2023,K4A,3,B,CODR,0.843,4
WPE02,1,2023,K4A,3,B,CODR,0.775,4
WPE02,1,2023,K4A,3,B,CODR,0.612,4
WPE02,1,2023,K4A,3,B,CODR,0.871,4
WPE02,1,2023,K4A,3,B,CODR,0.457,4
WPE02,1,2023,K4A,3,B,CODR,0.367,4
WPE02,1,2023,K4A,3,B,CODR,1.415,4
WPE02,1,2023,K4A,3,B,CODR,1.053,6
WPE02,1,2023,K4A,3,B,CODR,1.075,6
WPE02,1,2023,K4A,3,B,CODR,1.08,6
WPE02,1,2023,K4A,3,B,CODR,1.703,6
WPE02,1,2023,K4A,3,B,CODR,0.857,6
WPE02,1,2023,K4A,3,B,CODR,0.51,8
WPE02,1,2023,K4A,3,B,CODR,0.795,8
WPE02,1,2023,K4A,3,B,CODR,0.763,8
WPE02,1,2023,K4A,3,B,CODR,0.81,8
WPE02,1,2023,K4A,3,B,CODR,0.494,8
WPE02,1,2023,K4A,3,B,CODR,0.575,8
WPE02,1,2023,K4A,3,B,CODR,0.769,8
WPE02,1,2023,K4A,3,B,CODR,1.271,8
WPE02,1,2023,K4A,3,B,CODR,0.451,8
WPE02,1,2023,K4A,3,B,CODR,0.893,10
WPE02,1,2023,K4A,3,B,CODR,2.303,10
WPE02,1,2023,K4A,3,B,CODR,1.214,10
WPE02,1,2023,K4A,3,B,CODR,1.798,10
WPE02,1,2023,K4A,3,B,CODR,1.278,12
WPE02,1,2023,K4A,3,B,CODR,1.705,12
WPE02,1,2023,K4A,3,B,CODR,1.806,12
WPE02,1,2023,K4A,3,B,CODR,1.772,14
WPE02,1,2023,K4A,3,B,CODR,0.753,14
WPE02,1,2023,K4A,3,B,CODR,1.983,14
WPE02,1,2023,K4A,3,B,CODR,0.898,14
WPE02,1,2023,K4A,3,B,CODR,0.668,16
WPE02,1,2023,K4A,3,B,CODR,0.686,16
WPE02,1,2023,K4A,3,B,CODR,0.754,16
WPE02,1,2023,K4A,3,B,CODR,2.055,16
WPE02,1,2023,K4A,3,B,CODR,1.757,16
WPE02,1,2023,K4A,3,B,PRAM,0.295,18
WPE02,1,2023,K4A,3,B,PRAM,0.267,18
WPE02,1,2023,K4A,3,B,CODR,0.663,20
WPE02,1,2023,K4A,3,B,CODR,0.646,20
WPE02,1,2023,K4A,3,B,PRAM,0.561,20
WPE02,1,2023,K4A,3,B,PRAM,1,20
WPE02,1,2023,K4A,3,B,CODR,1.957,22
WPE02,1,2023,K4A,3,B,CODR,2.032,22
WPE02,1,2023,K4A,3,B,CODR,1.308,22
WPE02,1,2023,K4A,3,B,CODR,2.243,22
WPE02,1,2023,K4A,3,B,CODR,1.675,22
WPE02,1,2023,K4A,3,B,CODR,1.098,22
WPE02,1,2023,K4A,3,B,CODR,1.234,22
WPE02,1,2023,K4A,3,B,CODR,1.967,22
WPE02,1,2023,K4A,3,C,CODR,1.201,2
WPE02,1,2023,K4A,3,C,CODR,1.602,2
WPE02,1,2023,K4A,3,C,CODR,1.421,2
WPE02,1,2023,K4A,3,C,CODR,1.03,2
WPE02,1,2023,K4A,3,C,CODR,0.26,2
WPE02,1,2023,K4A,3,C,CODR,0.245,2
WPE02,1,2023,K4A,3,C,CODR,0.447,2
WPE02,1,2023,K4A,3,C,CODR,0.374,4
WPE02,1,2023,K4A,3,C,CODR,0.309,4
WPE02,1,2023,K4A,3,C,CODR,1.056,4
WPE02,1,2023,K4A,3,C,CODR,1.299,4
WPE02,1,2023,K4A,3,C,CODR,3.094,4
WPE02,1,2023,K4A,3,C,CODR,0.636,6
WPE02,1,2023,K4A,3,C,CODR,0.635,6
WPE02,1,2023,K4A,3,C,CODR,0.92,6
WPE02,1,2023,K4A,3,C,CODR,0.327,6
WPE02,1,2023,K4A,3,C,CODR,1.558,6
WPE02,1,2023,K4A,3,C,CODR,2.064,6
WPE02,1,2023,K4A,3,C,CODR,3.974,6
WPE02,1,2023,K4A,3,C,CODR,0.495,6
WPE02,1,2023,K4A,3,C,CODR,0.396,6
WPE02,1,2023,K4A,3,C,CODR,1.376,8
WPE02,1,2023,K4A,3,C,CODR,1.24,8
WPE02,1,2023,K4A,3,C,CODR,2.257,10
WPE02,1,2023,K4A,3,C,CODR,1.378,10
WPE02,1,2023,K4A,3,C,RHAR,0.509,10
WPE02,1,2023,K4A,3,C,CODR,0.679,12
WPE02,1,2023,K4A,3,C,CODR,0.738,12
WPE02,1,2023,K4A,3,C,CODR,1.603,14
WPE02,1,2023,K4A,3,C,CODR,0.618,14
WPE02,1,2023,K4A,3,C,CODR,0.357,14
WPE02,1,2023,K4A,3,C,CODR,1.039,14
WPE02,1,2023,K4A,3,C,CODR,0.838,14
WPE02,1,2023,K4A,3,C,CODR,1.509,16
WPE02,1,2023,K4A,3,C,CODR,1.519,16
WPE02,1,2023,K4A,3,C,CODR,0.481,18
WPE02,1,2023,K4A,3,C,CODR,1.163,18
WPE02,1,2023,K4A,3,C,PRAM,4.988,18
WPE02,1,2023,K4A,3,C,CODR,1.769,18
WPE02,1,2023,K4A,3,C,CODR,0.747,20
WPE02,1,2023,K4A,3,C,PRAM,5.081,20
WPE02,1,2023,K4A,3,C,CODR,2.766,22
WPE02,1,2023,K4A,3,C,CODR,0.967,22
WPE02,1,2023,K4A,4,A,PRAM,0.432,2
WPE02,1,2023,K4A,4,A,CODR,0.282,2
WPE02,1,2023,K4A,4,A,CODR,0.301,4
WPE02,1,2023,K4A,4,A,CODR,0.819,4
WPE02,1,2023,K4A,4,A,CODR,0.816,6
WPE02,1,2023,K4A,4,A,CODR,0.418,6
WPE02,1,2023,K4A,4,A,CODR,0.264,6
WPE02,1,2023,K4A,4,A,CODR,1.01,6
WPE02,1,2023,K4A,4,A,CODR,0.671,8
WPE02,1,2023,K4A,4,A,CODR,0.946,8
WPE02,1,2023,K4A,4,A,CODR,0.543,8
WPE02,1,2023,K4A,4,A,CODR,0.444,8
WPE02,1,2023,K4A,4,A,CODR,0.929,8
WPE02,1,2023,K4A,4,A,CODR,0.705,8
WPE02,1,2023,K4A,4,A,PRAM,0.553,8
WPE02,1,2023,K4A,4,A,RHGL,0.404,8
WPE02,1,2023,K4A,4,A,CODR,0.81,10
WPE02,1,2023,K4A,4,A,CODR,0.67,10
WPE02,1,2023,K4A,4,A,CODR,0.757,10
WPE02,1,2023,K4A,4,A,CODR,0.519,10
WPE02,1,2023,K4A,4,A,CODR,0.858,10
WPE02,1,2023,K4A,4,A,CODR,0.442,10
WPE02,1,2023,K4A,4,A,CODR,0.544,10
WPE02,1,2023,K4A,4,A,PRAM,0.599,10
WPE02,1,2023,K4A,4,A,CODR,0.663,12
WPE02,1,2023,K4A,4,A,CODR,0.713,12
WPE02,1,2023,K4A,4,A,PRAM,0.467,12
WPE02,1,2023,K4A,4,A,PRAM,0.516,12
WPE02,1,2023,K4A,4,A,PRAM,0.445,14
WPE02,1,2023,K4A,4,A,PRAM,0.537,14
WPE02,1,2023,K4A,4,A,CODR,0.487,14
WPE02,1,2023,K4A,4,A,CODR,0.599,14
WPE02,1,2023,K4A,4,A,PRAM,0.404,16
WPE02,1,2023,K4A,4,A,PRAM,0.481,16
WPE02,1,2023,K4A,4,A,CODR,0.438,18
WPE02,1,2023,K4A,4,A,CODR,0.643,20
WPE02,1,2023,K4A,4,A,CODR,0.668,20
WPE02,1,2023,K4A,4,A,CODR,0.803,20
WPE02,1,2023,K4A,4,B,PRAM,0.393,22
WPE02,1,2023,K4A,4,B,PRAM,0.431,22
WPE02,1,2023,K4A,4,B,PRAM,0.561,22
WPE02,1,2023,K4A,4,C,PRAM,0.876,4
WPE02,1,2023,K4A,4,C,PRAM,0.896,8
WPE02,1,2023,K4A,4,C,CODR,0.419,8
WPE02,1,2023,K4A,4,C,CODR,0.614,10
WPE02,1,2023,K4A,4,C,CODR,0.296,10
WPE02,1,2023,K4A,4,C,PRAM,0.604,10
WPE02,1,2023,K4A,4,C,PRAM,0.58,10
WPE02,1,2023,K4A,4,C,PRAM,0.745,10
WPE02,1,2023,K4A,4,C,CODR,1.023,12
WPE02,1,2023,K4A,4,C,CODR,0.716,12
WPE02,1,2023,K4A,4,C,CODR,0.609,12
WPE02,1,2023,K4A,4,C,CODR,0.842,12
WPE02,1,2023,K4A,4,C,CODR,1.738,12
WPE02,1,2023,K4A,4,C,CODR,0.582,12
WPE02,1,2023,K4A,4,C,CODR,0.891,12
WPE02,1,2023,K4A,4,C,CODR,0.575,16
WPE02,1,2023,K4A,5,A,CODR,0.838,2
WPE02,1,2023,K4A,5,A,CODR,0.968,2
WPE02,1,2023,K4A,5,A,CODR,0.472,2
WPE02,1,2023,K4A,5,A,CODR,0.697,2
WPE02,1,2023,K4A,5,A,CODR,0.836,2
WPE02,1,2023,K4A,5,A,CODR,0.81,2
WPE02,1,2023,K4A,5,A,CODR,0.653,4
WPE02,1,2023,K4A,5,A,CODR,0.498,4
WPE02,1,2023,K4A,5,A,CODR,0.943,4
WPE02,1,2023,K4A,5,A,CODR,1.034,6
WPE02,1,2023,K4A,5,A,CODR,0.88,6
WPE02,1,2023,K4A,5,A,CODR,0.438,6
WPE02,1,2023,K4A,5,A,CODR,0.771,6
WPE02,1,2023,K4A,5,A,CODR,0.185,6
WPE02,1,2023,K4A,5,A,CODR,0.79,10
WPE02,1,2023,K4A,5,A,CODR,0.479,10
WPE02,1,2023,K4A,5,A,CODR,0.496,10
WPE02,1,2023,K4A,5,A,CODR,0.85,10
WPE02,1,2023,K4A,5,A,CODR,0.778,10
WPE02,1,2023,K4A,5,A,RHGL,0.681,20
WPE02,1,2023,K4A,5,B,CODR,0.515,2
WPE02,1,2023,K4A,5,B,CODR,0.628,2
WPE02,1,2023,K4A,5,B,CODR,0.649,2
WPE02,1,2023,K4A,5,B,CODR,0.492,2
WPE02,1,2023,K4A,5,B,CODR,0.348,2
WPE02,1,2023,K4A,5,B,CODR,0.676,2
WPE02,1,2023,K4A,5,B,CODR,0.768,2
WPE02,1,2023,K4A,5,B,CODR,0.649,2
WPE02,1,2023,K4A,5,B,CODR,0.771,4
WPE02,1,2023,K4A,5,B,CODR,0.314,4
WPE02,1,2023,K4A,5,B,CODR,0.594,4
WPE02,1,2023,K4A,5,B,CODR,0.428,4
WPE02,1,2023,K4A,5,B,CODR,0.646,4
WPE02,1,2023,K4A,5,B,CODR,0.772,4
WPE02,1,2023,K4A,5,B,CODR,0.192,4
WPE02,1,2023,K4A,5,B,CODR,0.702,4
WPE02,1,2023,K4A,5,B,CODR,0.705,6
WPE02,1,2023,K4A,5,B,CODR,0.495,6
WPE02,1,2023,K4A,5,B,CODR,0.508,6
WPE02,1,2023,K4A,5,B,CODR,0.849,8
WPE02,1,2023,K4A,5,B,CODR,0.39,8
WPE02,1,2023,K4A,5,B,CODR,0.799,8
WPE02,1,2023,K4A,5,B,CODR,0.57,8
WPE02,1,2023,K4A,5,B,CODR,0.455,10
WPE02,1,2023,K4A,5,B,CODR,0.444,10
WPE02,1,2023,K4A,5,B,CODR,0.372,10
WPE02,1,2023,K4A,5,B,CODR,0.195,10
WPE02,1,2023,K4A,5,B,CODR,0.607,12
WPE02,1,2023,K4A,5,B,CODR,0.392,12
WPE02,1,2023,K4A,5,B,CODR,0.497,16
WPE02,1,2023,K4A,5,B,CODR,0.338,16
WPE02,1,2023,K4A,5,B,CODR,0.348,16
WPE02,1,2023,K4A,5,B,CODR,0.82,18
WPE02,1,2023,K4A,5,B,CODR,0.8,20
WPE02,1,2023,K4A,5,B,CODR,0.798,22
WPE02,1,2023,K4A,5,B,CODR,0.887,22
WPE02,1,2023,K4A,5,B,CODR,0.846,22
WPE02,1,2023,K4A,5,B,CODR,0.517,22
WPE02,1,2023,K4A,5,C,CODR,0.36,2
WPE02,1,2023,K4A,5,C,CODR,0.437,2
WPE02,1,2023,K4A,6,A,CODR,0.828,2
WPE02,1,2023,K4A,6,A,CODR,0.782,2
WPE02,1,2023,K4A,6,A,CODR,0.442,2
WPE02,1,2023,K4A,6,A,CODR,1.418,4
WPE02,1,2023,K4A,6,A,CODR,1.685,4
WPE02,1,2023,K4A,6,A,CODR,0.411,4
WPE02,1,2023,K4A,6,A,CODR,0.303,4
WPE02,1,2023,K4A,6,A,CODR,1.554,4
WPE02,1,2023,K4A,6,A,RHGL,1.055,4
WPE02,1,2023,K4A,6,A,CODR,1.023,6
WPE02,1,2023,K4A,6,A,CODR,1.71,6
WPE02,1,2023,K4A,6,A,CODR,0.822,6
WPE02,1,2023,K4A,6,A,CODR,1.192,6
WPE02,1,2023,K4A,6,A,CODR,1.478,6
WPE02,1,2023,K4A,6,A,RHGL,0.568,6
WPE02,1,2023,K4A,6,A,RHGL,1.082,8
WPE02,1,2023,K4A,6,A,RHGL,0.856,8
WPE02,1,2023,K4A,6,A,CODR,0.572,8
WPE02,1,2023,K4A,6,A,CODR,0.635,10
WPE02,1,2023,K4A,6,A,CODR,0.79,10
WPE02,1,2023,K4A,6,A,RHGL,0.539,16
WPE02,1,2023,K4A,6,A,RHGL,0.656,18
WPE02,1,2023,K4A,6,A,RHGL,0.789,20
WPE02,1,2023,K4A,6,A,RHGL,0.944,22
WPE02,1,2023,K4A,6,B,CODR,0.665,2
WPE02,1,2023,K4A,6,B,CODR,0.531,2
WPE02,1,2023,K4A,6,B,CODR,0.416,2
WPE02,1,2023,K4A,6,B,CODR,0.314,2
WPE02,1,2023,K4A,6,B,RHGL,1.066,2
WPE02,1,2023,K4A,6,B,CODR,0.633,2
WPE02,1,2023,K4A,6,B,CODR,0.687,4
WPE02,1,2023,K4A,6,B,CODR,0.586,4
WPE02,1,2023,K4A,6,B,CODR,0.673,4
WPE02,1,2023,K4A,6,B,RHGL,1,4
WPE02,1,2023,K4A,6,B,CODR,0.985,6
WPE02,1,2023,K4A,6,B,CODR,0.205,8
WPE02,1,2023,K4A,6,B,CODR,0.946,8
WPE02,1,2023,K4A,6,B,CODR,0.343,8
WPE02,1,2023,K4A,6,B,CODR,0.727,10
WPE02,1,2023,K4A,6,B,CODR,0.884,10
WPE02,1,2023,K4A,6,B,CODR,0.364,10
WPE02,1,2023,K4A,6,B,CODR,0.291,10
WPE02,1,2023,K4A,6,B,CODR,0.688,10
WPE02,1,2023,K4A,6,B,CODR,1.051,10
WPE02,1,2023,K4A,6,B,CODR,0.93,12
WPE02,1,2023,K4A,6,B,CODR,0.624,12
WPE02,1,2023,K4A,6,B,CODR,0.554,12
WPE02,1,2023,K4A,6,B,CODR,1.213,14
WPE02,1,2023,K4A,6,B,CODR,1.6,14
WPE02,1,2023,K4A,6,B,CODR,0.76,14
WPE02,1,2023,K4A,6,B,CODR,1.557,14
WPE02,1,2023,K4A,6,B,CODR,1.01,16
WPE02,1,2023,K4A,6,B,CODR,0.492,16
WPE02,1,2023,K4A,6,B,CODR,0.29,16
WPE02,1,2023,K4A,6,B,CODR,1.24,16
WPE02,1,2023,K4A,6,B,CODR,1.568,16
WPE02,1,2023,K4A,6,B,CODR,1.088,16
WPE02,1,2023,K4A,6,B,CODR,0.408,16
WPE02,1,2023,K4A,6,B,CODR,1.553,18
WPE02,1,2023,K4A,6,B,CODR,0.902,18
WPE02,1,2023,K4A,6,B,CODR,1.126,20
WPE02,1,2023,K4A,6,B,CODR,1.018,20
WPE02,1,2023,K4A,6,B,CODR,1.13,20
WPE02,1,2023,K4A,6,B,CODR,0.455,22
WPE02,1,2023,K4A,6,B,CODR,0.507,22
WPE02,1,2023,K4A,6,B,CODR,0.273,22
WPE02,1,2023,K4A,6,C,CODR,0.375,2
WPE02,1,2023,K4A,6,C,CODR,0.495,2
WPE02,1,2023,K4A,6,C,CODR,0.839,4
WPE02,1,2023,K4A,6,C,RHGL,0.899,4
WPE02,1,2023,K4A,6,C,CODR,0.872,6
WPE02,1,2023,K4A,6,C,CODR,0.519,8
WPE02,1,2023,K4A,6,C,CODR,0.749,8
WPE02,1,2023,K4A,6,C,CODR,1.056,10
WPE02,1,2023,K4A,6,C,CODR,1.204,10
WPE02,1,2023,K4A,6,C,CODR,1.133,10
WPE02,1,2023,K4A,6,C,RHGL,0.521,10
WPE02,1,2023,K4A,6,C,CODR,0.617,12
WPE02,1,2023,K4A,6,C,RHGL,1.028,12
WPE02,1,2023,K4A,6,C,RHGL,1.237,12
WPE02,1,2023,K4A,6,C,CODR,0.53,14
WPE02,1,2023,K4A,6,C,CODR,0.931,14
WPE02,1,2023,K4A,6,C,CODR,0.41,14
WPE02,1,2023,K4A,6,C,CODR,0.377,16
WPE02,1,2023,K4A,6,C,CODR,1.544,16
WPE02,1,2023,K4A,6,C,CODR,2.243,16
WPE02,1,2023,K4A,6,C,CODR,1.472,18
WPE02,1,2023,K4A,6,C,CODR,1.074,18
WPE02,1,2023,K4A,6,C,CODR,1.013,18
WPE02,1,2023,K4A,6,C,CODR,0.515,18
WPE02,1,2023,K4A,6,C,CODR,1.073,18
WPE02,1,2023,K4A,6,C,CODR,1.025,18
WPE02,1,2023,K4A,6,C,CODR,0.592,18
WPE02,1,2023,K4A,6,C,RHGL,1.075,18
WPE02,1,2023,K4A,6,C,CODR,1.024,20
WPE02,1,2023,K4A,6,C,CODR,0.72,20
WPE02,1,2023,K4A,6,C,CODR,0.659,20
WPE02,1,2023,K4A,6,C,CODR,0.259,20
WPE02,1,2023,K4A,6,C,CODR,0.422,20
WPE02,1,2023,K4A,6,C,CODR,0.332,20
WPE02,1,2023,K4A,6,C,CODR,1.018,22
WPE02,1,2023,K4A,6,C,CODR,1.264,22
WPE02,1,2023,K4A,6,C,CODR,1.407,22
WPE02,1,2023,K4A,6,C,RHGL,0.346,22
WPE02,1,2023,K4A,7,A,CODR,0.412,2
WPE02,1,2023,K4A,7,A,CODR,0.275,2
WPE02,1,2023,K4A,7,A,CODR,0.481,2
WPE02,1,2023,K4A,7,A,CODR,1.219,2
WPE02,1,2023,K4A,7,A,CODR,0.676,2
WPE02,1,2023,K4A,7,A,CODR,0.626,2
WPE02,1,2023,K4A,7,A,CODR,0.686,2
WPE02,1,2023,K4A,7,A,CODR,0.576,2
WPE02,1,2023,K4A,7,A,CODR,0.284,2
WPE02,1,2023,K4A,7,A,CODR,0.785,2
WPE02,1,2023,K4A,7,A,CODR,0.977,2
WPE02,1,2023,K4A,7,A,RHGL,1.055,2
WPE02,1,2023,K4A,7,A,RHGL,1.069,2
WPE02,1,2023,K4A,7,A,CODR,0.371,4
WPE02,1,2023,K4A,7,A,CODR,0.173,4
WPE02,1,2023,K4A,7,A,CODR,0.389,4
WPE02,1,2023,K4A,7,A,CODR,0.683,4
WPE02,1,2023,K4A,7,A,CODR,0.825,4
WPE02,1,2023,K4A,7,A,CODR,0.202,4
WPE02,1,2023,K4A,7,A,CODR,0.401,4
WPE02,1,2023,K4A,7,A,CODR,0.448,4
WPE02,1,2023,K4A,7,A,CODR,0.35,4
WPE02,1,2023,K4A,7,A,CODR,0.376,4
WPE02,1,2023,K4A,7,A,CODR,0.584,6
WPE02,1,2023,K4A,7,A,CODR,0.742,6
WPE02,1,2023,K4A,7,A,CODR,0.581,6
WPE02,1,2023,K4A,7,A,CODR,0.792,6
WPE02,1,2023,K4A,7,A,CODR,0.802,6
WPE02,1,2023,K4A,7,A,CODR,0.662,6
WPE02,1,2023,K4A,7,A,CODR,0.661,6
WPE02,1,2023,K4A,7,A,CODR,0.939,6
WPE02,1,2023,K4A,7,A,CODR,0.534,8
WPE02,1,2023,K4A,7,A,CODR,0.766,8
WPE02,1,2023,K4A,7,A,CODR,0.475,8
WPE02,1,2023,K4A,7,A,CODR,0.986,8
WPE02,1,2023,K4A,7,A,CODR,1.167,10
WPE02,1,2023,K4A,7,A,CODR,0.673,10
WPE02,1,2023,K4A,7,A,CODR,0.389,10
WPE02,1,2023,K4A,7,A,CODR,0.404,10
WPE02,1,2023,K4A,7,A,CODR,0.609,10
WPE02,1,2023,K4A,7,A,CODR,0.962,10
WPE02,1,2023,K4A,7,A,CODR,0.402,10
WPE02,1,2023,K4A,7,A,CODR,0.674,10
WPE02,1,2023,K4A,7,A,RHGL,1.143,10
WPE02,1,2023,K4A,7,A,RHAR,0.669,10
WPE02,1,2023,K4A,7,A,CODR,0.417,12
WPE02,1,2023,K4A,7,A,CODR,0.552,12
WPE02,1,2023,K4A,7,A,CODR,0.705,12
WPE02,1,2023,K4A,7,A,CODR,0.341,12
WPE02,1,2023,K4A,7,A,CODR,0.55,12
WPE02,1,2023,K4A,7,A,CODR,0.622,12
WPE02,1,2023,K4A,7,A,CODR,0.17,12
WPE02,1,2023,K4A,7,A,CODR,0.166,12
WPE02,1,2023,K4A,7,A,CODR,0.153,12
WPE02,1,2023,K4A,7,A,CODR,0.25,12
WPE02,1,2023,K4A,7,A,CODR,0.661,14
WPE02,1,2023,K4A,7,A,CODR,0.22,14
WPE02,1,2023,K4A,7,A,CODR,0.263,14
WPE02,1,2023,K4A,7,A,CODR,0.649,14
WPE02,1,2023,K4A,7,A,CODR,0.956,14
WPE02,1,2023,K4A,7,A,CODR,1.074,14
WPE02,1,2023,K4A,7,A,CODR,0.204,14
WPE02,1,2023,K4A,7,A,CODR,0.626,14
WPE02,1,2023,K4A,7,A,CODR,0.784,14
WPE02,1,2023,K4A,7,A,CODR,0.543,16
WPE02,1,2023,K4A,7,A,CODR,0.417,16
WPE02,1,2023,K4A,7,A,CODR,0.405,16
WPE02,1,2023,K4A,7,A,CODR,0.937,16
WPE02,1,2023,K4A,7,A,CODR,0.95,16
WPE02,1,2023,K4A,7,A,CODR,1.301,16
WPE02,1,2023,K4A,7,A,CODR,1.077,16
WPE02,1,2023,K4A,7,A,CODR,0.209,16
WPE02,1,2023,K4A,7,A,CODR,0.742,16
WPE02,1,2023,K4A,7,A,CODR,0.934,18
WPE02,1,2023,K4A,7,A,CODR,1.086,18
WPE02,1,2023,K4A,7,A,CODR,0.408,18
WPE02,1,2023,K4A,7,A,CODR,0.314,18
WPE02,1,2023,K4A,7,A,CODR,0.225,18
WPE02,1,2023,K4A,7,A,CODR,1.103,18
WPE02,1,2023,K4A,7,A,CODR,1.377,18
WPE02,1,2023,K4A,7,A,RHGL,1.018,18
WPE02,1,2023,K4A,7,A,CODR,0.504,20
WPE02,1,2023,K4A,7,A,CODR,0.672,20
WPE02,1,2023,K4A,7,A,CODR,0.436,20
WPE02,1,2023,K4A,7,A,CODR,0.274,20
WPE02,1,2023,K4A,7,A,CODR,0.571,20
WPE02,1,2023,K4A,7,A,CODR,0.398,20
WPE02,1,2023,K4A,7,A,CODR,0.19,20
WPE02,1,2023,K4A,7,A,CODR,0.986,22
WPE02,1,2023,K4A,7,A,CODR,0.553,22
WPE02,1,2023,K4A,7,A,CODR,0.721,22
WPE02,1,2023,K4A,7,A,CODR,0.494,22
WPE02,1,2023,K4A,7,B,RHGL,0.589,8
WPE02,1,2023,K4A,7,B,RHGL,0.772,10
WPE02,1,2023,K4A,7,B,RHGL,0.821,14
WPE02,1,2023,K4A,7,B,RHGL,1.06,14
WPE02,1,2023,K4A,7,B,RHGL,1.074,14
WPE02,1,2023,K4A,7,B,RHGL,0.858,16
WPE02,1,2023,K4A,7,B,RHGL,0.514,20
WPE02,1,2023,K4A,7,C,RHGL,0.612,2
WPE02,1,2023,K4A,7,C,CODR,0.567,2
WPE02,1,2023,K4A,7,C,CODR,0.91,2
WPE02,1,2023,K4A,7,C,CODR,0.629,4
WPE02,1,2023,K4A,7,C,CODR,0.522,4
WPE02,1,2023,K4A,7,C,CODR,0.653,4
WPE02,1,2023,K4A,7,C,CODR,0.462,4
WPE02,1,2023,K4A,7,C,CODR,0.787,4
WPE02,1,2023,K4A,7,C,CODR,0.473,4
WPE02,1,2023,K4A,7,C,CODR,0.665,4
WPE02,1,2023,K4A,7,C,CODR,0.7,4
WPE02,1,2023,K4A,7,C,CODR,0.522,4
WPE02,1,2023,K4A,7,C,CODR,0.782,6
WPE02,1,2023,K4A,7,C,CODR,0.696,6
WPE02,1,2023,K4A,7,C,CODR,0.411,6
WPE02,1,2023,K4A,7,C,CODR,0.812,6
WPE02,1,2023,K4A,7,C,CODR,0.611,8
WPE02,1,2023,K4A,7,C,CODR,0.812,8
WPE02,1,2023,K4A,7,C,CODR,0.452,8
WPE02,1,2023,K4A,7,C,CODR,0.635,8
WPE02,1,2023,K4A,7,C,CODR,0.347,8
WPE02,1,2023,K4A,7,C,CODR,0.479,10
WPE02,1,2023,K4A,7,C,CODR,1.062,10
WPE02,1,2023,K4A,7,C,CODR,1.156,10
WPE02,1,2023,K4A,7,C,RHGL,1.117,12
WPE02,1,2023,K4A,7,C,CODR,0.475,12
WPE02,1,2023,K4A,7,C,CODR,0.452,12
WPE02,1,2023,K4A,7,C,CODR,0.784,12
WPE02,1,2023,K4A,7,C,RHGL,0.732,14
WPE02,1,2023,K4A,7,C,CODR,0.344,14
WPE02,1,2023,K4A,7,C,CODR,0.402,14
WPE02,1,2023,K4A,7,C,CODR,0.623,14
WPE02,1,2023,K4A,7,C,CODR,0.565,16
WPE02,1,2023,K4A,7,C,CODR,0.252,16
WPE02,1,2023,K4A,7,C,CODR,0.918,16
WPE02,1,2023,K4A,7,C,RHGL,1.055,16
WPE02,1,2023,K4A,7,C,CODR,1.119,18
WPE02,1,2023,K4A,7,C,CODR,0.721,18
WPE02,1,2023,K4A,7,C,CODR,0.389,18
WPE02,1,2023,K4A,7,C,CODR,0.208,18
WPE02,1,2023,K4A,7,C,CODR,0.729,18
WPE02,1,2023,K4A,7,C,CODR,1.109,18
WPE02,1,2023,K4A,7,C,CODR,0.88,18
WPE02,1,2023,K4A,7,C,CODR,0.622,20
WPE02,1,2023,K4A,7,C,CODR,1.022,20
WPE02,1,2023,K4A,7,C,CODR,0.918,20
WPE02,1,2023,K4A,7,C,CODR,0.343,20
WPE02,1,2023,K4A,7,C,CODR,0.57,20
WPE02,1,2023,K4A,7,C,CODR,0.202,20
WPE02,1,2023,K4A,7,C,RHGL,0.611,20
WPE02,1,2023,K4A,7,C,RHGL,0.931,22
WPE02,1,2023,K4A,7,C,CODR,0.482,22
WPE02,1,2023,K4A,7,C,CODR,0.813,22
WPE02,1,2023,K4A,7,C,CODR,0.828,22
WPE02,1,2023,K4A,7,C,CODR,0.732,22
WPE02,1,2023,K4A,7,C,CODR,0.831,22
WPE02,1,2023,K4A,7,C,CODR,0.335,22
WPE02,1,2023,K4A,7,C,CODR,1.167,22
WPE02,1,2023,K4A,7,C,CODR,0.832,22
WPE02,1,2023,K4A,7,C,CODR,0.602,22
WPE02,1,2023,K4A,7,C,CODR,0.339,22
WPE02,1,2023,K4A,8,A,CODR,0.693,2
WPE02,1,2023,K4A,8,A,CODR,0.661,2
WPE02,1,2023,K4A,8,A,CODR,0.404,2
WPE02,1,2023,K4A,8,A,CODR,0.487,2
WPE02,1,2023,K4A,8,A,CODR,0.394,2
WPE02,1,2023,K4A,8,A,CODR,0.491,2
WPE02,1,2023,K4A,8,A,RHGL,1.027,2
WPE02,1,2023,K4A,8,A,CODR,0.395,4
WPE02,1,2023,K4A,8,A,CODR,0.462,4
WPE02,1,2023,K4A,8,A,CODR,0.515,4
WPE02,1,2023,K4A,8,A,CODR,0.551,4
WPE02,1,2023,K4A,8,A,CODR,0.853,4
WPE02,1,2023,K4A,8,A,CODR,0.903,4
WPE02,1,2023,K4A,8,A,CODR,1.035,4
WPE02,1,2023,K4A,8,A,CODR,0.942,4
WPE02,1,2023,K4A,8,A,CODR,1.079,4
WPE02,1,2023,K4A,8,A,RHGL,0.63,4
WPE02,1,2023,K4A,8,A,RHGL,0.882,4
WPE02,1,2023,K4A,8,A,RHGL,1.503,6
WPE02,1,2023,K4A,8,A,CODR,0.719,6
WPE02,1,2023,K4A,8,A,CODR,0.282,6
WPE02,1,2023,K4A,8,A,CODR,0.203,6
WPE02,1,2023,K4A,8,A,CODR,0.338,8
WPE02,1,2023,K4A,8,A,CODR,0.63,8
WPE02,1,2023,K4A,8,A,CODR,0.732,8
WPE02,1,2023,K4A,8,A,CODR,0.872,8
WPE02,1,2023,K4A,8,A,CODR,0.708,10
WPE02,1,2023,K4A,8,A,CODR,0.51,10
WPE02,1,2023,K4A,8,A,CODR,0.495,10
WPE02,1,2023,K4A,8,A,CODR,0.712,10
WPE02,1,2023,K4A,8,A,CODR,0.439,10
WPE02,1,2023,K4A,8,A,CODR,0.777,10
WPE02,1,2023,K4A,8,A,CODR,0.384,10
WPE02,1,2023,K4A,8,A,CODR,0.719,12
WPE02,1,2023,K4A,8,A,CODR,0.483,12
WPE02,1,2023,K4A,8,A,CODR,1.104,12
WPE02,1,2023,K4A,8,A,CODR,0.492,12
WPE02,1,2023,K4A,8,A,CODR,0.482,12
WPE02,1,2023,K4A,8,A,CODR,0.832,12
WPE02,1,2023,K4A,8,A,CODR,0.627,14
WPE02,1,2023,K4A,8,A,CODR,0.339,14
WPE02,1,2023,K4A,8,A,CODR,0.523,14
WPE02,1,2023,K4A,8,A,CODR,0.351,14
WPE02,1,2023,K4A,8,A,CODR,0.679,16
WPE02,1,2023,K4A,8,A,CODR,0.282,16
WPE02,1,2023,K4A,8,A,CODR,0.315,16
WPE02,1,2023,K4A,8,A,CODR,0.348,16
WPE02,1,2023,K4A,8,A,CODR,0.516,16
WPE02,1,2023,K4A,8,A,CODR,0.573,16
WPE02,1,2023,K4A,8,B,CODR,0.366,2
WPE02,1,2023,K4A,8,B,CODR,0.306,2
WPE02,1,2023,K4A,8,B,CODR,0.416,2
WPE02,1,2023,K4A,8,B,CODR,0.303,2
WPE02,1,2023,K4A,8,B,CODR,0.524,2
WPE02,1,2023,K4A,8,B,CODR,0.372,2
WPE02,1,2023,K4A,8,B,CODR,0.403,2
WPE02,1,2023,K4A,8,B,RHGL,0.991,2
WPE02,1,2023,K4A,8,B,CODR,0.328,4
WPE02,1,2023,K4A,8,B,CODR,0.462,4
WPE02,1,2023,K4A,8,B,CODR,0.494,4
WPE02,1,2023,K4A,8,C,CODR,0.355,2
WPE02,1,2023,K4A,8,C,CODR,0.242,2
WPE02,1,2023,K4A,8,C,CODR,0.802,2
WPE02,1,2023,K4A,8,C,CODR,0.708,2
WPE02,1,2023,K4A,8,C,CODR,0.692,2
WPE02,1,2023,K4A,8,C,CODR,0.6,4
WPE02,1,2023,K4A,8,C,CODR,0.603,4
WPE02,1,2023,K4A,8,C,CODR,0.558,4
WPE02,1,2023,K4A,8,C,CODR,0.534,4
WPE02,1,2023,K4A,8,C,CODR,0.829,4
WPE02,1,2023,K4A,8,C,CODR,0.301,4
WPE02,1,2023,K4A,8,C,CODR,0.367,4
WPE02,1,2023,K4A,8,C,CODR,0.313,4
WPE02,1,2023,K4A,8,C,CODR,0.334,4
WPE02,1,2023,K4A,8,C,CODR,0.705,4
WPE02,1,2023,K4A,8,C,CODR,0.53,6
WPE02,1,2023,K4A,8,C,CODR,0.356,6
WPE02,1,2023,K4A,8,C,CODR,0.492,6
WPE02,1,2023,K4A,8,C,CODR,0.472,6
WPE02,1,2023,K4A,8,C,CODR,0.53,6
WPE02,1,2023,K4A,8,C,CODR,1.056,6
WPE02,1,2023,K4A,8,C,CODR,0.584,6
WPE02,1,2023,K4A,8,C,CODR,0.66,6
WPE02,1,2023,K4A,8,C,CODR,0.547,8
WPE02,1,2023,K4A,8,C,CODR,0.659,8
WPE02,1,2023,K4A,8,C,CODR,0.592,8
WPE02,1,2023,K4A,8,C,CODR,0.174,8
WPE02,1,2023,K4A,8,C,CODR,0.28,8
WPE02,1,2023,K4A,8,C,CODR,0.354,10
WPE02,1,2023,K4A,8,C,CODR,0.227,10
WPE02,1,2023,K4A,9,A,CODR,0.513,2
WPE02,1,2023,K4A,9,A,CODR,0.411,2
WPE02,1,2023,K4A,9,A,CODR,0.784,2
WPE02,1,2023,K4A,9,A,CODR,0.49,2
WPE02,1,2023,K4A,9,A,CODR,0.325,2
WPE02,1,2023,K4A,9,A,CODR,0.285,2
WPE02,1,2023,K4A,9,A,CODR,0.5,2
WPE02,1,2023,K4A,9,A,CODR,0.507,2
WPE02,1,2023,K4A,9,A,CODR,0.427,4
WPE02,1,2023,K4A,9,A,CODR,0.295,4
WPE02,1,2023,K4A,9,A,CODR,0.542,4
WPE02,1,2023,K4A,9,A,CODR,0.459,6
WPE02,1,2023,K4A,9,A,CODR,0.778,8
WPE02,1,2023,K4A,9,A,CODR,0.461,8
WPE02,1,2023,K4A,9,A,CODR,0.227,8
WPE02,1,2023,K4A,9,A,CODR,0.35,8
WPE02,1,2023,K4A,9,A,CODR,0.478,8
WPE02,1,2023,K4A,9,A,CODR,0.3,8
WPE02,1,2023,K4A,9,A,CODR,0.875,14
WPE02,1,2023,K4A,9,A,CODR,0.505,14
WPE02,1,2023,K4A,9,A,CODR,0.254,16
WPE02,1,2023,K4A,9,A,CODR,0.396,16
WPE02,1,2023,K4A,9,B,CODR,0.994,2
WPE02,1,2023,K4A,9,B,CODR,0.865,2
WPE02,1,2023,K4A,9,B,CODR,1.503,2
WPE02,1,2023,K4A,9,B,CODR,1.131,2
WPE02,1,2023,K4A,9,B,CODR,0.804,2
WPE02,1,2023,K4A,9,B,CODR,1.101,4
WPE02,1,2023,K4A,9,B,CODR,0.802,4
WPE02,1,2023,K4A,9,B,CODR,0.732,4
WPE02,1,2023,K4A,9,B,CODR,0.684,4
WPE02,1,2023,K4A,9,B,CODR,0.618,4
WPE02,1,2023,K4A,9,B,CODR,1.395,4
WPE02,1,2023,K4A,9,B,CODR,0.401,4
WPE02,1,2023,K4A,9,B,CODR,0.258,6
WPE02,1,2023,K4A,9,B,CODR,0.349,6
WPE02,1,2023,K4A,9,B,CODR,0.813,6
WPE02,1,2023,K4A,9,B,CODR,0.273,8
WPE02,1,2023,K4A,9,B,CODR,0.321,8
WPE02,1,2023,K4A,9,C,CODR,0.803,2
WPE02,1,2023,K4A,9,C,CODR,0.507,2
WPE02,1,2023,K4A,9,C,CODR,0.497,2
WPE02,1,2023,K4A,9,C,CODR,0.559,2
WPE02,1,2023,K4A,9,C,CODR,0.418,2
WPE02,1,2023,K4A,9,C,CODR,0.616,2
WPE02,1,2023,K4A,9,C,CODR,0.816,2
WPE02,1,2023,K4A,9,C,CODR,0.595,4
WPE02,1,2023,K4A,9,C,CODR,0.241,4
WPE02,1,2023,K4A,9,C,CODR,0.852,4
WPE02,1,2023,K4A,9,C,CODR,0.728,4
WPE02,1,2023,K4A,9,C,CODR,0.572,4
WPE02,1,2023,K4A,9,C,CODR,0.599,10
WPE02,1,2023,K4A,9,C,CODR,0.477,12
WPE02,1,2023,K4A,9,C,CODR,0.461,12
WPE02,1,2023,K4A,9,C,CODR,0.489,12
WPE02,1,2023,K4A,9,C,CODR,0.52,12
WPE02,1,2023,K4A,9,C,CODR,0.524,12
WPE02,1,2023,K4A,9,C,CODR,0.513,12
WPE02,1,2023,K4A,9,C,CODR,0.301,12
WPE02,1,2023,K4A,9,C,CODR,0.519,12
WPE02,1,2023,K4A,9,C,CODR,0.457,12
WPE02,1,2023,K4A,9,C,CODR,0.412,14
WPE02,1,2023,K4A,9,C,CODR,0.685,14
WPE02,1,2023,K4A,9,C,GLTR,0.423,14
WPE02,1,2023,K4A,9,C,CODR,0.451,18
WPE02,1,2023,K4A,9,C,CODR,0.417,18
WPE02,1,2023,K4A,9,C,CODR,0.451,18
WPE02,1,2023,K4A,9,C,CODR,0.424,18
WPE02,1,2023,K4A,9,C,CODR,0.603,22
WPE02,1,2023,K4A,9,C,CODR,0.69,22
WPE02,1,2023,K4A,9,C,CODR,0.424,22
WPE02,1,2023,K4A,9,C,CODR,0.478,22
WPE02,1,2023,K4A,9,C,CODR,0.572,22
WPE02,1,2023,K4A,9,C,CODR,0.728,22
WPE02,1,2023,K4A,10,A,CODR,0.244,6
WPE02,1,2023,K4A,10,A,CODR,0.414,6
WPE02,1,2023,K4A,10,B,CODR,0.413,8
WPE02,1,2023,K4A,10,B,CODR,0.449,10
WPE02,1,2023,K4A,10,B,CODR,0.394,10
WPE02,1,2023,K4A,10,B,CODR,0.407,10
WPE02,1,2023,K4A,10,B,CODR,0.543,10
WPE02,1,2023,K4A,11,C,CODR,0.409,10
WPE02,1,2023,K4A,11,C,CODR,0.56,14
WPE02,1,2023,K4A,11,C,CODR,0.576,14
WPE02,1,2023,K4A,11,C,CODR,0.467,14
WPE02,1,2023,K4A,11,C,CODR,0.324,14
WPE02,1,2023,K4A,12,C,CODR,0.636,2
WPE02,1,2023,K4A,12,C,CODR,0.637,2
WPE02,1,2023,K4A,12,C,CODR,0.376,4
WPE02,1,2023,K4A,12,C,CODR,0.352,4
WPE02,1,2023,K4A,12,C,CODR,0.589,4
